time,measured_c,model_c,phase_current_a
2026-10-03 12:47:31-07:00,,15.0,0.0
2026-10-03 12:47:32-07:00,,15.01,0.0
2026-10-03 12:47:33-07:00,15.0,15.01,0.0
2026-10-03 12:47:34-07:00,15.0,15.02,0.0
2026-10-03 12:47:35-07:00,15.0,15.03,0.0
2026-10-03 12:47:36-07:00,15.0,15.04,0.0
2026-10-03 12:47:37-07:00,15.0,15.04,0.0
2026-10-03 12:47:38-07:00,15.0,15.05,0.0
2026-10-03 12:47:39-07:00,15.0,15.06,0.0
2026-10-03 12:47:40-07:00,15.0,15.07,0.0
2026-10-03 12:47:41-07:00,15.0,15.07,0.0
2026-10-03 12:47:42-07:00,15.0,15.08,0.0
2026-10-03 12:47:43-07:00,15.0,15.09,0.0
2026-10-03 12:47:44-07:00,15.0,15.1,0.0
2026-10-03 12:47:45-07:00,15.0,15.1,0.0
2026-10-03 12:47:46-07:00,15.0,15.11,0.0
2026-10-03 12:47:47-07:00,15.0,15.12,0.0
2026-10-03 12:47:48-07:00,15.0,15.13,0.0
2026-10-03 12:47:49-07:00,15.0,15.13,0.0
2026-10-03 12:47:50-07:00,15.0,15.14,0.0
2026-10-03 12:47:51-07:00,15.0,15.15,0.0
2026-10-03 12:47:52-07:00,15.0,15.15,0.0
2026-10-03 12:47:53-07:00,15.0,15.16,0.0
2026-10-03 12:47:54-07:00,15.0,15.17,0.0
2026-10-03 12:47:55-07:00,15.0,15.18,0.0
2026-10-03 12:47:56-07:00,15.0,15.18,0.0
2026-10-03 12:47:57-07:00,15.0,15.19,0.0
2026-10-03 12:47:58-07:00,15.0,15.2,0.0
2026-10-03 12:47:59-07:00,15.0,15.21,0.0
2026-10-03 12:48:00-07:00,15.0,15.21,0.0
2026-10-03 12:48:01-07:00,15.0,15.22,0.0
2026-10-03 12:48:02-07:00,15.0,15.23,0.0
2026-10-03 12:48:03-07:00,15.0,15.23,0.0
2026-10-03 12:48:04-07:00,15.0,15.24,0.0
2026-10-03 12:48:05-07:00,15.0,15.25,0.0
2026-10-03 12:48:06-07:00,15.0,15.26,0.0
2026-10-03 12:48:07-07:00,15.0,15.26,0.0
2026-10-03 12:48:08-07:00,15.0,15.27,0.0
2026-10-03 12:48:09-07:00,15.0,15.28,0.0
2026-10-03 12:48:10-07:00,15.0,15.28,0.0
2026-10-03 12:48:11-07:00,15.0,15.29,0.0
2026-10-03 12:48:12-07:00,15.0,15.3,0.0
2026-10-03 12:48:13-07:00,15.0,15.31,0.0
2026-10-03 12:48:14-07:00,15.0,15.31,0.0
2026-10-03 12:48:15-07:00,15.0,15.32,0.0
2026-10-03 12:48:16-07:00,15.0,15.33,0.0
2026-10-03 12:48:17-07:00,15.0,15.33,0.0
2026-10-03 12:48:18-07:00,15.0,15.34,0.0
2026-10-03 12:48:19-07:00,15.0,15.35,0.0
2026-10-03 12:48:20-07:00,15.0,15.35,0.0
2026-10-03 12:48:21-07:00,15.0,15.36,0.0
2026-10-03 12:48:22-07:00,15.0,15.37,0.0
2026-10-03 12:48:23-07:00,15.0,15.38,0.0
2026-10-03 12:48:24-07:00,15.0,15.38,0.0
2026-10-03 12:48:25-07:00,15.0,15.39,0.0
2026-10-03 12:48:26-07:00,15.0,15.4,0.0
2026-10-03 12:48:27-07:00,15.0,15.4,0.0
2026-10-03 12:48:28-07:00,15.0,15.41,0.0
2026-10-03 12:48:29-07:00,15.0,15.42,0.0
2026-10-03 12:48:30-07:00,15.0,15.42,0.0
2026-10-03 12:48:31-07:00,15.0,15.43,0.0
2026-10-03 12:48:32-07:00,15.0,15.44,0.0
2026-10-03 12:48:33-07:00,15.0,15.44,0.0
2026-10-03 12:48:34-07:00,15.0,15.45,0.0
2026-10-03 12:48:35-07:00,15.0,15.46,0.0
2026-10-03 12:48:36-07:00,15.0,15.47,0.0
2026-10-03 12:48:37-07:00,15.0,15.47,0.0
2026-10-03 12:48:38-07:00,15.0,15.48,0.0
2026-10-03 12:48:39-07:00,15.0,15.49,0.0
2026-10-03 12:48:40-07:00,15.0,15.49,0.0
2026-10-03 12:48:41-07:00,15.0,15.5,0.0
2026-10-03 12:48:42-07:00,15.0,15.51,0.0
2026-10-03 12:48:43-07:00,15.0,15.51,0.0
2026-10-03 12:48:44-07:00,15.0,15.52,0.0
2026-10-03 12:48:45-07:00,15.0,15.53,0.0
2026-10-03 12:48:46-07:00,15.0,15.53,0.0
2026-10-03 12:48:47-07:00,15.0,15.54,0.0
2026-10-03 12:48:48-07:00,15.0,15.55,0.0
2026-10-03 12:48:49-07:00,15.0,15.55,0.0
2026-10-03 12:48:50-07:00,15.0,15.56,0.0
2026-10-03 12:48:51-07:00,15.0,15.57,0.0
2026-10-03 12:48:52-07:00,15.0,15.57,0.0
2026-10-03 12:48:53-07:00,15.0,15.58,0.0
2026-10-03 12:48:54-07:00,15.0,15.59,0.0
2026-10-03 12:48:55-07:00,15.0,15.59,0.0
2026-10-03 12:48:56-07:00,15.0,15.6,0.0
2026-10-03 12:48:57-07:00,15.0,15.61,0.0
2026-10-03 12:48:58-07:00,15.0,15.61,0.0
2026-10-03 12:48:59-07:00,15.0,15.62,0.0
2026-10-03 12:49:00-07:00,15.0,15.63,0.0
2026-10-03 12:49:01-07:00,15.0,15.63,0.0
2026-10-03 12:49:02-07:00,15.0,15.64,0.0
2026-10-03 12:49:03-07:00,15.0,15.65,0.0
2026-10-03 12:49:04-07:00,15.0,15.65,0.0
2026-10-03 12:49:05-07:00,15.0,15.66,0.0
2026-10-03 12:49:06-07:00,15.0,15.67,0.0
2026-10-03 12:49:07-07:00,15.0,15.67,0.0
2026-10-03 12:49:08-07:00,15.0,15.68,0.0
2026-10-03 12:49:09-07:00,15.0,15.69,0.0
2026-10-03 12:49:10-07:00,15.0,15.69,0.0
2026-10-03 12:49:11-07:00,15.0,15.7,0.0
2026-10-03 12:49:12-07:00,15.0,15.71,0.0
2026-10-03 12:49:13-07:00,15.0,15.71,0.0
2026-10-03 12:49:14-07:00,15.0,15.72,0.0
2026-10-03 12:49:15-07:00,15.0,15.73,0.0
2026-10-03 12:49:16-07:00,15.0,15.73,0.0
2026-10-03 12:49:17-07:00,15.0,15.74,0.0
2026-10-03 12:49:18-07:00,15.0,15.75,0.0
2026-10-03 12:49:19-07:00,15.0,15.75,0.0
2026-10-03 12:49:20-07:00,15.0,15.76,0.0
2026-10-03 12:49:21-07:00,15.0,15.77,0.0
2026-10-03 12:49:22-07:00,15.0,15.77,0.0
2026-10-03 12:49:23-07:00,15.0,15.78,0.0
2026-10-03 12:49:24-07:00,15.0,15.79,0.0
2026-10-03 12:49:25-07:00,15.0,15.79,0.0
2026-10-03 12:49:26-07:00,15.0,15.8,0.0
2026-10-03 12:49:27-07:00,15.0,15.8,0.0
2026-10-03 12:49:28-07:00,15.0,15.81,0.0
2026-10-03 12:49:29-07:00,15.0,15.82,0.0
2026-10-03 12:49:30-07:00,15.0,15.82,0.0
2026-10-03 12:49:31-07:00,15.0,15.83,0.0
2026-10-03 12:49:32-07:00,15.0,15.84,0.0
2026-10-03 12:49:33-07:00,15.0,15.84,0.0
2026-10-03 12:49:34-07:00,15.0,15.85,0.0
2026-10-03 12:49:35-07:00,15.0,15.86,0.0
2026-10-03 12:49:36-07:00,15.0,15.86,0.0
2026-10-03 12:49:37-07:00,15.0,15.87,0.0
2026-10-03 12:49:38-07:00,15.0,15.88,0.0
2026-10-03 12:49:39-07:00,15.0,15.88,0.0
2026-10-03 12:49:40-07:00,15.0,15.89,0.0
2026-10-03 12:49:41-07:00,15.0,15.89,0.0
2026-10-03 12:49:42-07:00,15.0,15.9,0.0
2026-10-03 12:49:43-07:00,15.0,15.91,0.0
2026-10-03 12:49:44-07:00,15.0,15.91,0.0
2026-10-03 12:49:45-07:00,15.0,15.92,0.0
2026-10-03 12:49:46-07:00,15.0,15.93,0.0
2026-10-03 12:49:47-07:00,15.0,15.93,0.0
2026-10-03 12:49:48-07:00,15.0,15.94,0.0
2026-10-03 12:49:49-07:00,15.0,15.94,0.0
2026-10-03 12:49:50-07:00,15.0,15.95,0.0
2026-10-03 12:49:51-07:00,15.0,15.96,0.0
2026-10-03 12:49:52-07:00,15.0,15.96,0.0
2026-10-03 12:49:53-07:00,15.0,15.97,0.0
2026-10-03 12:49:54-07:00,15.0,15.98,0.0
2026-10-03 12:49:55-07:00,15.0,15.98,0.0
2026-10-03 12:49:56-07:00,15.0,15.99,0.0
2026-10-03 12:49:57-07:00,15.0,15.99,0.0
2026-10-03 12:49:58-07:00,15.0,16.0,0.0
2026-10-03 12:49:59-07:00,15.0,16.01,0.0
2026-10-03 12:50:00-07:00,15.0,16.01,0.0
2026-10-03 12:50:01-07:00,15.0,16.02,0.0
2026-10-03 12:50:02-07:00,15.0,16.03,0.0
2026-10-03 12:50:03-07:00,15.0,16.03,0.0
2026-10-03 12:50:04-07:00,15.0,16.04,0.0
2026-10-03 12:50:05-07:00,15.0,16.04,0.0
2026-10-03 12:50:06-07:00,15.0,16.05,0.0
2026-10-03 12:50:07-07:00,15.0,16.06,0.0
2026-10-03 12:50:08-07:00,15.0,16.06,0.0
2026-10-03 12:50:09-07:00,15.0,16.07,0.0
2026-10-03 12:50:10-07:00,15.0,16.07,0.0
2026-10-03 12:50:11-07:00,15.0,16.08,0.0
2026-10-03 12:50:12-07:00,15.0,16.09,0.0
2026-10-03 12:50:13-07:00,15.0,16.09,0.0
2026-10-03 12:50:14-07:00,15.0,16.1,0.0
2026-10-03 12:50:15-07:00,15.0,16.11,0.0
2026-10-03 12:50:16-07:00,15.0,16.11,0.0
2026-10-03 12:50:17-07:00,15.0,16.12,0.0
2026-10-03 12:50:18-07:00,15.0,16.12,0.0
2026-10-03 12:50:19-07:00,15.0,16.13,0.0
2026-10-03 12:50:20-07:00,15.0,16.14,0.0
2026-10-03 12:50:21-07:00,15.0,16.14,0.0
2026-10-03 12:50:22-07:00,15.0,16.15,0.0
2026-10-03 12:50:23-07:00,15.0,16.15,0.0
2026-10-03 12:50:24-07:00,15.0,16.16,0.0
2026-10-03 12:50:25-07:00,15.0,16.17,0.0
2026-10-03 12:50:26-07:00,15.0,16.17,0.0
2026-10-03 12:50:27-07:00,15.0,16.18,0.0
2026-10-03 12:50:28-07:00,15.0,16.18,0.0
2026-10-03 12:50:29-07:00,15.0,16.19,0.0
2026-10-03 12:50:30-07:00,15.0,16.2,0.0
2026-10-03 12:50:31-07:00,15.0,16.2,0.0
2026-10-03 12:50:32-07:00,15.0,16.21,0.0
2026-10-03 12:50:33-07:00,15.0,16.21,0.0
2026-10-03 12:50:34-07:00,15.0,16.22,0.0
2026-10-03 12:50:35-07:00,15.0,16.22,0.0
2026-10-03 12:50:36-07:00,15.0,16.23,0.0
2026-10-03 12:50:37-07:00,15.0,16.24,0.0
2026-10-03 12:50:38-07:00,15.0,16.24,0.0
2026-10-03 12:50:39-07:00,15.0,16.25,0.0
2026-10-03 12:50:40-07:00,15.0,16.25,0.0
2026-10-03 12:50:41-07:00,15.0,16.26,0.0
2026-10-03 12:50:42-07:00,15.0,16.27,0.0
2026-10-03 12:50:43-07:00,15.0,16.27,0.0
2026-10-03 12:50:44-07:00,15.0,16.28,0.0
2026-10-03 12:50:45-07:00,15.0,16.28,0.0
2026-10-03 12:50:46-07:00,15.0,16.29,0.0
2026-10-03 12:50:47-07:00,15.0,16.3,0.0
2026-10-03 12:50:48-07:00,15.0,16.3,0.0
2026-10-03 12:50:49-07:00,15.0,16.31,0.0
2026-10-03 12:50:50-07:00,15.0,16.31,0.0
2026-10-03 12:50:51-07:00,15.0,16.32,0.0
2026-10-03 12:50:52-07:00,15.0,16.32,0.0
2026-10-03 12:50:53-07:00,15.0,16.33,0.0
2026-10-03 12:50:54-07:00,15.0,16.34,0.0
2026-10-03 12:50:55-07:00,15.0,16.34,0.0
2026-10-03 12:50:56-07:00,15.0,16.35,0.0
2026-10-03 12:50:57-07:00,15.0,16.35,0.0
2026-10-03 12:50:58-07:00,15.0,16.36,0.0
2026-10-03 12:50:59-07:00,15.0,16.36,0.0
2026-10-03 12:51:00-07:00,15.0,16.37,0.0
2026-10-03 12:51:01-07:00,15.0,16.38,0.0
2026-10-03 12:51:02-07:00,15.0,16.38,0.0
2026-10-03 12:51:03-07:00,15.0,16.39,0.0
2026-10-03 12:51:04-07:00,15.0,16.39,0.0
2026-10-03 12:51:05-07:00,15.0,16.4,0.0
2026-10-03 12:51:06-07:00,15.0,16.4,0.0
2026-10-03 12:51:07-07:00,15.0,16.41,0.0
2026-10-03 12:51:08-07:00,15.0,16.42,0.0
2026-10-03 12:51:09-07:00,15.0,16.42,0.0
2026-10-03 12:51:10-07:00,15.0,16.43,0.0
2026-10-03 12:51:11-07:00,15.0,16.43,0.0
2026-10-03 12:51:12-07:00,15.0,16.44,0.0
2026-10-03 12:51:13-07:00,15.0,16.44,0.0
2026-10-03 12:51:14-07:00,15.0,16.45,0.0
2026-10-03 12:51:15-07:00,15.0,16.46,0.0
2026-10-03 12:51:16-07:00,15.0,16.46,0.0
2026-10-03 12:51:17-07:00,15.0,16.47,0.0
2026-10-03 12:51:18-07:00,15.0,16.47,0.0
2026-10-03 12:51:19-07:00,15.0,16.48,0.0
2026-10-03 12:51:20-07:00,15.0,16.48,0.0
2026-10-03 12:51:21-07:00,15.0,16.49,0.0
2026-10-03 12:51:22-07:00,15.0,16.49,0.0
2026-10-03 12:51:23-07:00,15.0,16.5,0.0
2026-10-03 12:51:24-07:00,15.0,16.51,0.0
2026-10-03 12:51:25-07:00,15.0,16.51,0.0
2026-10-03 12:51:26-07:00,15.0,16.52,0.0
2026-10-03 12:51:27-07:00,15.0,16.52,0.0
2026-10-03 12:51:28-07:00,15.0,16.53,0.0
2026-10-03 12:51:29-07:00,15.0,16.53,0.0
2026-10-03 12:51:30-07:00,15.0,16.54,0.0
2026-10-03 12:51:31-07:00,15.0,16.54,0.0
2026-10-03 12:51:32-07:00,15.0,16.55,0.0
2026-10-03 12:51:33-07:00,15.0,16.56,0.0
2026-10-03 12:51:34-07:00,15.0,16.56,0.0
2026-10-03 12:51:35-07:00,15.0,16.57,0.0
2026-10-03 12:51:36-07:00,15.0,16.57,0.0
2026-10-03 12:51:37-07:00,15.0,16.58,0.0
2026-10-03 12:51:38-07:00,15.0,16.58,0.0
2026-10-03 12:51:39-07:00,15.0,16.59,0.0
2026-10-03 12:51:40-07:00,15.0,16.59,0.0
2026-10-03 12:51:41-07:00,15.0,16.6,0.0
2026-10-03 12:51:42-07:00,15.0,16.6,0.0
2026-10-03 12:51:43-07:00,15.0,16.61,0.0
2026-10-03 12:51:44-07:00,15.0,16.62,0.0
2026-10-03 12:51:45-07:00,15.0,16.62,0.0
2026-10-03 12:51:46-07:00,15.0,16.63,0.0
2026-10-03 12:51:47-07:00,15.0,16.63,0.0
2026-10-03 12:51:48-07:00,15.0,16.64,0.0
2026-10-03 12:51:49-07:00,15.0,16.64,0.0
2026-10-03 12:51:50-07:00,15.0,16.65,0.0
2026-10-03 12:51:51-07:00,15.0,16.65,0.0
2026-10-03 12:51:52-07:00,15.0,16.66,0.0
2026-10-03 12:51:53-07:00,15.0,16.66,0.0
2026-10-03 12:51:54-07:00,15.0,16.67,0.0
2026-10-03 12:51:55-07:00,15.0,16.67,0.0
2026-10-03 12:51:56-07:00,15.0,16.68,0.0
2026-10-03 12:51:57-07:00,15.0,16.69,0.0
2026-10-03 12:51:58-07:00,15.0,16.69,0.0
2026-10-03 12:51:59-07:00,15.0,16.7,0.0
2026-10-03 12:52:00-07:00,15.0,16.7,0.0
2026-10-03 12:52:01-07:00,15.0,16.71,0.0
2026-10-03 12:52:02-07:00,15.0,16.71,0.0
2026-10-03 12:52:03-07:00,15.0,16.72,0.0
2026-10-03 12:52:04-07:00,15.0,16.72,0.0
2026-10-03 12:52:05-07:00,15.0,16.73,0.0
2026-10-03 12:52:06-07:00,15.0,16.73,0.0
2026-10-03 12:52:07-07:00,15.0,16.74,0.0
2026-10-03 12:52:08-07:00,15.0,16.74,0.0
2026-10-03 12:52:09-07:00,15.0,16.75,0.0
2026-10-03 12:52:10-07:00,15.0,16.75,0.0
2026-10-03 12:52:11-07:00,15.0,16.76,0.0
2026-10-03 12:52:12-07:00,15.0,16.76,0.0
2026-10-03 12:52:13-07:00,15.0,16.77,0.0
2026-10-03 12:52:14-07:00,15.0,16.78,0.0
2026-10-03 12:52:15-07:00,15.0,16.78,0.0
2026-10-03 12:52:16-07:00,15.0,16.79,0.0
2026-10-03 12:52:17-07:00,15.0,16.79,0.0
2026-10-03 12:52:18-07:00,15.0,16.8,0.0
2026-10-03 12:52:19-07:00,15.0,16.8,0.0
2026-10-03 12:52:20-07:00,15.0,16.81,0.0
2026-10-03 12:52:21-07:00,15.0,16.81,0.0
2026-10-03 12:52:22-07:00,15.0,16.82,0.0
2026-10-03 12:52:23-07:00,15.0,16.82,0.0
2026-10-03 12:52:24-07:00,15.0,16.83,0.0
2026-10-03 12:52:25-07:00,15.0,16.83,0.0
2026-10-03 12:52:26-07:00,15.0,16.84,0.0
2026-10-03 12:52:27-07:00,15.0,16.84,0.0
2026-10-03 12:52:28-07:00,15.0,16.85,0.0
2026-10-03 12:52:29-07:00,15.0,16.85,0.0
2026-10-03 12:52:30-07:00,15.0,16.86,0.0
2026-10-03 12:52:31-07:00,15.0,16.86,0.0
2026-10-03 12:52:32-07:00,15.0,16.87,0.0
2026-10-03 12:52:33-07:00,15.0,16.87,0.0
2026-10-03 12:52:34-07:00,15.0,16.88,0.0
2026-10-03 12:52:35-07:00,15.0,16.88,0.0
2026-10-03 12:52:36-07:00,15.0,16.89,0.0
2026-10-03 12:52:37-07:00,15.0,16.89,0.0
2026-10-03 12:52:38-07:00,15.0,16.9,0.0
2026-10-03 12:52:39-07:00,15.0,16.9,0.0
2026-10-03 12:52:40-07:00,15.0,16.91,0.0
2026-10-03 12:52:41-07:00,15.0,16.91,0.0
2026-10-03 12:52:42-07:00,15.0,16.92,0.0
2026-10-03 12:52:43-07:00,15.0,16.92,0.0
2026-10-03 12:52:44-07:00,15.0,16.93,0.0
2026-10-03 12:52:45-07:00,15.0,16.93,0.0
2026-10-03 12:52:46-07:00,15.0,16.94,0.0
2026-10-03 12:52:47-07:00,15.0,16.94,0.0
2026-10-03 12:52:48-07:00,15.0,16.95,0.0
2026-10-03 12:52:49-07:00,15.0,16.95,0.0
2026-10-03 12:52:50-07:00,15.0,16.96,0.0
2026-10-03 12:52:51-07:00,15.0,16.96,0.0
2026-10-03 12:52:52-07:00,15.0,16.97,0.0
2026-10-03 12:52:53-07:00,15.0,16.97,0.0
2026-10-03 12:52:54-07:00,15.0,16.98,0.0
2026-10-03 12:52:55-07:00,15.0,16.98,0.0
2026-10-03 12:52:56-07:00,15.0,16.99,0.0
2026-10-03 12:52:57-07:00,15.0,16.99,0.0
2026-10-03 12:52:58-07:00,15.0,17.0,0.0
2026-10-03 12:52:59-07:00,15.0,17.0,0.0
2026-10-03 12:53:00-07:00,15.0,17.01,0.0
2026-10-03 12:53:01-07:00,15.0,17.01,0.0
2026-10-03 12:53:02-07:00,15.0,17.02,0.0
2026-10-03 12:53:03-07:00,15.0,17.02,0.0
2026-10-03 12:53:04-07:00,15.0,17.03,0.0
2026-10-03 12:53:05-07:00,15.0,17.03,0.0
2026-10-03 12:53:06-07:00,15.0,17.04,0.0
2026-10-03 12:53:07-07:00,15.0,17.04,0.0
2026-10-03 12:53:08-07:00,15.0,17.05,0.0
2026-10-03 12:53:09-07:00,15.0,17.05,0.0
2026-10-03 12:53:10-07:00,15.0,17.06,0.0
2026-10-03 12:53:11-07:00,15.0,17.06,0.0
2026-10-03 12:53:12-07:00,15.0,17.07,0.0
2026-10-03 12:53:13-07:00,15.0,17.07,0.0
2026-10-03 12:53:14-07:00,15.0,17.08,0.0
2026-10-03 12:53:15-07:00,15.0,17.08,0.0
2026-10-03 12:53:16-07:00,15.0,17.09,0.0
2026-10-03 12:53:17-07:00,15.0,17.09,0.0
2026-10-03 12:53:18-07:00,15.0,17.1,0.0
2026-10-03 12:53:19-07:00,15.0,17.1,0.0
2026-10-03 12:53:20-07:00,15.0,17.11,0.0
2026-10-03 12:53:21-07:00,15.0,17.11,0.0
2026-10-03 12:53:22-07:00,15.0,17.12,0.0
2026-10-03 12:53:23-07:00,15.0,17.12,0.0
2026-10-03 12:53:24-07:00,15.0,17.12,0.0
2026-10-03 12:53:25-07:00,15.0,17.13,0.0
2026-10-03 12:53:26-07:00,15.0,17.13,0.0
2026-10-03 12:53:27-07:00,15.0,17.14,0.0
2026-10-03 12:53:28-07:00,15.0,17.14,0.0
2026-10-03 12:53:29-07:00,15.0,17.15,0.0
2026-10-03 12:53:30-07:00,15.0,17.15,0.0
2026-10-03 12:53:31-07:00,15.0,17.16,0.0
2026-10-03 12:53:32-07:00,15.0,17.16,0.0
2026-10-03 12:53:33-07:00,15.0,17.17,0.0
2026-10-03 12:53:34-07:00,15.0,17.17,0.0
2026-10-03 12:53:35-07:00,15.0,17.18,0.0
2026-10-03 12:53:36-07:00,15.0,17.18,0.0
2026-10-03 12:53:37-07:00,15.0,17.19,0.0
2026-10-03 12:53:38-07:00,15.0,17.19,0.0
2026-10-03 12:53:39-07:00,15.0,17.2,0.0
2026-10-03 12:53:40-07:00,15.0,17.2,0.0
2026-10-03 12:53:41-07:00,15.0,17.21,0.0
2026-10-03 12:53:42-07:00,15.0,17.21,0.0
2026-10-03 12:53:43-07:00,15.0,17.21,0.0
2026-10-03 12:53:44-07:00,15.0,17.22,0.0
2026-10-03 12:53:45-07:00,15.0,17.22,0.0
2026-10-03 12:53:46-07:00,15.0,17.23,0.0
2026-10-03 12:53:47-07:00,15.0,17.23,0.0
2026-10-03 12:53:48-07:00,15.0,17.24,0.0
2026-10-03 12:53:49-07:00,15.0,17.24,0.0
2026-10-03 12:53:50-07:00,15.0,17.25,0.0
2026-10-03 12:53:51-07:00,15.0,17.25,0.0
2026-10-03 12:53:52-07:00,15.0,17.26,0.0
2026-10-03 12:53:53-07:00,15.0,17.26,0.0
2026-10-03 12:53:54-07:00,15.0,17.27,0.0
2026-10-03 12:53:55-07:00,15.0,17.27,0.0
2026-10-03 12:53:56-07:00,15.0,17.27,0.0
2026-10-03 12:53:57-07:00,15.0,17.28,0.0
2026-10-03 12:53:58-07:00,15.0,17.28,0.0
2026-10-03 12:53:59-07:00,15.0,17.29,0.0
2026-10-03 12:54:00-07:00,15.0,17.29,0.0
2026-10-03 12:54:01-07:00,15.0,17.3,0.0
2026-10-03 12:54:02-07:00,15.0,17.3,0.0
2026-10-03 12:54:03-07:00,15.0,17.31,0.0
2026-10-03 12:54:04-07:00,15.0,17.31,0.0
2026-10-03 12:54:05-07:00,15.0,17.32,0.0
2026-10-03 12:54:06-07:00,15.0,17.32,0.0
2026-10-03 12:54:07-07:00,15.0,17.32,0.0
2026-10-03 12:54:08-07:00,15.0,17.33,0.0
2026-10-03 12:54:09-07:00,15.0,17.33,0.0
2026-10-03 12:54:10-07:00,15.0,17.34,0.0
2026-10-03 12:54:11-07:00,15.0,17.34,0.0
2026-10-03 12:54:12-07:00,15.0,17.35,0.0
2026-10-03 12:54:13-07:00,15.0,17.35,0.0
2026-10-03 12:54:14-07:00,15.0,17.36,0.0
2026-10-03 12:54:15-07:00,15.0,17.36,0.0
2026-10-03 12:54:16-07:00,15.0,17.37,0.0
2026-10-03 12:54:17-07:00,15.0,17.37,0.0
2026-10-03 12:54:18-07:00,15.0,17.37,0.0
2026-10-03 12:54:19-07:00,15.0,17.38,0.0
2026-10-03 12:54:20-07:00,15.0,17.38,0.0
2026-10-03 12:54:21-07:00,15.0,17.39,0.0
2026-10-03 12:54:22-07:00,15.0,17.39,0.0
2026-10-03 12:54:23-07:00,15.0,17.4,0.0
2026-10-03 12:54:24-07:00,15.0,17.4,0.0
2026-10-03 12:54:25-07:00,15.0,17.41,0.0
2026-10-03 12:54:26-07:00,15.0,17.41,0.0
2026-10-03 12:54:27-07:00,15.0,17.41,0.0
2026-10-03 12:54:28-07:00,15.0,17.42,0.0
2026-10-03 12:54:29-07:00,15.0,17.42,0.0
2026-10-03 12:54:30-07:00,15.0,17.43,0.0
2026-10-03 12:54:31-07:00,15.0,17.43,0.0
2026-10-03 12:54:32-07:00,15.0,17.44,0.0
2026-10-03 12:54:33-07:00,15.0,17.44,0.0
2026-10-03 12:54:34-07:00,15.0,17.44,0.0
2026-10-03 12:54:35-07:00,15.0,17.45,0.0
2026-10-03 12:54:36-07:00,15.0,17.45,0.0
2026-10-03 12:54:37-07:00,15.0,17.46,0.0
2026-10-03 12:54:38-07:00,15.0,17.46,0.0
2026-10-03 12:54:39-07:00,15.0,17.47,0.0
2026-10-03 12:54:40-07:00,15.0,17.47,0.0
2026-10-03 12:54:41-07:00,15.0,17.48,0.0
2026-10-03 12:54:42-07:00,15.0,17.48,0.0
2026-10-03 12:54:43-07:00,15.0,17.48,0.0
2026-10-03 12:54:44-07:00,15.0,17.49,0.0
2026-10-03 12:54:45-07:00,15.0,17.49,0.0
2026-10-03 12:54:46-07:00,15.0,17.5,0.0
2026-10-03 12:54:47-07:00,15.0,17.5,0.0
2026-10-03 12:54:48-07:00,15.0,17.51,0.0
2026-10-03 12:54:49-07:00,15.0,17.51,0.0
2026-10-03 12:54:50-07:00,15.0,17.51,0.0
2026-10-03 12:54:51-07:00,15.0,17.52,0.0
2026-10-03 12:54:52-07:00,15.0,17.52,0.0
2026-10-03 12:54:53-07:00,15.0,17.53,0.0
2026-10-03 12:54:54-07:00,15.0,17.53,0.0
2026-10-03 12:54:55-07:00,15.0,17.54,0.0
2026-10-03 12:54:56-07:00,15.0,17.54,0.0
2026-10-03 12:54:57-07:00,15.0,17.54,0.0
2026-10-03 12:54:58-07:00,15.0,17.55,0.0
2026-10-03 12:54:59-07:00,15.0,17.55,0.0
2026-10-03 12:55:00-07:00,15.0,17.56,0.0
2026-10-03 12:55:01-07:00,15.0,17.56,0.0
2026-10-03 12:55:02-07:00,15.0,17.57,0.0
2026-10-03 12:55:03-07:00,15.0,17.57,0.0
2026-10-03 12:55:04-07:00,15.0,17.57,0.0
2026-10-03 12:55:05-07:00,15.0,17.58,0.0
2026-10-03 12:55:06-07:00,15.0,17.58,0.0
2026-10-03 12:55:07-07:00,15.0,17.59,0.0
2026-10-03 12:55:08-07:00,15.0,17.59,0.0
2026-10-03 12:55:09-07:00,15.0,17.59,0.0
2026-10-03 12:55:10-07:00,15.0,17.6,0.0
2026-10-03 12:55:11-07:00,15.0,17.6,0.0
2026-10-03 12:55:12-07:00,15.0,17.61,0.0
2026-10-03 12:55:13-07:00,15.0,17.61,0.0
2026-10-03 12:55:14-07:00,15.0,17.62,0.0
2026-10-03 12:55:15-07:00,15.0,17.62,0.0
2026-10-03 12:55:16-07:00,15.0,17.62,0.0
2026-10-03 12:55:17-07:00,15.0,17.63,0.0
2026-10-03 12:55:18-07:00,15.0,17.63,0.0
2026-10-03 12:55:19-07:00,15.0,17.64,0.0
2026-10-03 12:55:20-07:00,15.0,17.64,0.0
2026-10-03 12:55:21-07:00,15.0,17.64,0.0
2026-10-03 12:55:22-07:00,15.0,17.65,0.0
2026-10-03 12:55:23-07:00,15.0,17.65,0.0
2026-10-03 12:55:24-07:00,15.0,17.66,0.0
2026-10-03 12:55:25-07:00,15.0,17.66,0.0
2026-10-03 12:55:26-07:00,15.0,17.67,0.0
2026-10-03 12:55:27-07:00,15.0,17.67,0.0
2026-10-03 12:55:28-07:00,15.0,17.67,0.0
2026-10-03 12:55:29-07:00,15.0,17.68,0.0
2026-10-03 12:55:30-07:00,15.0,17.68,0.0
2026-10-03 12:55:31-07:00,15.0,17.69,0.0
2026-10-03 12:55:32-07:00,15.0,17.69,0.0
2026-10-03 12:55:33-07:00,15.0,17.69,0.0
2026-10-03 12:55:34-07:00,15.0,17.7,0.0
2026-10-03 12:55:35-07:00,15.0,17.7,0.0
2026-10-03 12:55:36-07:00,15.0,17.71,0.0
2026-10-03 12:55:37-07:00,15.0,17.71,0.0
2026-10-03 12:55:38-07:00,15.0,17.71,0.0
2026-10-03 12:55:39-07:00,15.0,17.72,0.0
2026-10-03 12:55:40-07:00,15.0,17.72,0.0
2026-10-03 12:55:41-07:00,15.0,17.73,0.0
2026-10-03 12:55:42-07:00,15.0,17.73,0.0
2026-10-03 12:55:43-07:00,15.0,17.73,0.0
2026-10-03 12:55:44-07:00,15.0,17.74,0.0
2026-10-03 12:55:45-07:00,15.0,17.74,0.0
2026-10-03 12:55:46-07:00,15.0,17.75,0.0
2026-10-03 12:55:47-07:00,15.0,17.75,0.0
2026-10-03 12:55:48-07:00,15.0,17.75,0.0
2026-10-03 12:55:49-07:00,15.0,17.76,0.0
2026-10-03 12:55:50-07:00,15.0,17.76,0.0
2026-10-03 12:55:51-07:00,15.0,17.77,0.0
2026-10-03 12:55:52-07:00,15.0,17.77,0.0
2026-10-03 12:55:53-07:00,15.0,17.77,0.0
2026-10-03 12:55:54-07:00,15.0,17.78,0.0
2026-10-03 12:55:55-07:00,15.0,17.78,0.0
2026-10-03 12:55:56-07:00,15.0,17.79,0.0
2026-10-03 12:55:57-07:00,15.0,17.79,0.0
2026-10-03 12:55:58-07:00,15.0,17.79,0.0
2026-10-03 12:55:59-07:00,15.0,17.8,0.0
2026-10-03 12:56:00-07:00,15.0,17.8,0.0
2026-10-03 12:56:01-07:00,15.0,17.81,0.0
2026-10-03 12:56:02-07:00,15.0,17.81,0.0
2026-10-03 12:56:03-07:00,15.0,17.81,0.0
2026-10-03 12:56:04-07:00,15.0,17.82,0.0
2026-10-03 12:56:05-07:00,15.0,17.82,0.0
2026-10-03 12:56:06-07:00,15.0,17.82,0.0
2026-10-03 12:56:07-07:00,15.0,17.83,0.0
2026-10-03 12:56:08-07:00,15.0,17.83,0.0
2026-10-03 12:56:09-07:00,15.0,17.84,0.0
2026-10-03 12:56:10-07:00,15.0,17.84,0.0
2026-10-03 12:56:11-07:00,15.0,17.84,0.0
2026-10-03 12:56:12-07:00,15.0,17.85,0.0
2026-10-03 12:56:13-07:00,15.0,17.85,0.0
2026-10-03 12:56:14-07:00,15.0,17.86,0.0
2026-10-03 12:56:15-07:00,15.0,17.86,0.0
2026-10-03 12:56:16-07:00,15.0,17.86,0.0
2026-10-03 12:56:17-07:00,15.0,17.87,0.0
2026-10-03 12:56:18-07:00,15.0,17.87,0.0
2026-10-03 12:56:19-07:00,15.0,17.88,0.0
2026-10-03 12:56:20-07:00,15.0,17.88,0.0
2026-10-03 12:56:21-07:00,15.0,17.88,0.0
2026-10-03 12:56:22-07:00,15.0,17.89,0.0
2026-10-03 12:56:23-07:00,15.0,17.89,0.0
2026-10-03 12:56:24-07:00,15.0,17.89,0.0
2026-10-03 12:56:25-07:00,15.0,17.9,0.0
2026-10-03 12:56:26-07:00,15.0,17.9,0.0
2026-10-03 12:56:27-07:00,15.0,17.91,0.0
2026-10-03 12:56:28-07:00,15.0,17.91,0.0
2026-10-03 12:56:29-07:00,15.0,17.91,0.0
2026-10-03 12:56:30-07:00,15.0,17.92,0.0
2026-10-03 12:56:31-07:00,15.0,17.92,0.0
2026-10-03 12:56:32-07:00,15.0,17.92,0.0
2026-10-03 12:56:33-07:00,15.0,17.93,0.0
2026-10-03 12:56:34-07:00,15.0,17.93,0.0
2026-10-03 12:56:35-07:00,15.0,17.94,0.0
2026-10-03 12:56:36-07:00,15.0,17.94,0.0
2026-10-03 12:56:37-07:00,15.0,17.94,0.0
2026-10-03 12:56:38-07:00,15.0,17.95,0.0
2026-10-03 12:56:39-07:00,15.0,17.95,0.0
2026-10-03 12:56:40-07:00,15.0,17.95,0.0
2026-10-03 12:56:41-07:00,15.0,17.96,0.0
2026-10-03 12:56:42-07:00,15.0,17.96,0.0
2026-10-03 12:56:43-07:00,15.0,17.97,0.0
2026-10-03 12:56:44-07:00,15.0,17.97,0.0
2026-10-03 12:56:45-07:00,15.0,17.97,0.0
2026-10-03 12:56:46-07:00,15.0,17.98,0.0
2026-10-03 12:56:47-07:00,15.0,17.98,0.0
2026-10-03 12:56:48-07:00,15.0,17.98,0.0
2026-10-03 12:56:49-07:00,15.0,17.99,0.0
2026-10-03 12:56:50-07:00,15.0,17.99,0.0
2026-10-03 12:56:51-07:00,15.0,18.0,0.0
2026-10-03 12:56:52-07:00,15.0,18.0,0.0
2026-10-03 12:56:53-07:00,15.0,18.0,0.0
2026-10-03 12:56:54-07:00,15.0,18.01,0.0
2026-10-03 12:56:55-07:00,15.0,18.01,0.0
2026-10-03 12:56:56-07:00,15.0,18.01,0.0
2026-10-03 12:56:57-07:00,15.0,18.02,0.0
2026-10-03 12:56:58-07:00,15.0,18.02,0.0
2026-10-03 12:56:59-07:00,15.0,18.02,0.0
2026-10-03 12:57:00-07:00,15.0,18.03,0.0
2026-10-03 12:57:01-07:00,15.0,18.03,0.0
2026-10-03 12:57:02-07:00,15.0,18.04,0.0
2026-10-03 12:57:03-07:00,15.0,18.04,0.0
2026-10-03 12:57:04-07:00,15.0,18.04,0.0
2026-10-03 12:57:05-07:00,15.0,18.05,0.0
2026-10-03 12:57:06-07:00,15.0,18.05,0.0
2026-10-03 12:57:07-07:00,15.0,18.05,0.0
2026-10-03 12:57:08-07:00,15.0,18.06,0.0
2026-10-03 12:57:09-07:00,15.0,18.06,0.0
2026-10-03 12:57:10-07:00,15.0,18.06,0.0
2026-10-03 12:57:11-07:00,15.0,18.07,0.0
2026-10-03 12:57:12-07:00,15.0,18.07,0.0
2026-10-03 12:57:13-07:00,15.0,18.08,0.0
2026-10-03 12:57:14-07:00,15.0,18.08,0.0
2026-10-03 12:57:15-07:00,15.0,18.08,0.0
2026-10-03 12:57:16-07:00,15.0,18.09,0.0
2026-10-03 12:57:17-07:00,15.0,18.09,0.0
2026-10-03 12:57:18-07:00,15.0,18.09,0.0
2026-10-03 12:57:19-07:00,15.0,18.1,0.0
2026-10-03 12:57:20-07:00,15.0,18.1,0.0
2026-10-03 12:57:21-07:00,15.0,18.1,0.0
2026-10-03 12:57:22-07:00,15.0,18.11,0.0
2026-10-03 12:57:23-07:00,15.0,18.11,0.0
2026-10-03 12:57:24-07:00,15.0,18.11,0.0
2026-10-03 12:57:25-07:00,15.0,18.12,0.0
2026-10-03 12:57:26-07:00,15.0,18.12,0.0
2026-10-03 12:57:27-07:00,15.0,18.12,0.0
2026-10-03 12:57:28-07:00,15.0,18.13,0.0
2026-10-03 12:57:29-07:00,15.0,18.13,0.0
2026-10-03 12:57:30-07:00,15.0,18.14,0.0
2026-10-03 12:57:31-07:00,15.0,18.14,0.0
2026-10-03 12:57:32-07:00,15.0,18.14,0.0
2026-10-03 12:57:33-07:00,15.0,18.15,0.0
2026-10-03 12:57:34-07:00,15.0,18.15,0.0
2026-10-03 12:57:35-07:00,15.0,18.15,0.0
2026-10-03 12:57:36-07:00,15.0,18.16,0.0
2026-10-03 12:57:37-07:00,15.0,18.16,0.0
2026-10-03 12:57:38-07:00,15.0,18.16,0.0
2026-10-03 12:57:39-07:00,15.0,18.17,0.0
2026-10-03 12:57:40-07:00,15.0,18.17,0.0
2026-10-03 12:57:41-07:00,15.0,18.17,0.0
2026-10-03 12:57:42-07:00,15.0,18.18,0.0
2026-10-03 12:57:43-07:00,15.0,18.18,0.0
2026-10-03 12:57:44-07:00,15.0,18.18,0.0
2026-10-03 12:57:45-07:00,15.0,18.19,0.0
2026-10-03 12:57:46-07:00,15.0,18.19,0.0
2026-10-03 12:57:47-07:00,15.0,18.19,0.0
2026-10-03 12:57:48-07:00,15.0,18.2,0.0
2026-10-03 12:57:49-07:00,15.0,18.2,0.0
2026-10-03 12:57:50-07:00,15.0,18.2,0.0
2026-10-03 12:57:51-07:00,15.0,18.21,0.0
2026-10-03 12:57:52-07:00,15.0,18.21,0.0
2026-10-03 12:57:53-07:00,15.0,18.21,0.0
2026-10-03 12:57:54-07:00,15.0,18.22,0.0
2026-10-03 12:57:55-07:00,15.0,18.22,0.0
2026-10-03 12:57:56-07:00,15.0,18.23,0.0
2026-10-03 12:57:57-07:00,15.0,18.23,0.0
2026-10-03 12:57:58-07:00,15.0,18.23,0.0
2026-10-03 12:57:59-07:00,15.0,18.24,0.0
2026-10-03 12:58:00-07:00,15.0,18.24,0.0
2026-10-03 12:58:01-07:00,15.0,18.24,0.0
2026-10-03 12:58:02-07:00,15.0,18.25,0.0
2026-10-03 12:58:03-07:00,15.0,18.25,0.0
2026-10-03 12:58:04-07:00,15.0,18.25,0.0
2026-10-03 12:58:05-07:00,15.0,18.26,0.0
2026-10-03 12:58:06-07:00,15.0,18.26,0.0
2026-10-03 12:58:07-07:00,15.0,18.26,0.0
2026-10-03 12:58:08-07:00,15.0,18.27,0.0
2026-10-03 12:58:09-07:00,15.0,18.27,0.0
2026-10-03 12:58:10-07:00,15.0,18.27,0.0
2026-10-03 12:58:11-07:00,15.0,18.28,0.0
2026-10-03 12:58:12-07:00,15.0,18.28,0.0
2026-10-03 12:58:13-07:00,15.0,18.28,0.0
2026-10-03 12:58:14-07:00,15.0,18.29,0.0
2026-10-03 12:58:15-07:00,15.0,18.29,0.0
2026-10-03 12:58:16-07:00,15.0,18.29,0.0
2026-10-03 12:58:17-07:00,15.0,18.3,0.0
2026-10-03 12:58:18-07:00,15.0,18.3,0.0
2026-10-03 12:58:19-07:00,15.0,18.3,0.0
2026-10-03 12:58:20-07:00,15.0,18.31,0.0
2026-10-03 12:58:21-07:00,15.0,18.31,0.0
2026-10-03 12:58:22-07:00,15.0,18.31,0.0
2026-10-03 12:58:23-07:00,15.0,18.32,0.0
2026-10-03 12:58:24-07:00,15.0,18.32,0.0
2026-10-03 12:58:25-07:00,15.0,18.32,0.0
2026-10-03 12:58:26-07:00,15.0,18.32,0.0
2026-10-03 12:58:27-07:00,15.0,18.33,0.0
2026-10-03 12:58:28-07:00,15.0,18.33,0.0
2026-10-03 12:58:29-07:00,15.0,18.33,0.0
2026-10-03 12:58:30-07:00,15.0,18.34,0.0
2026-10-03 12:58:31-07:00,15.0,18.34,0.0
2026-10-03 12:58:32-07:00,15.0,18.34,0.0
2026-10-03 12:58:33-07:00,15.0,18.35,0.0
2026-10-03 12:58:34-07:00,15.0,18.35,0.0
2026-10-03 12:58:35-07:00,15.0,18.35,0.0
2026-10-03 12:58:36-07:00,15.0,18.36,0.0
2026-10-03 12:58:37-07:00,15.0,18.36,0.0
2026-10-03 12:58:38-07:00,15.0,18.36,0.0
2026-10-03 12:58:39-07:00,15.0,18.37,0.0
2026-10-03 12:58:40-07:00,15.0,18.37,0.0
2026-10-03 12:58:41-07:00,15.0,18.37,0.0
2026-10-03 12:58:42-07:00,15.0,18.38,0.0
2026-10-03 12:58:43-07:00,15.0,18.38,0.0
2026-10-03 12:58:44-07:00,15.0,18.38,0.0
2026-10-03 12:58:45-07:00,15.0,18.39,0.0
2026-10-03 12:58:46-07:00,15.0,18.39,0.0
2026-10-03 12:58:47-07:00,15.0,18.39,0.0
2026-10-03 12:58:48-07:00,15.0,18.4,0.0
2026-10-03 12:58:49-07:00,15.0,18.4,0.0
2026-10-03 12:58:50-07:00,15.0,18.4,0.0
2026-10-03 12:58:51-07:00,15.0,18.41,0.0
2026-10-03 12:58:52-07:00,15.0,18.41,138.2
2026-10-03 12:58:53-07:00,15.0,18.47,138.2
2026-10-03 12:58:54-07:00,15.0,18.52,41.2
2026-10-03 12:58:55-07:00,15.0,18.53,41.2
2026-10-03 12:58:56-07:00,15.0,18.54,492.5
2026-10-03 12:58:57-07:00,15.0,19.23,492.5
2026-10-03 12:58:58-07:00,15.0,19.92,106.8
2026-10-03 12:58:59-07:00,15.0,19.95,106.8
2026-10-03 12:59:00-07:00,15.0,19.99,114.5
2026-10-03 12:59:01-07:00,15.0,20.03,114.5
2026-10-03 12:59:02-07:00,15.0,20.07,47.0
2026-10-03 12:59:03-07:00,15.0,20.08,47.0
2026-10-03 12:59:04-07:00,15.0,20.09,40.2
2026-10-03 12:59:05-07:00,15.0,20.09,40.2
2026-10-03 12:59:06-07:00,15.0,20.1,45.0
2026-10-03 12:59:07-07:00,15.0,20.11,45.0
2026-10-03 12:59:08-07:00,15.0,20.12,75.5
2026-10-03 12:59:09-07:00,15.0,20.14,75.5
2026-10-03 12:59:10-07:00,15.0,20.16,60.7
2026-10-03 12:59:11-07:00,15.0,20.17,60.7
2026-10-03 12:59:12-07:00,15.0,20.19,61.5
2026-10-03 12:59:13-07:00,15.0,20.2,61.5
2026-10-03 12:59:14-07:00,15.0,20.21,61.5
2026-10-03 12:59:15-07:00,20.0,20.23,51.1
2026-10-03 12:59:16-07:00,20.0,20.24,51.1
2026-10-03 12:59:17-07:00,20.0,20.25,42.6
2026-10-03 12:59:18-07:00,20.0,20.26,42.6
2026-10-03 12:59:19-07:00,20.0,20.27,60.4
2026-10-03 12:59:20-07:00,20.0,20.28,60.4
2026-10-03 12:59:21-07:00,20.0,20.29,32.9
2026-10-03 12:59:22-07:00,20.0,20.3,32.9
2026-10-03 12:59:23-07:00,20.0,20.31,28.4
2026-10-03 12:59:24-07:00,20.0,20.31,28.4
2026-10-03 12:59:25-07:00,20.0,20.32,19.6
2026-10-03 12:59:26-07:00,20.0,20.32,19.6
2026-10-03 12:59:27-07:00,20.0,20.32,-35.8
2026-10-03 12:59:28-07:00,20.0,20.33,-35.8
2026-10-03 12:59:29-07:00,15.0,20.34,0.0
2026-10-03 12:59:30-07:00,15.0,20.34,0.0
2026-10-03 12:59:31-07:00,15.0,20.34,0.0
2026-10-03 12:59:32-07:00,15.0,20.34,0.0
2026-10-03 12:59:33-07:00,15.0,20.34,0.0
2026-10-03 12:59:34-07:00,15.0,20.34,0.0
2026-10-03 12:59:35-07:00,20.0,20.34,0.0
2026-10-03 12:59:36-07:00,20.0,20.34,0.0
2026-10-03 12:59:37-07:00,20.0,20.34,0.0
2026-10-03 12:59:38-07:00,20.0,20.34,0.0
2026-10-03 12:59:39-07:00,20.0,20.34,0.0
2026-10-03 12:59:40-07:00,20.0,20.34,0.0
2026-10-03 12:59:41-07:00,20.0,20.34,0.0
2026-10-03 12:59:42-07:00,15.0,20.34,0.0
2026-10-03 12:59:43-07:00,15.0,20.35,0.0
2026-10-03 12:59:44-07:00,20.0,20.35,0.0
2026-10-03 12:59:45-07:00,20.0,20.35,0.0
2026-10-03 12:59:46-07:00,20.0,20.35,0.0
2026-10-03 12:59:47-07:00,20.0,20.35,0.0
2026-10-03 12:59:48-07:00,20.0,20.35,0.0
2026-10-03 12:59:49-07:00,20.0,20.35,0.0
2026-10-03 12:59:50-07:00,20.0,20.35,0.0
2026-10-03 12:59:51-07:00,20.0,20.35,0.0
2026-10-03 12:59:52-07:00,20.0,20.35,0.0
2026-10-03 12:59:53-07:00,20.0,20.35,0.0
2026-10-03 12:59:54-07:00,20.0,20.35,0.0
2026-10-03 12:59:55-07:00,20.0,20.35,0.0
2026-10-03 12:59:56-07:00,20.0,20.35,0.0
2026-10-03 12:59:57-07:00,20.0,20.36,0.0
2026-10-03 12:59:58-07:00,20.0,20.36,0.0
2026-10-03 12:59:59-07:00,20.0,20.36,0.0
2026-10-03 13:00:00-07:00,20.0,20.36,0.0
2026-10-03 13:00:01-07:00,20.0,20.36,0.0
2026-10-03 13:00:02-07:00,20.0,20.36,0.0
2026-10-03 13:00:03-07:00,20.0,20.36,0.0
2026-10-03 13:00:04-07:00,20.0,20.36,0.0
2026-10-03 13:00:05-07:00,20.0,20.36,0.0
2026-10-03 13:00:06-07:00,20.0,20.36,0.0
2026-10-03 13:00:07-07:00,20.0,20.36,0.0
2026-10-03 13:00:08-07:00,20.0,20.36,0.0
2026-10-03 13:00:09-07:00,20.0,20.36,0.0
2026-10-03 13:00:10-07:00,20.0,20.36,0.0
2026-10-03 13:00:11-07:00,20.0,20.37,0.0
2026-10-03 13:00:12-07:00,20.0,20.37,0.0
2026-10-03 13:00:13-07:00,20.0,20.37,0.0
2026-10-03 13:00:14-07:00,20.0,20.37,0.0
2026-10-03 13:00:15-07:00,20.0,20.37,107.6
2026-10-03 13:00:16-07:00,20.0,20.4,107.6
2026-10-03 13:00:17-07:00,20.0,20.43,406.5
2026-10-03 13:00:18-07:00,20.0,20.9,406.5
2026-10-03 13:00:19-07:00,20.0,21.37,149.2
2026-10-03 13:00:20-07:00,20.0,21.44,149.2
2026-10-03 13:00:21-07:00,20.0,21.5,238.5
2026-10-03 13:00:22-07:00,20.0,21.66,238.5
2026-10-03 13:00:23-07:00,20.0,21.82,193.2
2026-10-03 13:00:24-07:00,20.0,21.93,193.2
2026-10-03 13:00:25-07:00,20.0,22.04,124.1
2026-10-03 13:00:26-07:00,20.0,22.09,124.1
2026-10-03 13:00:27-07:00,20.0,22.13,-25.5
2026-10-03 13:00:28-07:00,20.0,22.14,-25.5
2026-10-03 13:00:29-07:00,20.0,22.14,0.0
2026-10-03 13:00:30-07:00,20.0,22.14,0.0
2026-10-03 13:00:31-07:00,20.0,22.14,0.0
2026-10-03 13:00:32-07:00,20.0,22.14,0.0
2026-10-03 13:00:33-07:00,20.0,22.13,0.0
2026-10-03 13:00:34-07:00,20.0,22.13,0.0
2026-10-03 13:00:35-07:00,20.0,22.13,0.0
2026-10-03 13:00:36-07:00,20.0,22.13,0.0
2026-10-03 13:00:37-07:00,20.0,22.13,0.0
2026-10-03 13:00:38-07:00,20.0,22.13,0.0
2026-10-03 13:00:39-07:00,20.0,22.12,0.0
2026-10-03 13:00:40-07:00,20.0,22.12,0.0
2026-10-03 13:00:41-07:00,20.0,22.12,0.0
2026-10-03 13:00:42-07:00,20.0,22.12,0.0
2026-10-03 13:00:43-07:00,20.0,22.12,0.0
2026-10-03 13:00:44-07:00,20.0,22.12,0.0
2026-10-03 13:00:45-07:00,20.0,22.12,0.0
2026-10-03 13:00:46-07:00,20.0,22.11,0.0
2026-10-03 13:00:47-07:00,20.0,22.11,0.0
2026-10-03 13:00:48-07:00,20.0,22.11,0.0
2026-10-03 13:00:49-07:00,20.0,22.11,0.0
2026-10-03 13:00:50-07:00,20.0,22.11,0.0
2026-10-03 13:00:51-07:00,20.0,22.11,0.0
2026-10-03 13:00:52-07:00,20.0,22.1,0.0
2026-10-03 13:00:53-07:00,20.0,22.1,0.0
2026-10-03 13:00:54-07:00,20.0,22.1,0.0
2026-10-03 13:00:55-07:00,20.0,22.1,0.0
2026-10-03 13:00:56-07:00,20.0,22.1,0.0
2026-10-03 13:00:57-07:00,20.0,22.1,0.0
2026-10-03 13:00:58-07:00,20.0,22.1,0.0
2026-10-03 13:00:59-07:00,20.0,22.09,0.0
2026-10-03 13:01:00-07:00,20.0,22.09,0.0
2026-10-03 13:01:01-07:00,20.0,22.09,0.0
2026-10-03 13:01:02-07:00,20.0,22.09,0.0
2026-10-03 13:01:03-07:00,20.0,22.09,0.0
2026-10-03 13:01:04-07:00,20.0,22.09,0.0
2026-10-03 13:01:05-07:00,20.0,22.09,0.0
2026-10-03 13:01:06-07:00,20.0,22.08,0.0
2026-10-03 13:01:07-07:00,20.0,22.08,0.0
2026-10-03 13:01:08-07:00,20.0,22.08,0.0
2026-10-03 13:01:09-07:00,20.0,22.08,0.0
2026-10-03 13:01:10-07:00,20.0,22.08,0.0
2026-10-03 13:01:11-07:00,20.0,22.08,0.0
2026-10-03 13:01:12-07:00,20.0,22.07,0.0
2026-10-03 13:01:13-07:00,20.0,22.07,0.0
2026-10-03 13:01:14-07:00,20.0,22.07,0.0
2026-10-03 13:01:15-07:00,20.0,22.07,0.0
2026-10-03 13:01:16-07:00,20.0,22.07,0.0
2026-10-03 13:01:17-07:00,20.0,22.07,0.0
2026-10-03 13:01:18-07:00,20.0,22.07,0.0
2026-10-03 13:01:19-07:00,20.0,22.06,0.0
2026-10-03 13:01:20-07:00,20.0,22.06,0.0
2026-10-03 13:01:21-07:00,20.0,22.06,0.0
2026-10-03 13:01:22-07:00,20.0,22.06,0.0
2026-10-03 13:01:23-07:00,20.0,22.06,0.0
2026-10-03 13:01:24-07:00,20.0,22.06,0.0
2026-10-03 13:01:25-07:00,20.0,22.06,0.0
2026-10-03 13:01:26-07:00,20.0,22.05,0.0
2026-10-03 13:01:27-07:00,20.0,22.05,0.0
2026-10-03 13:01:28-07:00,20.0,22.05,0.0
2026-10-03 13:01:29-07:00,20.0,22.05,0.0
2026-10-03 13:01:30-07:00,20.0,22.05,0.0
2026-10-03 13:01:31-07:00,20.0,22.05,0.0
2026-10-03 13:01:32-07:00,20.0,22.05,0.0
2026-10-03 13:01:33-07:00,20.0,22.04,0.0
2026-10-03 13:01:34-07:00,20.0,22.04,0.0
2026-10-03 13:01:35-07:00,20.0,22.04,0.0
2026-10-03 13:01:36-07:00,20.0,22.04,0.0
2026-10-03 13:01:37-07:00,20.0,22.04,0.0
2026-10-03 13:01:38-07:00,20.0,22.04,0.0
2026-10-03 13:01:39-07:00,20.0,22.04,0.0
2026-10-03 13:01:40-07:00,20.0,22.03,0.0
2026-10-03 13:01:41-07:00,20.0,22.03,0.0
2026-10-03 13:01:42-07:00,20.0,22.03,0.0
2026-10-03 13:01:43-07:00,20.0,22.03,0.0
2026-10-03 13:01:44-07:00,20.0,22.03,0.0
2026-10-03 13:01:45-07:00,20.0,22.03,0.0
2026-10-03 13:01:46-07:00,20.0,22.03,0.0
2026-10-03 13:01:47-07:00,20.0,22.02,0.0
2026-10-03 13:01:48-07:00,20.0,22.02,0.0
2026-10-03 13:01:49-07:00,20.0,22.02,0.0
2026-10-03 13:01:50-07:00,20.0,22.02,0.0
2026-10-03 13:01:51-07:00,20.0,22.02,0.0
2026-10-03 13:01:52-07:00,20.0,22.02,0.0
2026-10-03 13:01:53-07:00,20.0,22.02,0.0
2026-10-03 13:01:54-07:00,20.0,22.01,0.0
2026-10-03 13:01:55-07:00,20.0,22.01,0.0
2026-10-03 13:01:56-07:00,20.0,22.01,0.0
2026-10-03 13:01:57-07:00,20.0,22.01,0.0
2026-10-03 13:01:58-07:00,20.0,22.01,0.0
2026-10-03 13:01:59-07:00,20.0,22.01,0.0
2026-10-03 13:02:00-07:00,20.0,22.01,0.0
2026-10-03 13:02:01-07:00,20.0,22.01,0.0
2026-10-03 13:02:02-07:00,20.0,22.0,0.0
2026-10-03 13:02:03-07:00,20.0,22.0,0.0
2026-10-03 13:02:04-07:00,20.0,22.0,0.0
2026-10-03 13:02:05-07:00,20.0,22.0,0.0
2026-10-03 13:02:06-07:00,20.0,22.0,0.0
2026-10-03 13:02:07-07:00,20.0,22.0,0.0
2026-10-03 13:02:08-07:00,20.0,22.0,0.0
2026-10-03 13:02:09-07:00,20.0,21.99,0.0
2026-10-03 13:02:10-07:00,20.0,21.99,0.0
2026-10-03 13:02:11-07:00,20.0,21.99,0.0
2026-10-03 13:02:12-07:00,20.0,21.99,0.0
2026-10-03 13:02:13-07:00,20.0,21.99,0.0
2026-10-03 13:02:14-07:00,20.0,21.99,0.0
2026-10-03 13:02:15-07:00,20.0,21.99,0.0
2026-10-03 13:02:16-07:00,20.0,21.98,0.0
2026-10-03 13:02:17-07:00,20.0,21.98,0.0
2026-10-03 13:02:18-07:00,20.0,21.98,0.0
2026-10-03 13:02:19-07:00,20.0,21.98,0.0
2026-10-03 13:02:20-07:00,20.0,21.98,0.0
2026-10-03 13:02:21-07:00,20.0,21.98,0.0
2026-10-03 13:02:22-07:00,20.0,21.98,0.0
2026-10-03 13:02:23-07:00,20.0,21.98,0.0
2026-10-03 13:02:24-07:00,20.0,21.97,0.0
2026-10-03 13:02:25-07:00,20.0,21.97,0.0
2026-10-03 13:02:26-07:00,20.0,21.97,0.0
2026-10-03 13:02:27-07:00,20.0,21.97,0.0
2026-10-03 13:02:28-07:00,20.0,21.97,0.0
2026-10-03 13:02:29-07:00,20.0,21.97,0.0
2026-10-03 13:02:30-07:00,20.0,21.97,0.0
2026-10-03 13:02:31-07:00,20.0,21.96,0.0
2026-10-03 13:02:32-07:00,20.0,21.96,0.0
2026-10-03 13:02:33-07:00,20.0,21.96,0.0
2026-10-03 13:02:34-07:00,20.0,21.96,0.0
2026-10-03 13:02:35-07:00,20.0,21.96,0.0
2026-10-03 13:02:36-07:00,20.0,21.96,172.5
2026-10-03 13:02:37-07:00,20.0,22.04,172.5
2026-10-03 13:02:38-07:00,20.0,22.12,204.7
2026-10-03 13:02:39-07:00,20.0,22.24,204.7
2026-10-03 13:02:40-07:00,20.0,22.36,333.5
2026-10-03 13:02:41-07:00,20.0,22.68,333.5
2026-10-03 13:02:42-07:00,20.0,22.99,160.0
2026-10-03 13:02:43-07:00,20.0,23.06,160.0
2026-10-03 13:02:44-07:00,20.0,23.14,106.3
2026-10-03 13:02:45-07:00,20.0,23.17,106.3
2026-10-03 13:02:46-07:00,20.0,23.2,109.3
2026-10-03 13:02:47-07:00,20.0,23.24,109.3
2026-10-03 13:02:48-07:00,20.0,23.27,62.5
2026-10-03 13:02:49-07:00,20.0,23.29,62.5
2026-10-03 13:02:50-07:00,20.0,23.3,93.9
2026-10-03 13:02:51-07:00,20.0,23.33,93.9
2026-10-03 13:02:52-07:00,20.0,23.35,72.9
2026-10-03 13:02:53-07:00,20.0,23.37,72.9
2026-10-03 13:02:54-07:00,20.0,23.38,72.9
2026-10-03 13:02:55-07:00,25.0,23.4,85.4
2026-10-03 13:02:56-07:00,25.0,23.42,85.4
2026-10-03 13:02:57-07:00,25.0,23.44,84.5
2026-10-03 13:02:58-07:00,25.0,23.47,84.5
2026-10-03 13:02:59-07:00,25.0,23.49,128.4
2026-10-03 13:03:00-07:00,25.0,23.53,128.4
2026-10-03 13:03:01-07:00,25.0,23.58,66.3
2026-10-03 13:03:02-07:00,25.0,23.6,66.3
2026-10-03 13:03:03-07:00,25.0,23.61,90.3
2026-10-03 13:03:04-07:00,25.0,23.63,90.3
2026-10-03 13:03:05-07:00,25.0,23.66,104.7
2026-10-03 13:03:06-07:00,25.0,23.69,104.7
2026-10-03 13:03:07-07:00,25.0,23.72,54.9
2026-10-03 13:03:08-07:00,25.0,23.73,54.9
2026-10-03 13:03:09-07:00,25.0,23.74,53.8
2026-10-03 13:03:10-07:00,25.0,23.75,53.8
2026-10-03 13:03:11-07:00,25.0,23.76,53.4
2026-10-03 13:03:12-07:00,25.0,23.77,53.4
2026-10-03 13:03:13-07:00,25.0,23.78,32.2
2026-10-03 13:03:14-07:00,25.0,23.78,32.2
2026-10-03 13:03:15-07:00,25.0,23.78,33.4
2026-10-03 13:03:16-07:00,25.0,23.78,33.4
2026-10-03 13:03:17-07:00,25.0,23.79,60.8
2026-10-03 13:03:18-07:00,25.0,23.8,60.8
2026-10-03 13:03:19-07:00,25.0,23.81,92.8
2026-10-03 13:03:20-07:00,25.0,23.83,92.8
2026-10-03 13:03:21-07:00,25.0,23.85,123.8
2026-10-03 13:03:22-07:00,25.0,23.9,123.8
2026-10-03 13:03:23-07:00,25.0,23.94,168.9
2026-10-03 13:03:24-07:00,25.0,24.02,168.9
2026-10-03 13:03:25-07:00,25.0,24.1,168.9
2026-10-03 13:03:26-07:00,25.0,24.18,181.2
2026-10-03 13:03:27-07:00,25.0,24.27,181.2
2026-10-03 13:03:28-07:00,25.0,24.36,139.2
2026-10-03 13:03:29-07:00,25.0,24.42,139.2
2026-10-03 13:03:30-07:00,25.0,24.48,240.7
2026-10-03 13:03:31-07:00,25.0,24.64,240.7
2026-10-03 13:03:32-07:00,25.0,24.81,142.9
2026-10-03 13:03:33-07:00,25.0,24.87,142.9
2026-10-03 13:03:34-07:00,25.0,24.93,85.3
2026-10-03 13:03:35-07:00,25.0,24.95,85.3
2026-10-03 13:03:36-07:00,25.0,24.98,188.1
2026-10-03 13:03:37-07:00,25.0,25.08,188.1
2026-10-03 13:03:38-07:00,25.0,25.18,-31.1
2026-10-03 13:03:39-07:00,25.0,25.19,-31.1
2026-10-03 13:03:40-07:00,25.0,25.19,-28.0
2026-10-03 13:03:41-07:00,25.0,25.2,-28.0
2026-10-03 13:03:42-07:00,25.0,25.2,28.5
2026-10-03 13:03:43-07:00,25.0,25.21,28.5
2026-10-03 13:03:44-07:00,25.0,25.21,37.3
2026-10-03 13:03:45-07:00,25.0,25.21,37.3
2026-10-03 13:03:46-07:00,25.0,25.22,129.6
2026-10-03 13:03:47-07:00,25.0,25.27,129.6
2026-10-03 13:03:48-07:00,25.0,25.31,42.7
2026-10-03 13:03:49-07:00,25.0,25.32,42.7
2026-10-03 13:03:50-07:00,25.0,25.32,42.7
2026-10-03 13:03:51-07:00,25.0,25.33,41.3
2026-10-03 13:03:52-07:00,25.0,25.33,41.3
2026-10-03 13:03:53-07:00,25.0,25.34,40.1
2026-10-03 13:03:54-07:00,25.0,25.34,40.1
2026-10-03 13:03:55-07:00,25.0,25.35,-43.7
2026-10-03 13:03:56-07:00,25.0,25.35,-43.7
2026-10-03 13:03:57-07:00,25.0,25.35,-19.6
2026-10-03 13:03:58-07:00,25.0,25.35,-19.6
2026-10-03 13:03:59-07:00,25.0,25.35,0.0
2026-10-03 13:04:00-07:00,25.0,25.34,0.0
2026-10-03 13:04:01-07:00,25.0,25.34,0.0
2026-10-03 13:04:02-07:00,25.0,25.33,0.0
2026-10-03 13:04:03-07:00,25.0,25.33,0.0
2026-10-03 13:04:04-07:00,25.0,25.32,0.0
2026-10-03 13:04:05-07:00,25.0,25.32,0.0
2026-10-03 13:04:06-07:00,25.0,25.31,0.0
2026-10-03 13:04:07-07:00,25.0,25.3,0.0
2026-10-03 13:04:08-07:00,25.0,25.3,0.0
2026-10-03 13:04:09-07:00,25.0,25.29,0.0
2026-10-03 13:04:10-07:00,25.0,25.29,0.0
2026-10-03 13:04:11-07:00,25.0,25.28,0.0
2026-10-03 13:04:12-07:00,25.0,25.28,0.0
2026-10-03 13:04:13-07:00,25.0,25.27,0.0
2026-10-03 13:04:14-07:00,25.0,25.27,0.0
2026-10-03 13:04:15-07:00,25.0,25.26,0.0
2026-10-03 13:04:16-07:00,25.0,25.26,0.0
2026-10-03 13:04:17-07:00,25.0,25.25,0.0
2026-10-03 13:04:18-07:00,25.0,25.24,0.0
2026-10-03 13:04:19-07:00,25.0,25.24,0.0
2026-10-03 13:04:20-07:00,25.0,25.23,0.0
2026-10-03 13:04:21-07:00,25.0,25.23,0.0
2026-10-03 13:04:22-07:00,25.0,25.22,0.0
2026-10-03 13:04:23-07:00,25.0,25.22,0.0
2026-10-03 13:04:24-07:00,25.0,25.21,0.0
2026-10-03 13:04:25-07:00,25.0,25.21,0.0
2026-10-03 13:04:26-07:00,25.0,25.2,0.0
2026-10-03 13:04:27-07:00,25.0,25.2,0.0
2026-10-03 13:04:28-07:00,25.0,25.19,0.0
2026-10-03 13:04:29-07:00,25.0,25.18,0.0
2026-10-03 13:04:30-07:00,25.0,25.18,0.0
2026-10-03 13:04:31-07:00,25.0,25.17,0.0
2026-10-03 13:04:32-07:00,25.0,25.17,0.0
2026-10-03 13:04:33-07:00,25.0,25.16,0.0
2026-10-03 13:04:34-07:00,25.0,25.16,0.0
2026-10-03 13:04:35-07:00,25.0,25.15,0.0
2026-10-03 13:04:36-07:00,25.0,25.15,0.0
2026-10-03 13:04:37-07:00,25.0,25.14,0.0
2026-10-03 13:04:38-07:00,25.0,25.14,0.0
2026-10-03 13:04:39-07:00,25.0,25.13,0.0
2026-10-03 13:04:40-07:00,25.0,25.13,0.0
2026-10-03 13:04:41-07:00,25.0,25.12,0.0
2026-10-03 13:04:42-07:00,25.0,25.12,0.0
2026-10-03 13:04:43-07:00,25.0,25.11,0.0
2026-10-03 13:04:44-07:00,25.0,25.1,0.0
2026-10-03 13:04:45-07:00,25.0,25.1,0.0
2026-10-03 13:04:46-07:00,25.0,25.09,0.0
2026-10-03 13:04:47-07:00,25.0,25.09,0.0
2026-10-03 13:04:48-07:00,25.0,25.08,0.0
2026-10-03 13:04:49-07:00,25.0,25.08,0.0
2026-10-03 13:04:50-07:00,25.0,25.07,0.0
2026-10-03 13:04:51-07:00,25.0,25.07,0.0
2026-10-03 13:04:52-07:00,25.0,25.06,0.0
2026-10-03 13:04:53-07:00,25.0,25.06,0.0
2026-10-03 13:04:54-07:00,25.0,25.05,0.0
2026-10-03 13:04:55-07:00,25.0,25.05,0.0
2026-10-03 13:04:56-07:00,25.0,25.04,0.0
2026-10-03 13:04:57-07:00,25.0,25.04,0.0
2026-10-03 13:04:58-07:00,25.0,25.03,0.0
2026-10-03 13:04:59-07:00,25.0,25.03,0.0
2026-10-03 13:05:00-07:00,25.0,25.02,0.0
2026-10-03 13:05:01-07:00,25.0,25.02,0.0
2026-10-03 13:05:02-07:00,25.0,25.01,0.0
2026-10-03 13:05:03-07:00,25.0,25.01,0.0
2026-10-03 13:05:04-07:00,25.0,25.0,0.0
2026-10-03 13:05:05-07:00,25.0,24.99,0.0
2026-10-03 13:05:06-07:00,25.0,24.99,0.0
2026-10-03 13:05:07-07:00,25.0,24.98,0.0
2026-10-03 13:05:08-07:00,25.0,24.98,0.0
2026-10-03 13:05:09-07:00,25.0,24.97,0.0
2026-10-03 13:05:10-07:00,25.0,24.97,0.0
2026-10-03 13:05:11-07:00,25.0,24.96,0.0
2026-10-03 13:05:12-07:00,25.0,24.96,0.0
2026-10-03 13:05:13-07:00,25.0,24.95,0.0
2026-10-03 13:05:14-07:00,25.0,24.95,0.0
2026-10-03 13:05:15-07:00,25.0,24.94,0.0
2026-10-03 13:05:16-07:00,25.0,24.94,0.0
2026-10-03 13:05:17-07:00,25.0,24.93,0.0
2026-10-03 13:05:18-07:00,25.0,24.93,0.0
2026-10-03 13:05:19-07:00,25.0,24.92,0.0
2026-10-03 13:05:20-07:00,25.0,24.92,167.9
2026-10-03 13:05:21-07:00,25.0,24.99,167.9
2026-10-03 13:05:22-07:00,25.0,25.07,400.6
2026-10-03 13:05:23-07:00,25.0,25.51,400.6
2026-10-03 13:05:24-07:00,25.0,25.96,227.6
2026-10-03 13:05:25-07:00,25.0,26.1,227.6
2026-10-03 13:05:26-07:00,25.0,26.24,275.9
2026-10-03 13:05:27-07:00,25.0,26.45,275.9
2026-10-03 13:05:28-07:00,25.0,26.66,119.2
2026-10-03 13:05:29-07:00,25.0,26.69,119.2
2026-10-03 13:05:30-07:00,25.0,26.73,575.6
2026-10-03 13:05:31-07:00,25.0,27.65,575.6
2026-10-03 13:05:32-07:00,25.0,28.58,424.0
2026-10-03 13:05:33-07:00,25.0,29.08,424.0
2026-10-03 13:05:34-07:00,30.0,29.57,71.0
2026-10-03 13:05:35-07:00,30.0,29.58,71.0
2026-10-03 13:05:36-07:00,30.0,29.58,55.9
2026-10-03 13:05:37-07:00,30.0,29.58,55.9
2026-10-03 13:05:38-07:00,30.0,29.58,263.7
2026-10-03 13:05:39-07:00,30.0,29.76,263.7
2026-10-03 13:05:40-07:00,30.0,29.95,15.3
2026-10-03 13:05:41-07:00,30.0,29.94,15.3
2026-10-03 13:05:42-07:00,30.0,29.93,196.5
2026-10-03 13:05:43-07:00,30.0,30.03,196.5
2026-10-03 13:05:44-07:00,30.0,30.12,158.8
2026-10-03 13:05:45-07:00,30.0,30.19,158.8
2026-10-03 13:05:46-07:00,30.0,30.25,139.9
2026-10-03 13:05:47-07:00,30.0,30.29,139.9
2026-10-03 13:05:48-07:00,30.0,30.34,139.9
2026-10-03 13:05:49-07:00,35.0,30.38,179.4
2026-10-03 13:05:50-07:00,35.0,30.46,179.4
2026-10-03 13:05:51-07:00,35.0,30.54,65.5
2026-10-03 13:05:52-07:00,35.0,30.55,65.5
2026-10-03 13:05:53-07:00,35.0,30.55,66.4
2026-10-03 13:05:54-07:00,35.0,30.55,66.4
2026-10-03 13:05:55-07:00,35.0,30.56,79.9
2026-10-03 13:05:56-07:00,35.0,30.56,79.9
2026-10-03 13:05:57-07:00,35.0,30.57,54.6
2026-10-03 13:05:58-07:00,35.0,30.57,54.6
2026-10-03 13:05:59-07:00,35.0,30.57,102.0
2026-10-03 13:06:00-07:00,35.0,30.59,102.0
2026-10-03 13:06:01-07:00,35.0,30.61,71.8
2026-10-03 13:06:02-07:00,35.0,30.61,71.8
2026-10-03 13:06:03-07:00,35.0,30.62,69.5
2026-10-03 13:06:04-07:00,35.0,30.62,69.5
2026-10-03 13:06:05-07:00,35.0,30.62,62.8
2026-10-03 13:06:06-07:00,35.0,30.63,62.8
2026-10-03 13:06:07-07:00,35.0,30.63,70.9
2026-10-03 13:06:08-07:00,35.0,30.63,70.9
2026-10-03 13:06:09-07:00,35.0,30.63,59.4
2026-10-03 13:06:10-07:00,35.0,30.63,59.4
2026-10-03 13:06:11-07:00,35.0,30.63,132.1
2026-10-03 13:06:12-07:00,35.0,30.67,132.1
2026-10-03 13:06:13-07:00,35.0,30.71,45.4
2026-10-03 13:06:14-07:00,35.0,30.71,45.4
2026-10-03 13:06:15-07:00,35.0,30.7,-34.7
2026-10-03 13:06:16-07:00,35.0,30.69,-34.7
2026-10-03 13:06:17-07:00,35.0,30.68,-34.7
2026-10-03 13:06:18-07:00,35.0,30.68,0.0
2026-10-03 13:06:19-07:00,35.0,30.66,0.0
2026-10-03 13:06:20-07:00,35.0,30.65,0.0
2026-10-03 13:06:21-07:00,35.0,30.64,0.0
2026-10-03 13:06:22-07:00,35.0,30.63,0.0
2026-10-03 13:06:23-07:00,35.0,30.61,0.0
2026-10-03 13:06:24-07:00,35.0,30.6,0.0
2026-10-03 13:06:25-07:00,35.0,30.59,0.0
2026-10-03 13:06:26-07:00,35.0,30.58,0.0
2026-10-03 13:06:27-07:00,35.0,30.57,0.0
2026-10-03 13:06:28-07:00,35.0,30.55,0.0
2026-10-03 13:06:29-07:00,35.0,30.54,0.0
2026-10-03 13:06:30-07:00,35.0,30.53,0.0
2026-10-03 13:06:31-07:00,35.0,30.52,0.0
2026-10-03 13:06:32-07:00,35.0,30.5,0.0
2026-10-03 13:06:33-07:00,35.0,30.49,0.0
2026-10-03 13:06:34-07:00,35.0,30.48,0.0
2026-10-03 13:06:35-07:00,35.0,30.47,0.0
2026-10-03 13:06:36-07:00,35.0,30.46,0.0
2026-10-03 13:06:37-07:00,35.0,30.44,0.0
2026-10-03 13:06:38-07:00,35.0,30.43,0.0
2026-10-03 13:06:39-07:00,35.0,30.42,0.0
2026-10-03 13:06:40-07:00,35.0,30.41,0.0
2026-10-03 13:06:41-07:00,35.0,30.4,0.0
2026-10-03 13:06:42-07:00,35.0,30.38,0.0
2026-10-03 13:06:43-07:00,35.0,30.37,0.0
2026-10-03 13:06:44-07:00,35.0,30.36,0.0
2026-10-03 13:06:45-07:00,35.0,30.35,0.0
2026-10-03 13:06:46-07:00,35.0,30.34,0.0
2026-10-03 13:06:47-07:00,35.0,30.32,0.0
2026-10-03 13:06:48-07:00,35.0,30.31,0.0
2026-10-03 13:06:49-07:00,35.0,30.3,0.0
2026-10-03 13:06:50-07:00,35.0,30.29,0.0
2026-10-03 13:06:51-07:00,35.0,30.28,0.0
2026-10-03 13:06:52-07:00,35.0,30.27,0.0
2026-10-03 13:06:53-07:00,35.0,30.25,0.0
2026-10-03 13:06:54-07:00,35.0,30.24,0.0
2026-10-03 13:06:55-07:00,35.0,30.23,0.0
2026-10-03 13:06:56-07:00,35.0,30.22,0.0
2026-10-03 13:06:57-07:00,35.0,30.21,0.0
2026-10-03 13:06:58-07:00,35.0,30.2,0.0
2026-10-03 13:06:59-07:00,35.0,30.18,0.0
2026-10-03 13:07:00-07:00,35.0,30.17,0.0
2026-10-03 13:07:01-07:00,35.0,30.16,0.0
2026-10-03 13:07:02-07:00,35.0,30.15,0.0
2026-10-03 13:07:03-07:00,35.0,30.14,0.0
2026-10-03 13:07:04-07:00,35.0,30.13,0.0
2026-10-03 13:07:05-07:00,35.0,30.11,0.0
2026-10-03 13:07:06-07:00,35.0,30.1,0.0
2026-10-03 13:07:07-07:00,35.0,30.09,0.0
2026-10-03 13:07:08-07:00,35.0,30.08,0.0
2026-10-03 13:07:09-07:00,35.0,30.07,0.0
2026-10-03 13:07:10-07:00,35.0,30.06,0.0
2026-10-03 13:07:11-07:00,35.0,30.04,0.0
2026-10-03 13:07:12-07:00,35.0,30.03,0.0
2026-10-03 13:07:13-07:00,35.0,30.02,0.0
2026-10-03 13:07:14-07:00,35.0,30.01,0.0
2026-10-03 13:07:15-07:00,35.0,30.0,0.0
2026-10-03 13:07:16-07:00,35.0,29.99,0.0
2026-10-03 13:07:17-07:00,35.0,29.98,0.0
2026-10-03 13:07:18-07:00,35.0,29.96,0.0
2026-10-03 13:07:19-07:00,35.0,29.95,0.0
2026-10-03 13:07:20-07:00,35.0,29.94,0.0
2026-10-03 13:07:21-07:00,35.0,29.93,0.0
2026-10-03 13:07:22-07:00,35.0,29.92,0.0
2026-10-03 13:07:23-07:00,35.0,29.91,0.0
2026-10-03 13:07:24-07:00,35.0,29.9,0.0
2026-10-03 13:07:25-07:00,35.0,29.88,0.0
2026-10-03 13:07:26-07:00,35.0,29.87,0.0
2026-10-03 13:07:27-07:00,35.0,29.86,0.0
2026-10-03 13:07:28-07:00,35.0,29.85,0.0
2026-10-03 13:07:29-07:00,35.0,29.84,0.0
2026-10-03 13:07:30-07:00,35.0,29.83,0.0
2026-10-03 13:07:31-07:00,35.0,29.82,0.0
2026-10-03 13:07:32-07:00,35.0,29.81,0.0
2026-10-03 13:07:33-07:00,35.0,29.79,0.0
2026-10-03 13:07:34-07:00,35.0,29.78,0.0
2026-10-03 13:07:35-07:00,35.0,29.77,0.0
2026-10-03 13:07:36-07:00,35.0,29.76,0.0
2026-10-03 13:07:37-07:00,35.0,29.75,0.0
2026-10-03 13:07:38-07:00,35.0,29.74,0.0
2026-10-03 13:07:39-07:00,35.0,29.73,0.0
2026-10-03 13:07:40-07:00,35.0,29.72,0.0
2026-10-03 13:07:41-07:00,35.0,29.7,0.0
2026-10-03 13:07:42-07:00,35.0,29.69,0.0
2026-10-03 13:07:43-07:00,35.0,29.68,0.0
2026-10-03 13:07:44-07:00,35.0,29.67,0.0
2026-10-03 13:07:45-07:00,35.0,29.66,0.0
2026-10-03 13:07:46-07:00,35.0,29.65,0.0
2026-10-03 13:07:47-07:00,35.0,29.64,0.0
2026-10-03 13:07:48-07:00,35.0,29.63,0.0
2026-10-03 13:07:49-07:00,35.0,29.62,0.0
2026-10-03 13:07:50-07:00,30.0,29.61,0.0
2026-10-03 13:07:51-07:00,30.0,29.59,0.0
2026-10-03 13:07:52-07:00,30.0,29.58,0.0
2026-10-03 13:07:53-07:00,30.0,29.57,0.0
2026-10-03 13:07:54-07:00,30.0,29.56,0.0
2026-10-03 13:07:55-07:00,30.0,29.55,0.0
2026-10-03 13:07:56-07:00,30.0,29.54,0.0
2026-10-03 13:07:57-07:00,30.0,29.53,0.0
2026-10-03 13:07:58-07:00,30.0,29.52,0.0
2026-10-03 13:07:59-07:00,30.0,29.51,0.0
2026-10-03 13:08:00-07:00,30.0,29.5,0.0
2026-10-03 13:08:01-07:00,30.0,29.49,0.0
2026-10-03 13:08:02-07:00,30.0,29.48,0.0
2026-10-03 13:08:03-07:00,30.0,29.46,0.0
2026-10-03 13:08:04-07:00,30.0,29.45,0.0
2026-10-03 13:08:05-07:00,30.0,29.44,0.0
2026-10-03 13:08:06-07:00,30.0,29.43,0.0
2026-10-03 13:08:07-07:00,30.0,29.42,0.0
2026-10-03 13:08:08-07:00,30.0,29.41,0.0
2026-10-03 13:08:09-07:00,30.0,29.4,0.0
2026-10-03 13:08:10-07:00,30.0,29.39,0.0
2026-10-03 13:08:11-07:00,30.0,29.38,0.0
2026-10-03 13:08:12-07:00,30.0,29.37,0.0
2026-10-03 13:08:13-07:00,30.0,29.36,0.0
2026-10-03 13:08:14-07:00,30.0,29.35,0.0
2026-10-03 13:08:15-07:00,30.0,29.34,0.0
2026-10-03 13:08:16-07:00,30.0,29.33,0.0
2026-10-03 13:08:17-07:00,30.0,29.31,0.0
2026-10-03 13:08:18-07:00,30.0,29.3,0.0
2026-10-03 13:08:19-07:00,30.0,29.29,0.0
2026-10-03 13:08:20-07:00,30.0,29.28,0.0
2026-10-03 13:08:21-07:00,30.0,29.27,0.0
2026-10-03 13:08:22-07:00,30.0,29.26,0.0
2026-10-03 13:08:23-07:00,30.0,29.25,0.0
2026-10-03 13:08:24-07:00,30.0,29.24,0.0
2026-10-03 13:08:25-07:00,30.0,29.23,0.0
2026-10-03 13:08:26-07:00,30.0,29.22,0.0
2026-10-03 13:08:27-07:00,30.0,29.21,0.0
2026-10-03 13:08:28-07:00,30.0,29.2,0.0
2026-10-03 13:08:29-07:00,30.0,29.19,0.0
2026-10-03 13:08:30-07:00,30.0,29.18,0.0
2026-10-03 13:08:31-07:00,30.0,29.17,0.0
2026-10-03 13:08:32-07:00,30.0,29.16,0.0
2026-10-03 13:08:33-07:00,30.0,29.15,0.0
2026-10-03 13:08:34-07:00,30.0,29.14,0.0
2026-10-03 13:08:35-07:00,30.0,29.13,0.0
2026-10-03 13:08:36-07:00,30.0,29.12,0.0
2026-10-03 13:08:37-07:00,30.0,29.11,0.0
2026-10-03 13:08:38-07:00,30.0,29.09,0.0
2026-10-03 13:08:39-07:00,30.0,29.08,0.0
2026-10-03 13:08:40-07:00,30.0,29.07,0.0
2026-10-03 13:08:41-07:00,30.0,29.06,0.0
2026-10-03 13:08:42-07:00,30.0,29.05,0.0
2026-10-03 13:08:43-07:00,30.0,29.04,0.0
2026-10-03 13:08:44-07:00,30.0,29.03,0.0
2026-10-03 13:08:45-07:00,30.0,29.02,0.0
2026-10-03 13:08:46-07:00,30.0,29.01,0.0
2026-10-03 13:08:47-07:00,30.0,29.0,0.0
2026-10-03 13:08:48-07:00,30.0,28.99,0.0
2026-10-03 13:08:49-07:00,30.0,28.98,0.0
2026-10-03 13:08:50-07:00,30.0,28.97,0.0
2026-10-03 13:08:51-07:00,30.0,28.96,0.0
2026-10-03 13:08:52-07:00,30.0,28.95,0.0
2026-10-03 13:08:53-07:00,30.0,28.94,0.0
2026-10-03 13:08:54-07:00,30.0,28.93,0.0
2026-10-03 13:08:55-07:00,30.0,28.92,0.0
2026-10-03 13:08:56-07:00,30.0,28.91,0.0
2026-10-03 13:08:57-07:00,30.0,28.9,0.0
2026-10-03 13:08:58-07:00,30.0,28.89,0.0
2026-10-03 13:08:59-07:00,30.0,28.88,0.0
2026-10-03 13:09:00-07:00,30.0,28.87,0.0
2026-10-03 13:09:01-07:00,30.0,28.86,0.0
2026-10-03 13:09:02-07:00,30.0,28.85,0.0
2026-10-03 13:09:03-07:00,30.0,28.84,0.0
2026-10-03 13:09:04-07:00,30.0,28.83,0.0
2026-10-03 13:09:05-07:00,30.0,28.82,0.0
2026-10-03 13:09:06-07:00,30.0,28.81,0.0
2026-10-03 13:09:07-07:00,30.0,28.8,0.0
2026-10-03 13:09:08-07:00,30.0,28.79,0.0
2026-10-03 13:09:09-07:00,30.0,28.78,0.0
2026-10-03 13:09:10-07:00,30.0,28.77,0.0
2026-10-03 13:09:11-07:00,30.0,28.76,0.0
2026-10-03 13:09:12-07:00,30.0,28.75,0.0
2026-10-03 13:09:13-07:00,30.0,28.74,0.0
2026-10-03 13:09:14-07:00,30.0,28.73,0.0
2026-10-03 13:09:15-07:00,30.0,28.72,0.0
2026-10-03 13:09:16-07:00,30.0,28.71,0.0
2026-10-03 13:09:17-07:00,30.0,28.7,0.0
2026-10-03 13:09:18-07:00,30.0,28.69,0.0
2026-10-03 13:09:19-07:00,30.0,28.68,0.0
2026-10-03 13:09:20-07:00,30.0,28.67,0.0
2026-10-03 13:09:21-07:00,30.0,28.66,0.0
2026-10-03 13:09:22-07:00,30.0,28.65,0.0
2026-10-03 13:09:23-07:00,30.0,28.64,0.0
2026-10-03 13:09:24-07:00,30.0,28.63,0.0
2026-10-03 13:09:25-07:00,30.0,28.62,0.0
2026-10-03 13:09:26-07:00,30.0,28.61,0.0
2026-10-03 13:09:27-07:00,30.0,28.6,0.0
2026-10-03 13:09:28-07:00,30.0,28.59,0.0
2026-10-03 13:09:29-07:00,30.0,28.59,0.0
2026-10-03 13:09:30-07:00,30.0,28.58,0.0
2026-10-03 13:09:31-07:00,30.0,28.57,0.0
2026-10-03 13:09:32-07:00,30.0,28.56,0.0
2026-10-03 13:09:33-07:00,30.0,28.55,0.0
2026-10-03 13:09:34-07:00,30.0,28.54,0.0
2026-10-03 13:09:35-07:00,30.0,28.53,0.0
2026-10-03 13:09:36-07:00,30.0,28.52,0.0
2026-10-03 13:09:37-07:00,30.0,28.51,0.0
2026-10-03 13:09:38-07:00,30.0,28.5,0.0
2026-10-03 13:09:39-07:00,30.0,28.49,0.0
2026-10-03 13:09:40-07:00,30.0,28.48,0.0
2026-10-03 13:09:41-07:00,30.0,28.47,0.0
2026-10-03 13:09:42-07:00,30.0,28.46,0.0
2026-10-03 13:09:43-07:00,30.0,28.45,0.0
2026-10-03 13:09:44-07:00,30.0,28.44,0.0
2026-10-03 13:09:45-07:00,30.0,28.43,0.0
2026-10-03 13:09:46-07:00,30.0,28.42,0.0
2026-10-03 13:09:47-07:00,30.0,28.41,0.0
2026-10-03 13:09:48-07:00,30.0,28.4,0.0
2026-10-03 13:09:49-07:00,30.0,28.39,0.0
2026-10-03 13:09:50-07:00,30.0,28.38,0.0
2026-10-03 13:09:51-07:00,30.0,28.37,0.0
2026-10-03 13:09:52-07:00,30.0,28.37,0.0
2026-10-03 13:09:53-07:00,30.0,28.36,0.0
2026-10-03 13:09:54-07:00,30.0,28.35,0.0
2026-10-03 13:09:55-07:00,30.0,28.34,0.0
2026-10-03 13:09:56-07:00,30.0,28.33,0.0
2026-10-03 13:09:57-07:00,30.0,28.32,0.0
2026-10-03 13:09:58-07:00,30.0,28.31,0.0
2026-10-03 13:09:59-07:00,30.0,28.3,0.0
2026-10-03 13:10:00-07:00,30.0,28.29,0.0
2026-10-03 13:10:01-07:00,30.0,28.28,0.0
2026-10-03 13:10:02-07:00,30.0,28.27,0.0
2026-10-03 13:10:03-07:00,30.0,28.26,0.0
2026-10-03 13:10:04-07:00,30.0,28.25,0.0
2026-10-03 13:10:05-07:00,30.0,28.24,0.0
2026-10-03 13:10:06-07:00,30.0,28.24,0.0
2026-10-03 13:10:07-07:00,30.0,28.23,0.0
2026-10-03 13:10:08-07:00,30.0,28.22,0.0
2026-10-03 13:10:09-07:00,30.0,28.21,0.0
2026-10-03 13:10:10-07:00,30.0,28.2,0.0
2026-10-03 13:10:11-07:00,30.0,28.19,0.0
2026-10-03 13:10:12-07:00,30.0,28.18,0.0
2026-10-03 13:10:13-07:00,30.0,28.17,0.0
2026-10-03 13:10:14-07:00,30.0,28.16,0.0
2026-10-03 13:10:15-07:00,30.0,28.15,0.0
2026-10-03 13:10:16-07:00,30.0,28.14,0.0
2026-10-03 13:10:17-07:00,30.0,28.13,0.0
2026-10-03 13:10:18-07:00,30.0,28.13,0.0
2026-10-03 13:10:19-07:00,30.0,28.12,0.0
2026-10-03 13:10:20-07:00,30.0,28.11,0.0
2026-10-03 13:10:21-07:00,30.0,28.1,0.0
2026-10-03 13:10:22-07:00,30.0,28.09,0.0
2026-10-03 13:10:23-07:00,30.0,28.08,0.0
2026-10-03 13:10:24-07:00,30.0,28.07,0.0
2026-10-03 13:10:25-07:00,30.0,28.06,0.0
2026-10-03 13:10:26-07:00,30.0,28.05,0.0
2026-10-03 13:10:27-07:00,30.0,28.04,0.0
2026-10-03 13:10:28-07:00,30.0,28.03,0.0
2026-10-03 13:10:29-07:00,30.0,28.03,0.0
2026-10-03 13:10:30-07:00,30.0,28.02,0.0
2026-10-03 13:10:31-07:00,30.0,28.01,0.0
2026-10-03 13:10:32-07:00,30.0,28.0,0.0
2026-10-03 13:10:33-07:00,30.0,27.99,0.0
2026-10-03 13:10:34-07:00,30.0,27.98,0.0
2026-10-03 13:10:35-07:00,30.0,27.97,0.0
2026-10-03 13:10:36-07:00,30.0,27.96,0.0
2026-10-03 13:10:37-07:00,30.0,27.95,0.0
2026-10-03 13:10:38-07:00,30.0,27.95,0.0
2026-10-03 13:10:39-07:00,30.0,27.94,0.0
2026-10-03 13:10:40-07:00,30.0,27.93,0.0
2026-10-03 13:10:41-07:00,30.0,27.92,0.0
2026-10-03 13:10:42-07:00,30.0,27.91,0.0
2026-10-03 13:10:43-07:00,30.0,27.9,0.0
2026-10-03 13:10:44-07:00,30.0,27.89,0.0
2026-10-03 13:10:45-07:00,30.0,27.88,0.0
2026-10-03 13:10:46-07:00,30.0,27.87,0.0
2026-10-03 13:10:47-07:00,30.0,27.87,0.0
2026-10-03 13:10:48-07:00,30.0,27.86,0.0
2026-10-03 13:10:49-07:00,30.0,27.85,0.0
2026-10-03 13:10:50-07:00,30.0,27.84,0.0
2026-10-03 13:10:51-07:00,30.0,27.83,0.0
2026-10-03 13:10:52-07:00,30.0,27.82,0.0
2026-10-03 13:10:53-07:00,30.0,27.81,0.0
2026-10-03 13:10:54-07:00,30.0,27.8,0.0
2026-10-03 13:10:55-07:00,30.0,27.8,0.0
2026-10-03 13:10:56-07:00,30.0,27.79,0.0
2026-10-03 13:10:57-07:00,30.0,27.78,0.0
2026-10-03 13:10:58-07:00,30.0,27.77,0.0
2026-10-03 13:10:59-07:00,30.0,27.76,0.0
2026-10-03 13:11:00-07:00,30.0,27.75,0.0
2026-10-03 13:11:01-07:00,30.0,27.74,0.0
2026-10-03 13:11:02-07:00,30.0,27.74,0.0
2026-10-03 13:11:03-07:00,30.0,27.73,0.0
2026-10-03 13:11:04-07:00,30.0,27.72,0.0
2026-10-03 13:11:05-07:00,30.0,27.71,0.0
2026-10-03 13:11:06-07:00,30.0,27.7,0.0
2026-10-03 13:11:07-07:00,25.0,27.69,0.0
2026-10-03 13:11:08-07:00,25.0,27.68,0.0
2026-10-03 13:11:09-07:00,25.0,27.68,0.0
2026-10-03 13:11:10-07:00,25.0,27.67,0.0
2026-10-03 13:11:11-07:00,25.0,27.66,0.0
2026-10-03 13:11:12-07:00,30.0,27.65,0.0
2026-10-03 13:11:13-07:00,25.0,27.64,0.0
2026-10-03 13:11:14-07:00,25.0,27.63,0.0
2026-10-03 13:11:15-07:00,25.0,27.62,0.0
2026-10-03 13:11:16-07:00,25.0,27.62,0.0
2026-10-03 13:11:17-07:00,25.0,27.61,0.0
2026-10-03 13:11:18-07:00,25.0,27.6,0.0
2026-10-03 13:11:19-07:00,25.0,27.59,0.0
2026-10-03 13:11:20-07:00,25.0,27.58,0.0
2026-10-03 13:11:21-07:00,25.0,27.57,0.0
2026-10-03 13:11:22-07:00,25.0,27.57,0.0
2026-10-03 13:11:23-07:00,25.0,27.56,0.0
2026-10-03 13:11:24-07:00,25.0,27.55,0.0
2026-10-03 13:11:25-07:00,25.0,27.54,0.0
2026-10-03 13:11:26-07:00,25.0,27.53,0.0
2026-10-03 13:11:27-07:00,25.0,27.52,0.0
2026-10-03 13:11:28-07:00,25.0,27.52,0.0
2026-10-03 13:11:29-07:00,25.0,27.51,0.0
2026-10-03 13:11:30-07:00,25.0,27.5,0.0
2026-10-03 13:11:31-07:00,25.0,27.49,0.0
2026-10-03 13:11:32-07:00,25.0,27.48,0.0
2026-10-03 13:11:33-07:00,25.0,27.47,0.0
2026-10-03 13:11:34-07:00,25.0,27.47,0.0
2026-10-03 13:11:35-07:00,25.0,27.46,0.0
2026-10-03 13:11:36-07:00,25.0,27.45,0.0
2026-10-03 13:11:37-07:00,25.0,27.44,0.0
2026-10-03 13:11:38-07:00,25.0,27.43,0.0
2026-10-03 13:11:39-07:00,25.0,27.42,0.0
2026-10-03 13:11:40-07:00,25.0,27.42,0.0
2026-10-03 13:11:41-07:00,25.0,27.41,0.0
2026-10-03 13:11:42-07:00,30.0,27.4,36.2
2026-10-03 13:11:43-07:00,30.0,27.4,36.2
2026-10-03 13:11:44-07:00,30.0,27.39,35.1
2026-10-03 13:11:45-07:00,25.0,27.39,35.1
2026-10-03 13:11:46-07:00,25.0,27.38,35.1
2026-10-03 13:11:47-07:00,25.0,27.38,25.5
2026-10-03 13:11:48-07:00,25.0,27.37,25.5
2026-10-03 13:11:49-07:00,25.0,27.37,29.0
2026-10-03 13:11:50-07:00,25.0,27.36,29.0
2026-10-03 13:11:51-07:00,25.0,27.36,1.6
2026-10-03 13:11:52-07:00,25.0,27.35,1.6
2026-10-03 13:11:53-07:00,25.0,27.34,0.0
2026-10-03 13:11:54-07:00,25.0,27.34,0.0
2026-10-03 13:11:55-07:00,25.0,27.33,175.9
2026-10-03 13:11:56-07:00,25.0,27.41,175.9
2026-10-03 13:11:57-07:00,30.0,27.49,550.4
2026-10-03 13:11:58-07:00,30.0,28.33,550.4
2026-10-03 13:11:59-07:00,25.0,29.18,18.3
2026-10-03 13:12:00-07:00,25.0,29.17,18.3
2026-10-03 13:12:01-07:00,30.0,29.16,528.2
2026-10-03 13:12:02-07:00,30.0,29.94,528.2
2026-10-03 13:12:03-07:00,30.0,30.72,147.0
2026-10-03 13:12:04-07:00,30.0,30.77,147.0
2026-10-03 13:12:05-07:00,30.0,30.82,106.2
2026-10-03 13:12:06-07:00,30.0,30.84,106.2
2026-10-03 13:12:07-07:00,30.0,30.86,42.4
2026-10-03 13:12:08-07:00,30.0,30.86,42.4
2026-10-03 13:12:09-07:00,30.0,30.85,44.7
2026-10-03 13:12:10-07:00,30.0,30.85,44.7
2026-10-03 13:12:11-07:00,30.0,30.85,8.1
2026-10-03 13:12:12-07:00,30.0,30.84,8.1
2026-10-03 13:12:13-07:00,30.0,30.83,21.0
2026-10-03 13:12:14-07:00,30.0,30.82,21.0
2026-10-03 13:12:15-07:00,30.0,30.81,38.0
2026-10-03 13:12:16-07:00,30.0,30.8,38.0
2026-10-03 13:12:17-07:00,30.0,30.8,25.9
2026-10-03 13:12:18-07:00,30.0,30.79,25.9
2026-10-03 13:12:19-07:00,30.0,30.78,4.3
2026-10-03 13:12:20-07:00,30.0,30.77,4.3
2026-10-03 13:12:21-07:00,30.0,30.76,12.9
2026-10-03 13:12:22-07:00,30.0,30.75,12.9
2026-10-03 13:12:23-07:00,30.0,30.74,14.5
2026-10-03 13:12:24-07:00,30.0,30.73,14.5
2026-10-03 13:12:25-07:00,30.0,30.72,24.2
2026-10-03 13:12:26-07:00,30.0,30.71,24.2
2026-10-03 13:12:27-07:00,30.0,30.7,24.2
2026-10-03 13:12:28-07:00,30.0,30.69,79.5
2026-10-03 13:12:29-07:00,30.0,30.7,79.5
2026-10-03 13:12:30-07:00,30.0,30.7,114.9
2026-10-03 13:12:31-07:00,30.0,30.73,114.9
2026-10-03 13:12:32-07:00,30.0,30.76,215.1
2026-10-03 13:12:33-07:00,30.0,30.88,215.1
2026-10-03 13:12:34-07:00,30.0,31.0,228.0
2026-10-03 13:12:35-07:00,30.0,31.14,228.0
2026-10-03 13:12:36-07:00,30.0,31.28,130.6
2026-10-03 13:12:37-07:00,30.0,31.31,130.6
2026-10-03 13:12:38-07:00,30.0,31.35,44.4
2026-10-03 13:12:39-07:00,30.0,31.35,44.4
2026-10-03 13:12:40-07:00,30.0,31.34,69.4
2026-10-03 13:12:41-07:00,30.0,31.35,69.4
2026-10-03 13:12:42-07:00,30.0,31.35,78.1
2026-10-03 13:12:43-07:00,30.0,31.36,78.1
2026-10-03 13:12:44-07:00,30.0,31.36,111.0
2026-10-03 13:12:45-07:00,30.0,31.39,111.0
2026-10-03 13:12:46-07:00,30.0,31.41,91.8
2026-10-03 13:12:47-07:00,30.0,31.42,91.8
2026-10-03 13:12:48-07:00,30.0,31.44,61.7
2026-10-03 13:12:49-07:00,30.0,31.44,61.7
2026-10-03 13:12:50-07:00,30.0,31.44,61.9
2026-10-03 13:12:51-07:00,30.0,31.44,61.9
2026-10-03 13:12:52-07:00,30.0,31.44,61.1
2026-10-03 13:12:53-07:00,30.0,31.44,61.1
2026-10-03 13:12:54-07:00,30.0,31.44,53.4
2026-10-03 13:12:55-07:00,30.0,31.43,53.4
2026-10-03 13:12:56-07:00,30.0,31.43,137.3
2026-10-03 13:12:57-07:00,30.0,31.48,137.3
2026-10-03 13:12:58-07:00,30.0,31.52,137.3
2026-10-03 13:12:59-07:00,30.0,31.56,109.4
2026-10-03 13:13:00-07:00,30.0,31.58,109.4
2026-10-03 13:13:01-07:00,30.0,31.61,88.6
2026-10-03 13:13:02-07:00,30.0,31.62,88.6
2026-10-03 13:13:03-07:00,30.0,31.63,146.9
2026-10-03 13:13:04-07:00,30.0,31.68,146.9
2026-10-03 13:13:05-07:00,30.0,31.73,134.1
2026-10-03 13:13:06-07:00,30.0,31.77,134.1
2026-10-03 13:13:07-07:00,30.0,31.82,112.1
2026-10-03 13:13:08-07:00,30.0,31.84,112.1
2026-10-03 13:13:09-07:00,30.0,31.87,136.8
2026-10-03 13:13:10-07:00,30.0,31.91,136.8
2026-10-03 13:13:11-07:00,30.0,31.95,144.9
2026-10-03 13:13:12-07:00,30.0,32.0,144.9
2026-10-03 13:13:13-07:00,30.0,32.06,85.0
2026-10-03 13:13:14-07:00,30.0,32.07,85.0
2026-10-03 13:13:15-07:00,35.0,32.08,70.7
2026-10-03 13:13:16-07:00,35.0,32.09,70.7
2026-10-03 13:13:17-07:00,35.0,32.09,51.2
2026-10-03 13:13:18-07:00,35.0,32.09,51.2
2026-10-03 13:13:19-07:00,35.0,32.09,45.4
2026-10-03 13:13:20-07:00,35.0,32.09,45.4
2026-10-03 13:13:21-07:00,35.0,32.09,60.5
2026-10-03 13:13:22-07:00,35.0,32.09,60.5
2026-10-03 13:13:23-07:00,35.0,32.1,39.4
2026-10-03 13:13:24-07:00,35.0,32.09,39.4
2026-10-03 13:13:25-07:00,35.0,32.09,26.1
2026-10-03 13:13:26-07:00,35.0,32.08,26.1
2026-10-03 13:13:27-07:00,35.0,32.08,120.2
2026-10-03 13:13:28-07:00,35.0,32.11,120.2
2026-10-03 13:13:29-07:00,35.0,32.14,14.7
2026-10-03 13:13:30-07:00,35.0,32.13,14.7
2026-10-03 13:13:31-07:00,35.0,32.12,10.0
2026-10-03 13:13:32-07:00,35.0,32.11,10.0
2026-10-03 13:13:33-07:00,35.0,32.1,25.8
2026-10-03 13:13:34-07:00,35.0,32.1,25.8
2026-10-03 13:13:35-07:00,30.0,32.09,106.6
2026-10-03 13:13:36-07:00,30.0,32.11,106.6
2026-10-03 13:13:37-07:00,35.0,32.13,27.2
2026-10-03 13:13:38-07:00,35.0,32.11,27.2
2026-10-03 13:13:39-07:00,30.0,32.1,179.1
2026-10-03 13:13:40-07:00,30.0,32.18,179.1
2026-10-03 13:13:41-07:00,35.0,32.25,141.9
2026-10-03 13:13:42-07:00,35.0,32.3,141.9
2026-10-03 13:13:43-07:00,35.0,32.34,624.1
2026-10-03 13:13:44-07:00,35.0,33.43,624.1
2026-10-03 13:13:45-07:00,35.0,34.51,691.1
2026-10-03 13:13:46-07:00,35.0,35.84,691.1
2026-10-03 13:13:47-07:00,35.0,37.17,328.6
2026-10-03 13:13:48-07:00,35.0,37.46,328.6
2026-10-03 13:13:49-07:00,35.0,37.74,144.8
2026-10-03 13:13:50-07:00,35.0,37.78,144.8
2026-10-03 13:13:51-07:00,35.0,37.82,0.0
2026-10-03 13:13:52-07:00,35.0,37.8,0.0
2026-10-03 13:13:53-07:00,35.0,37.78,0.0
2026-10-03 13:13:54-07:00,35.0,37.76,0.0
2026-10-03 13:13:55-07:00,35.0,37.74,0.0
2026-10-03 13:13:56-07:00,35.0,37.72,0.0
2026-10-03 13:13:57-07:00,35.0,37.7,88.7
2026-10-03 13:13:58-07:00,35.0,37.7,88.7
2026-10-03 13:13:59-07:00,35.0,37.7,227.2
2026-10-03 13:14:00-07:00,40.0,37.82,227.2
2026-10-03 13:14:01-07:00,40.0,37.95,227.2
2026-10-03 13:14:02-07:00,40.0,38.07,299.8
2026-10-03 13:14:03-07:00,40.0,38.31,299.8
2026-10-03 13:14:04-07:00,40.0,38.54,319.9
2026-10-03 13:14:05-07:00,40.0,38.81,319.9
2026-10-03 13:14:06-07:00,40.0,39.08,312.4
2026-10-03 13:14:07-07:00,40.0,39.34,312.4
2026-10-03 13:14:08-07:00,40.0,39.59,114.7
2026-10-03 13:14:09-07:00,40.0,39.61,114.7
2026-10-03 13:14:10-07:00,40.0,39.63,99.0
2026-10-03 13:14:11-07:00,40.0,39.64,99.0
2026-10-03 13:14:12-07:00,40.0,39.65,58.9
2026-10-03 13:14:13-07:00,40.0,39.65,58.9
2026-10-03 13:14:14-07:00,40.0,39.64,61.5
2026-10-03 13:14:15-07:00,40.0,39.63,61.5
2026-10-03 13:14:16-07:00,40.0,39.63,124.1
2026-10-03 13:14:17-07:00,40.0,39.65,124.1
2026-10-03 13:14:18-07:00,40.0,39.68,70.1
2026-10-03 13:14:19-07:00,40.0,39.67,70.1
2026-10-03 13:14:20-07:00,40.0,39.67,87.5
2026-10-03 13:14:21-07:00,40.0,39.67,87.5
2026-10-03 13:14:22-07:00,40.0,39.68,100.2
2026-10-03 13:14:23-07:00,40.0,39.69,100.2
2026-10-03 13:14:24-07:00,40.0,39.7,291.2
2026-10-03 13:14:25-07:00,40.0,39.92,291.2
2026-10-03 13:14:26-07:00,40.0,40.14,305.3
2026-10-03 13:14:27-07:00,40.0,40.39,305.3
2026-10-03 13:14:28-07:00,40.0,40.64,96.3
2026-10-03 13:14:29-07:00,40.0,40.65,96.3
2026-10-03 13:14:30-07:00,40.0,40.66,87.5
2026-10-03 13:14:31-07:00,40.0,40.67,87.5
2026-10-03 13:14:32-07:00,40.0,40.67,14.9
2026-10-03 13:14:33-07:00,40.0,40.66,14.9
2026-10-03 13:14:34-07:00,40.0,40.64,23.5
2026-10-03 13:14:35-07:00,40.0,40.62,23.5
2026-10-03 13:14:36-07:00,40.0,40.61,16.2
2026-10-03 13:14:37-07:00,40.0,40.59,16.2
2026-10-03 13:14:38-07:00,45.0,40.57,19.0
2026-10-03 13:14:39-07:00,45.0,40.55,19.0
2026-10-03 13:14:40-07:00,45.0,40.54,49.7
2026-10-03 13:14:41-07:00,45.0,40.52,49.7
2026-10-03 13:14:42-07:00,40.0,40.51,-33.8
2026-10-03 13:14:43-07:00,40.0,40.49,-33.8
2026-10-03 13:14:44-07:00,40.0,40.47,0.0
2026-10-03 13:14:45-07:00,40.0,40.44,0.0
2026-10-03 13:14:46-07:00,45.0,40.42,174.5
2026-10-03 13:14:47-07:00,45.0,40.48,174.5
2026-10-03 13:14:48-07:00,40.0,40.54,645.9
2026-10-03 13:14:49-07:00,40.0,41.7,645.9
2026-10-03 13:14:50-07:00,45.0,42.85,192.1
2026-10-03 13:14:51-07:00,45.0,42.92,192.1
2026-10-03 13:14:52-07:00,45.0,43.0,299.9
2026-10-03 13:14:53-07:00,45.0,43.23,299.9
2026-10-03 13:14:54-07:00,45.0,43.46,19.0
2026-10-03 13:14:55-07:00,45.0,43.43,19.0
2026-10-03 13:14:56-07:00,45.0,43.4,0.0
2026-10-03 13:14:57-07:00,45.0,43.37,0.0
2026-10-03 13:14:58-07:00,45.0,43.34,0.0
2026-10-03 13:14:59-07:00,45.0,43.32,0.0
2026-10-03 13:15:00-07:00,45.0,43.29,0.0
2026-10-03 13:15:01-07:00,45.0,43.26,0.0
2026-10-03 13:15:02-07:00,45.0,43.23,0.0
2026-10-03 13:15:03-07:00,45.0,43.2,0.0
2026-10-03 13:15:04-07:00,45.0,43.18,0.0
2026-10-03 13:15:05-07:00,45.0,43.15,94.4
2026-10-03 13:15:06-07:00,45.0,43.15,94.4
2026-10-03 13:15:07-07:00,45.0,43.14,179.8
2026-10-03 13:15:08-07:00,45.0,43.21,179.8
2026-10-03 13:15:09-07:00,45.0,43.27,209.5
2026-10-03 13:15:10-07:00,45.0,43.37,209.5
2026-10-03 13:15:11-07:00,45.0,43.47,0.0
2026-10-03 13:15:12-07:00,45.0,43.44,0.0
2026-10-03 13:15:13-07:00,45.0,43.42,0.0
2026-10-03 13:15:14-07:00,45.0,43.39,0.0
2026-10-03 13:15:15-07:00,45.0,43.36,0.0
2026-10-03 13:15:16-07:00,45.0,43.33,0.0
2026-10-03 13:15:17-07:00,45.0,43.3,348.4
2026-10-03 13:15:18-07:00,45.0,43.62,348.4
2026-10-03 13:15:19-07:00,50.0,43.93,740.5
2026-10-03 13:15:20-07:00,50.0,45.45,740.5
2026-10-03 13:15:21-07:00,50.0,46.97,277.6
2026-10-03 13:15:22-07:00,50.0,47.15,277.6
2026-10-03 13:15:23-07:00,50.0,47.34,203.4
2026-10-03 13:15:24-07:00,50.0,47.43,203.4
2026-10-03 13:15:25-07:00,50.0,47.51,88.0
2026-10-03 13:15:26-07:00,50.0,47.51,88.0
2026-10-03 13:15:27-07:00,50.0,47.5,89.8
2026-10-03 13:15:28-07:00,50.0,47.49,89.8
2026-10-03 13:15:29-07:00,50.0,47.49,57.5
2026-10-03 13:15:30-07:00,50.0,47.47,57.5
2026-10-03 13:15:31-07:00,50.0,47.45,62.2
2026-10-03 13:15:32-07:00,50.0,47.43,62.2
2026-10-03 13:15:33-07:00,50.0,47.41,86.2
2026-10-03 13:15:34-07:00,50.0,47.4,86.2
2026-10-03 13:15:35-07:00,50.0,47.39,10.2
2026-10-03 13:15:36-07:00,50.0,47.37,10.2
2026-10-03 13:15:37-07:00,50.0,47.34,35.8
2026-10-03 13:15:38-07:00,50.0,47.31,35.8
2026-10-03 13:15:39-07:00,50.0,47.28,62.8
2026-10-03 13:15:40-07:00,50.0,47.26,62.8
2026-10-03 13:15:41-07:00,50.0,47.25,60.4
2026-10-03 13:15:42-07:00,50.0,47.23,60.4
2026-10-03 13:15:43-07:00,50.0,47.21,41.0
2026-10-03 13:15:44-07:00,50.0,47.18,41.0
2026-10-03 13:15:45-07:00,50.0,47.15,142.0
2026-10-03 13:15:46-07:00,50.0,47.18,142.0
2026-10-03 13:15:47-07:00,50.0,47.21,154.2
2026-10-03 13:15:48-07:00,50.0,47.24,154.2
2026-10-03 13:15:49-07:00,50.0,47.28,94.7
2026-10-03 13:15:50-07:00,50.0,47.28,94.7
2026-10-03 13:15:51-07:00,50.0,47.27,103.7
2026-10-03 13:15:52-07:00,50.0,47.28,103.7
2026-10-03 13:15:53-07:00,50.0,47.28,50.6
2026-10-03 13:15:54-07:00,50.0,47.26,50.6
2026-10-03 13:15:55-07:00,50.0,47.24,28.6
2026-10-03 13:15:56-07:00,50.0,47.21,28.6
2026-10-03 13:15:57-07:00,50.0,47.19,49.6
2026-10-03 13:15:58-07:00,50.0,47.17,49.6
2026-10-03 13:15:59-07:00,50.0,47.15,68.9
2026-10-03 13:16:00-07:00,50.0,47.13,68.9
2026-10-03 13:16:01-07:00,50.0,47.12,71.1
2026-10-03 13:16:02-07:00,50.0,47.1,71.1
2026-10-03 13:16:03-07:00,50.0,47.09,83.1
2026-10-03 13:16:04-07:00,50.0,47.08,83.1
2026-10-03 13:16:05-07:00,50.0,47.07,68.7
2026-10-03 13:16:06-07:00,50.0,47.06,68.7
2026-10-03 13:16:07-07:00,50.0,47.05,52.0
2026-10-03 13:16:08-07:00,50.0,47.03,52.0
2026-10-03 13:16:09-07:00,50.0,47.01,52.0
2026-10-03 13:16:10-07:00,50.0,46.99,32.1
2026-10-03 13:16:11-07:00,50.0,46.96,32.1
2026-10-03 13:16:12-07:00,50.0,46.94,48.6
2026-10-03 13:16:13-07:00,50.0,46.92,48.6
2026-10-03 13:16:14-07:00,50.0,46.9,72.4
2026-10-03 13:16:15-07:00,50.0,46.88,72.4
2026-10-03 13:16:16-07:00,50.0,46.87,151.8
2026-10-03 13:16:17-07:00,50.0,46.9,151.8
2026-10-03 13:16:18-07:00,50.0,46.94,140.8
2026-10-03 13:16:19-07:00,50.0,46.97,140.8
2026-10-03 13:16:20-07:00,50.0,46.99,247.0
2026-10-03 13:16:21-07:00,50.0,47.14,247.0
2026-10-03 13:16:22-07:00,50.0,47.28,214.8
2026-10-03 13:16:23-07:00,50.0,47.38,214.8
2026-10-03 13:16:24-07:00,50.0,47.48,161.6
2026-10-03 13:16:25-07:00,50.0,47.53,161.6
2026-10-03 13:16:26-07:00,50.0,47.57,98.0
2026-10-03 13:16:27-07:00,50.0,47.57,98.0
2026-10-03 13:16:28-07:00,50.0,47.57,68.4
2026-10-03 13:16:29-07:00,50.0,47.56,68.4
2026-10-03 13:16:30-07:00,50.0,47.54,70.3
2026-10-03 13:16:31-07:00,50.0,47.53,70.3
2026-10-03 13:16:32-07:00,50.0,47.51,69.4
2026-10-03 13:16:33-07:00,50.0,47.5,69.4
2026-10-03 13:16:34-07:00,50.0,47.48,92.2
2026-10-03 13:16:35-07:00,50.0,47.48,92.2
2026-10-03 13:16:36-07:00,50.0,47.47,78.1
2026-10-03 13:16:37-07:00,50.0,47.46,78.1
2026-10-03 13:16:38-07:00,50.0,47.45,81.4
2026-10-03 13:16:39-07:00,50.0,47.44,81.4
2026-10-03 13:16:40-07:00,50.0,47.43,86.9
2026-10-03 13:16:41-07:00,50.0,47.42,86.9
2026-10-03 13:16:42-07:00,50.0,47.42,77.3
2026-10-03 13:16:43-07:00,50.0,47.41,77.3
2026-10-03 13:16:44-07:00,50.0,47.39,94.8
2026-10-03 13:16:45-07:00,50.0,47.39,94.8
2026-10-03 13:16:46-07:00,50.0,47.39,46.7
2026-10-03 13:16:47-07:00,50.0,47.37,46.7
2026-10-03 13:16:48-07:00,50.0,47.35,66.9
2026-10-03 13:16:49-07:00,50.0,47.33,66.9
2026-10-03 13:16:50-07:00,50.0,47.32,24.4
2026-10-03 13:16:51-07:00,50.0,47.29,24.4
2026-10-03 13:16:52-07:00,50.0,47.27,58.3
2026-10-03 13:16:53-07:00,50.0,47.25,58.3
2026-10-03 13:16:54-07:00,50.0,47.23,58.3
2026-10-03 13:16:55-07:00,50.0,47.22,56.3
2026-10-03 13:16:56-07:00,50.0,47.2,56.3
2026-10-03 13:16:57-07:00,45.0,47.18,67.7
2026-10-03 13:16:58-07:00,45.0,47.16,67.7
2026-10-03 13:16:59-07:00,45.0,47.15,73.3
2026-10-03 13:17:00-07:00,45.0,47.14,73.3
2026-10-03 13:17:01-07:00,45.0,47.12,42.6
2026-10-03 13:17:02-07:00,45.0,47.1,42.6
2026-10-03 13:17:03-07:00,45.0,47.08,50.4
2026-10-03 13:17:04-07:00,45.0,47.06,50.4
2026-10-03 13:17:05-07:00,45.0,47.04,34.4
2026-10-03 13:17:06-07:00,45.0,47.01,34.4
2026-10-03 13:17:07-07:00,45.0,46.99,45.2
2026-10-03 13:17:08-07:00,45.0,46.96,45.2
2026-10-03 13:17:09-07:00,45.0,46.94,185.9
2026-10-03 13:17:10-07:00,45.0,47.01,185.9
2026-10-03 13:17:11-07:00,45.0,47.07,278.4
2026-10-03 13:17:12-07:00,45.0,47.26,278.4
2026-10-03 13:17:13-07:00,45.0,47.45,320.0
2026-10-03 13:17:14-07:00,45.0,47.71,320.0
2026-10-03 13:17:15-07:00,45.0,47.96,316.1
2026-10-03 13:17:16-07:00,45.0,48.22,316.1
2026-10-03 13:17:17-07:00,45.0,48.47,228.4
2026-10-03 13:17:18-07:00,45.0,48.58,228.4
2026-10-03 13:17:19-07:00,50.0,48.7,129.6
2026-10-03 13:17:20-07:00,50.0,48.72,129.6
2026-10-03 13:17:21-07:00,50.0,48.74,79.7
2026-10-03 13:17:22-07:00,50.0,48.73,79.7
2026-10-03 13:17:23-07:00,50.0,48.71,81.8
2026-10-03 13:17:24-07:00,50.0,48.7,81.8
2026-10-03 13:17:25-07:00,50.0,48.69,82.2
2026-10-03 13:17:26-07:00,50.0,48.68,82.2
2026-10-03 13:17:27-07:00,50.0,48.67,87.4
2026-10-03 13:17:28-07:00,50.0,48.67,87.4
2026-10-03 13:17:29-07:00,50.0,48.66,81.3
2026-10-03 13:17:30-07:00,50.0,48.65,81.3
2026-10-03 13:17:31-07:00,50.0,48.64,98.2
2026-10-03 13:17:32-07:00,50.0,48.63,98.2
2026-10-03 13:17:33-07:00,50.0,48.63,90.6
2026-10-03 13:17:34-07:00,50.0,48.63,90.6
2026-10-03 13:17:35-07:00,50.0,48.62,52.1
2026-10-03 13:17:36-07:00,50.0,48.6,52.1
2026-10-03 13:17:37-07:00,50.0,48.58,71.3
2026-10-03 13:17:38-07:00,50.0,48.56,71.3
2026-10-03 13:17:39-07:00,50.0,48.55,103.3
2026-10-03 13:17:40-07:00,50.0,48.55,103.3
2026-10-03 13:17:41-07:00,50.0,48.55,52.6
2026-10-03 13:17:42-07:00,50.0,48.53,52.6
2026-10-03 13:17:43-07:00,50.0,48.51,64.7
2026-10-03 13:17:44-07:00,50.0,48.49,64.7
2026-10-03 13:17:45-07:00,50.0,48.48,48.1
2026-10-03 13:17:46-07:00,50.0,48.46,48.1
2026-10-03 13:17:47-07:00,50.0,48.43,65.3
2026-10-03 13:17:48-07:00,50.0,48.42,65.3
2026-10-03 13:17:49-07:00,50.0,48.4,65.3
2026-10-03 13:17:50-07:00,50.0,48.39,30.7
2026-10-03 13:17:51-07:00,50.0,48.36,30.7
2026-10-03 13:17:52-07:00,50.0,48.34,39.7
2026-10-03 13:17:53-07:00,50.0,48.31,39.7
2026-10-03 13:17:54-07:00,50.0,48.29,46.1
2026-10-03 13:17:55-07:00,50.0,48.27,46.1
2026-10-03 13:17:56-07:00,45.0,48.24,69.7
2026-10-03 13:17:57-07:00,45.0,48.23,69.7
2026-10-03 13:17:58-07:00,45.0,48.21,115.1
2026-10-03 13:17:59-07:00,45.0,48.22,115.1
2026-10-03 13:18:00-07:00,45.0,48.23,182.4
2026-10-03 13:18:01-07:00,45.0,48.29,182.4
2026-10-03 13:18:02-07:00,45.0,48.36,221.9
2026-10-03 13:18:03-07:00,45.0,48.47,221.9
2026-10-03 13:18:04-07:00,45.0,48.58,158.4
2026-10-03 13:18:05-07:00,45.0,48.62,158.4
2026-10-03 13:18:06-07:00,45.0,48.66,88.4
2026-10-03 13:18:07-07:00,45.0,48.65,88.4
2026-10-03 13:18:08-07:00,45.0,48.65,50.5
2026-10-03 13:18:09-07:00,45.0,48.63,50.5
2026-10-03 13:18:10-07:00,45.0,48.61,52.2
2026-10-03 13:18:11-07:00,45.0,48.58,52.2
2026-10-03 13:18:12-07:00,45.0,48.56,34.4
2026-10-03 13:18:13-07:00,45.0,48.54,34.4
2026-10-03 13:18:14-07:00,45.0,48.51,55.8
2026-10-03 13:18:15-07:00,45.0,48.49,55.8
2026-10-03 13:18:16-07:00,45.0,48.47,101.6
2026-10-03 13:18:17-07:00,45.0,48.47,101.6
2026-10-03 13:18:18-07:00,45.0,48.47,140.8
2026-10-03 13:18:19-07:00,45.0,48.49,140.8
2026-10-03 13:18:20-07:00,45.0,48.52,121.7
2026-10-03 13:18:21-07:00,45.0,48.53,121.7
2026-10-03 13:18:22-07:00,45.0,48.54,159.6
2026-10-03 13:18:23-07:00,45.0,48.59,159.6
2026-10-03 13:18:24-07:00,45.0,48.63,66.2
2026-10-03 13:18:25-07:00,45.0,48.62,66.2
2026-10-03 13:18:26-07:00,45.0,48.6,88.8
2026-10-03 13:18:27-07:00,45.0,48.6,88.8
2026-10-03 13:18:28-07:00,45.0,48.59,45.7
2026-10-03 13:18:29-07:00,45.0,48.57,45.7
2026-10-03 13:18:30-07:00,45.0,48.55,96.2
2026-10-03 13:18:31-07:00,45.0,48.55,96.2
2026-10-03 13:18:32-07:00,45.0,48.54,77.7
2026-10-03 13:18:33-07:00,45.0,48.53,77.7
2026-10-03 13:18:34-07:00,45.0,48.52,75.6
2026-10-03 13:18:35-07:00,45.0,48.51,75.6
2026-10-03 13:18:36-07:00,45.0,48.5,21.7
2026-10-03 13:18:37-07:00,45.0,48.47,21.7
2026-10-03 13:18:38-07:00,45.0,48.45,59.0
2026-10-03 13:18:39-07:00,45.0,48.43,59.0
2026-10-03 13:18:40-07:00,45.0,48.41,85.6
2026-10-03 13:18:41-07:00,45.0,48.4,85.6
2026-10-03 13:18:42-07:00,45.0,48.39,159.7
2026-10-03 13:18:43-07:00,45.0,48.44,159.7
2026-10-03 13:18:44-07:00,45.0,48.48,236.5
2026-10-03 13:18:45-07:00,45.0,48.61,236.5
2026-10-03 13:18:46-07:00,45.0,48.74,236.5
2026-10-03 13:18:47-07:00,45.0,48.86,186.8
2026-10-03 13:18:48-07:00,45.0,48.93,186.8
2026-10-03 13:18:49-07:00,45.0,49.0,110.7
2026-10-03 13:18:50-07:00,45.0,49.01,110.7
2026-10-03 13:18:51-07:00,45.0,49.01,55.3
2026-10-03 13:18:52-07:00,45.0,48.99,55.3
2026-10-03 13:18:53-07:00,45.0,48.97,64.8
2026-10-03 13:18:54-07:00,45.0,48.96,64.8
2026-10-03 13:18:55-07:00,45.0,48.94,85.7
2026-10-03 13:18:56-07:00,45.0,48.93,85.7
2026-10-03 13:18:57-07:00,45.0,48.92,55.0
2026-10-03 13:18:58-07:00,45.0,48.9,55.0
2026-10-03 13:18:59-07:00,45.0,48.88,80.8
2026-10-03 13:19:00-07:00,45.0,48.87,80.8
2026-10-03 13:19:01-07:00,45.0,48.86,82.2
2026-10-03 13:19:02-07:00,45.0,48.85,82.2
2026-10-03 13:19:03-07:00,45.0,48.84,68.9
2026-10-03 13:19:04-07:00,45.0,48.82,68.9
2026-10-03 13:19:05-07:00,45.0,48.8,108.4
2026-10-03 13:19:06-07:00,45.0,48.81,108.4
2026-10-03 13:19:07-07:00,45.0,48.81,38.3
2026-10-03 13:19:08-07:00,45.0,48.79,38.3
2026-10-03 13:19:09-07:00,45.0,48.76,44.1
2026-10-03 13:19:10-07:00,45.0,48.74,44.1
2026-10-03 13:19:11-07:00,45.0,48.72,73.3
2026-10-03 13:19:12-07:00,45.0,48.71,73.3
2026-10-03 13:19:13-07:00,45.0,48.69,85.0
2026-10-03 13:19:14-07:00,45.0,48.68,85.0
2026-10-03 13:19:15-07:00,45.0,48.68,82.4
2026-10-03 13:19:16-07:00,45.0,48.67,82.4
2026-10-03 13:19:17-07:00,45.0,48.66,13.7
2026-10-03 13:19:18-07:00,45.0,48.63,13.7
2026-10-03 13:19:19-07:00,45.0,48.6,46.7
2026-10-03 13:19:20-07:00,45.0,48.58,46.7
2026-10-03 13:19:21-07:00,45.0,48.56,56.3
2026-10-03 13:19:22-07:00,45.0,48.54,56.3
2026-10-03 13:19:23-07:00,45.0,48.52,85.4
2026-10-03 13:19:24-07:00,45.0,48.51,85.4
2026-10-03 13:19:25-07:00,45.0,48.5,85.4
2026-10-03 13:19:26-07:00,45.0,48.49,107.9
2026-10-03 13:19:27-07:00,45.0,48.5,107.9
2026-10-03 13:19:28-07:00,45.0,48.5,218.1
2026-10-03 13:19:29-07:00,45.0,48.6,218.1
2026-10-03 13:19:30-07:00,45.0,48.71,212.2
2026-10-03 13:19:31-07:00,45.0,48.8,212.2
2026-10-03 13:19:32-07:00,45.0,48.9,134.9
2026-10-03 13:19:33-07:00,45.0,48.92,134.9
2026-10-03 13:19:34-07:00,45.0,48.94,74.1
2026-10-03 13:19:35-07:00,45.0,48.93,74.1
2026-10-03 13:19:36-07:00,45.0,48.92,96.0
2026-10-03 13:19:37-07:00,45.0,48.91,96.0
2026-10-03 13:19:38-07:00,45.0,48.91,64.7
2026-10-03 13:19:39-07:00,45.0,48.89,64.7
2026-10-03 13:19:40-07:00,45.0,48.87,89.9
2026-10-03 13:19:41-07:00,45.0,48.87,89.9
2026-10-03 13:19:42-07:00,45.0,48.86,74.7
2026-10-03 13:19:43-07:00,45.0,48.85,74.7
2026-10-03 13:19:44-07:00,45.0,48.83,91.3
2026-10-03 13:19:45-07:00,45.0,48.83,91.3
2026-10-03 13:19:46-07:00,45.0,48.82,119.7
2026-10-03 13:19:47-07:00,45.0,48.83,119.7
2026-10-03 13:19:48-07:00,45.0,48.84,77.2
2026-10-03 13:19:49-07:00,45.0,48.83,77.2
2026-10-03 13:19:50-07:00,45.0,48.82,87.3
2026-10-03 13:19:51-07:00,45.0,48.81,87.3
2026-10-03 13:19:52-07:00,45.0,48.81,64.1
2026-10-03 13:19:53-07:00,45.0,48.79,64.1
2026-10-03 13:19:54-07:00,45.0,48.77,74.5
2026-10-03 13:19:55-07:00,45.0,48.76,74.5
2026-10-03 13:19:56-07:00,45.0,48.75,70.6
2026-10-03 13:19:57-07:00,45.0,48.73,70.6
2026-10-03 13:19:58-07:00,45.0,48.72,52.9
2026-10-03 13:19:59-07:00,45.0,48.7,52.9
2026-10-03 13:20:00-07:00,45.0,48.68,67.8
2026-10-03 13:20:01-07:00,45.0,48.67,67.8
2026-10-03 13:20:02-07:00,45.0,48.65,22.0
2026-10-03 13:20:03-07:00,45.0,48.63,22.0
2026-10-03 13:20:04-07:00,45.0,48.6,35.6
2026-10-03 13:20:05-07:00,45.0,48.57,35.6
2026-10-03 13:20:06-07:00,45.0,48.55,24.3
2026-10-03 13:20:07-07:00,45.0,48.52,24.3
2026-10-03 13:20:08-07:00,45.0,48.49,24.3
2026-10-03 13:20:09-07:00,45.0,48.46,36.0
2026-10-03 13:20:10-07:00,45.0,48.43,36.0
2026-10-03 13:20:11-07:00,45.0,48.4,57.6
2026-10-03 13:20:12-07:00,45.0,48.38,57.6
2026-10-03 13:20:13-07:00,45.0,48.36,45.6
2026-10-03 13:20:14-07:00,45.0,48.33,45.6
2026-10-03 13:20:15-07:00,45.0,48.3,76.2
2026-10-03 13:20:16-07:00,45.0,48.28,76.2
2026-10-03 13:20:17-07:00,45.0,48.26,74.5
2026-10-03 13:20:18-07:00,45.0,48.25,74.5
2026-10-03 13:20:19-07:00,45.0,48.23,45.9
2026-10-03 13:20:20-07:00,45.0,48.2,45.9
2026-10-03 13:20:21-07:00,45.0,48.17,35.3
2026-10-03 13:20:22-07:00,45.0,48.14,35.3
2026-10-03 13:20:23-07:00,45.0,48.11,59.6
2026-10-03 13:20:24-07:00,45.0,48.08,59.6
2026-10-03 13:20:25-07:00,45.0,48.06,0.0
2026-10-03 13:20:26-07:00,45.0,48.03,0.0
2026-10-03 13:20:27-07:00,45.0,47.99,0.0
2026-10-03 13:20:28-07:00,45.0,47.96,0.0
2026-10-03 13:20:29-07:00,45.0,47.92,0.0
2026-10-03 13:20:30-07:00,45.0,47.89,0.0
2026-10-03 13:20:31-07:00,45.0,47.86,0.0
2026-10-03 13:20:32-07:00,45.0,47.82,0.0
2026-10-03 13:20:33-07:00,45.0,47.79,0.0
2026-10-03 13:20:34-07:00,45.0,47.75,0.0
2026-10-03 13:20:35-07:00,45.0,47.72,0.0
2026-10-03 13:20:36-07:00,45.0,47.69,0.0
2026-10-03 13:20:37-07:00,45.0,47.65,0.0
2026-10-03 13:20:38-07:00,45.0,47.62,0.0
2026-10-03 13:20:39-07:00,45.0,47.58,0.0
2026-10-03 13:20:40-07:00,45.0,47.55,0.0
2026-10-03 13:20:41-07:00,45.0,47.52,0.0
2026-10-03 13:20:42-07:00,45.0,47.48,0.0
2026-10-03 13:20:43-07:00,45.0,47.45,0.0
2026-10-03 13:20:44-07:00,45.0,47.42,0.0
2026-10-03 13:20:45-07:00,45.0,47.38,0.0
2026-10-03 13:20:46-07:00,45.0,47.35,0.0
2026-10-03 13:20:47-07:00,45.0,47.32,0.0
2026-10-03 13:20:48-07:00,45.0,47.28,0.0
2026-10-03 13:20:49-07:00,45.0,47.25,0.0
2026-10-03 13:20:50-07:00,45.0,47.22,0.0
2026-10-03 13:20:51-07:00,45.0,47.18,0.0
2026-10-03 13:20:52-07:00,45.0,47.15,0.0
2026-10-03 13:20:53-07:00,45.0,47.12,0.0
2026-10-03 13:20:54-07:00,45.0,47.08,0.0
2026-10-03 13:20:55-07:00,45.0,47.05,0.0
2026-10-03 13:20:56-07:00,45.0,47.02,0.0
2026-10-03 13:20:57-07:00,45.0,46.99,0.0
2026-10-03 13:20:58-07:00,45.0,46.95,0.0
2026-10-03 13:20:59-07:00,45.0,46.92,0.0
2026-10-03 13:21:00-07:00,45.0,46.89,0.0
2026-10-03 13:21:01-07:00,45.0,46.85,0.0
2026-10-03 13:21:02-07:00,45.0,46.82,0.0
2026-10-03 13:21:03-07:00,45.0,46.79,0.0
2026-10-03 13:21:04-07:00,45.0,46.76,0.0
2026-10-03 13:21:05-07:00,45.0,46.72,0.0
2026-10-03 13:21:06-07:00,45.0,46.69,0.0
2026-10-03 13:21:07-07:00,45.0,46.66,0.0
2026-10-03 13:21:08-07:00,45.0,46.63,0.0
2026-10-03 13:21:09-07:00,45.0,46.59,0.0
2026-10-03 13:21:10-07:00,45.0,46.56,0.0
2026-10-03 13:21:11-07:00,45.0,46.53,0.0
2026-10-03 13:21:12-07:00,45.0,46.5,0.0
2026-10-03 13:21:13-07:00,45.0,46.46,0.0
2026-10-03 13:21:14-07:00,45.0,46.43,0.0
2026-10-03 13:21:15-07:00,45.0,46.4,0.0
2026-10-03 13:21:16-07:00,45.0,46.37,0.0
2026-10-03 13:21:17-07:00,45.0,46.34,0.0
2026-10-03 13:21:18-07:00,45.0,46.3,0.0
2026-10-03 13:21:19-07:00,45.0,46.27,0.0
2026-10-03 13:21:20-07:00,45.0,46.24,0.0
2026-10-03 13:21:21-07:00,45.0,46.21,0.0
2026-10-03 13:21:22-07:00,45.0,46.18,0.0
2026-10-03 13:21:23-07:00,45.0,46.14,0.0
2026-10-03 13:21:24-07:00,45.0,46.11,0.0
2026-10-03 13:21:25-07:00,45.0,46.08,0.0
2026-10-03 13:21:26-07:00,45.0,46.05,0.0
2026-10-03 13:21:27-07:00,45.0,46.02,0.0
2026-10-03 13:21:28-07:00,45.0,45.99,0.0
2026-10-03 13:21:29-07:00,45.0,45.95,0.0
2026-10-03 13:21:30-07:00,45.0,45.92,0.0
2026-10-03 13:21:31-07:00,45.0,45.89,0.0
2026-10-03 13:21:32-07:00,45.0,45.86,0.0
2026-10-03 13:21:33-07:00,45.0,45.83,0.0
2026-10-03 13:21:34-07:00,45.0,45.8,0.0
2026-10-03 13:21:35-07:00,45.0,45.77,0.0
2026-10-03 13:21:36-07:00,45.0,45.73,0.0
2026-10-03 13:21:37-07:00,45.0,45.7,0.0
2026-10-03 13:21:38-07:00,45.0,45.67,0.0
2026-10-03 13:21:39-07:00,45.0,45.64,0.0
2026-10-03 13:21:40-07:00,45.0,45.61,0.0
2026-10-03 13:21:41-07:00,45.0,45.58,0.0
2026-10-03 13:21:42-07:00,45.0,45.55,0.0
2026-10-03 13:21:43-07:00,45.0,45.52,0.0
2026-10-03 13:21:44-07:00,45.0,45.48,0.0
2026-10-03 13:21:45-07:00,45.0,45.45,0.0
2026-10-03 13:21:46-07:00,45.0,45.42,0.0
2026-10-03 13:21:47-07:00,45.0,45.39,0.0
2026-10-03 13:21:48-07:00,45.0,45.36,0.0
2026-10-03 13:21:49-07:00,45.0,45.33,0.0
2026-10-03 13:21:50-07:00,45.0,45.3,0.0
2026-10-03 13:21:51-07:00,45.0,45.27,0.0
2026-10-03 13:21:52-07:00,45.0,45.24,0.0
2026-10-03 13:21:53-07:00,45.0,45.21,0.0
2026-10-03 13:21:54-07:00,45.0,45.18,0.0
2026-10-03 13:21:55-07:00,45.0,45.15,78.9
2026-10-03 13:21:56-07:00,45.0,45.13,78.9
2026-10-03 13:21:57-07:00,45.0,45.12,115.6
2026-10-03 13:21:58-07:00,45.0,45.13,115.6
2026-10-03 13:21:59-07:00,45.0,45.14,259.6
2026-10-03 13:22:00-07:00,45.0,45.3,259.6
2026-10-03 13:22:01-07:00,45.0,45.46,338.8
2026-10-03 13:22:02-07:00,45.0,45.75,338.8
2026-10-03 13:22:03-07:00,45.0,46.05,318.5
2026-10-03 13:22:04-07:00,45.0,46.31,318.5
2026-10-03 13:22:05-07:00,45.0,46.56,207.2
2026-10-03 13:22:06-07:00,45.0,46.66,207.2
2026-10-03 13:22:07-07:00,45.0,46.75,171.1
2026-10-03 13:22:08-07:00,45.0,46.8,171.1
2026-10-03 13:22:09-07:00,45.0,46.86,88.0
2026-10-03 13:22:10-07:00,45.0,46.85,88.0
2026-10-03 13:22:11-07:00,45.0,46.85,115.7
2026-10-03 13:22:12-07:00,45.0,46.86,115.7
2026-10-03 13:22:13-07:00,45.0,46.87,81.1
2026-10-03 13:22:14-07:00,45.0,46.86,81.1
2026-10-03 13:22:15-07:00,45.0,46.85,137.1
2026-10-03 13:22:16-07:00,45.0,46.87,137.1
2026-10-03 13:22:17-07:00,45.0,46.9,116.8
2026-10-03 13:22:18-07:00,45.0,46.91,116.8
2026-10-03 13:22:19-07:00,45.0,46.92,71.9
2026-10-03 13:22:20-07:00,45.0,46.91,71.9
2026-10-03 13:22:21-07:00,45.0,46.9,86.3
2026-10-03 13:22:22-07:00,45.0,46.89,86.3
2026-10-03 13:22:23-07:00,45.0,46.89,93.1
2026-10-03 13:22:24-07:00,45.0,46.89,93.1
2026-10-03 13:22:25-07:00,45.0,46.88,87.7
2026-10-03 13:22:26-07:00,45.0,46.88,87.7
2026-10-03 13:22:27-07:00,45.0,46.87,69.9
2026-10-03 13:22:28-07:00,45.0,46.86,69.9
2026-10-03 13:22:29-07:00,45.0,46.85,98.0
2026-10-03 13:22:30-07:00,45.0,46.85,98.0
2026-10-03 13:22:31-07:00,45.0,46.85,100.1
2026-10-03 13:22:32-07:00,45.0,46.85,100.1
2026-10-03 13:22:33-07:00,45.0,46.86,123.9
2026-10-03 13:22:34-07:00,45.0,46.87,123.9
2026-10-03 13:22:35-07:00,45.0,46.89,128.3
2026-10-03 13:22:36-07:00,45.0,46.91,128.3
2026-10-03 13:22:37-07:00,45.0,46.93,101.3
2026-10-03 13:22:38-07:00,45.0,46.93,101.3
2026-10-03 13:22:39-07:00,45.0,46.94,89.7
2026-10-03 13:22:40-07:00,45.0,46.93,89.7
2026-10-03 13:22:41-07:00,45.0,46.93,55.7
2026-10-03 13:22:42-07:00,45.0,46.91,55.7
2026-10-03 13:22:43-07:00,45.0,46.9,97.6
2026-10-03 13:22:44-07:00,45.0,46.9,97.6
2026-10-03 13:22:45-07:00,45.0,46.9,16.5
2026-10-03 13:22:46-07:00,45.0,46.87,16.5
2026-10-03 13:22:47-07:00,45.0,46.85,28.2
2026-10-03 13:22:48-07:00,45.0,46.82,28.2
2026-10-03 13:22:49-07:00,45.0,46.8,53.9
2026-10-03 13:22:50-07:00,45.0,46.78,53.9
2026-10-03 13:22:51-07:00,45.0,46.77,85.0
2026-10-03 13:22:52-07:00,45.0,46.76,85.0
2026-10-03 13:22:53-07:00,45.0,46.75,61.4
2026-10-03 13:22:54-07:00,45.0,46.74,61.4
2026-10-03 13:22:55-07:00,45.0,46.72,53.5
2026-10-03 13:22:56-07:00,45.0,46.71,53.5
2026-10-03 13:22:57-07:00,45.0,46.69,50.4
2026-10-03 13:22:58-07:00,45.0,46.67,50.4
2026-10-03 13:22:59-07:00,45.0,46.65,58.2
2026-10-03 13:23:00-07:00,45.0,46.63,58.2
2026-10-03 13:23:01-07:00,45.0,46.62,65.4
2026-10-03 13:23:02-07:00,45.0,46.6,65.4
2026-10-03 13:23:03-07:00,45.0,46.59,82.8
2026-10-03 13:23:04-07:00,45.0,46.58,82.8
2026-10-03 13:23:05-07:00,45.0,46.57,93.5
2026-10-03 13:23:06-07:00,45.0,46.57,93.5
2026-10-03 13:23:07-07:00,45.0,46.57,118.0
2026-10-03 13:23:08-07:00,45.0,46.58,118.0
2026-10-03 13:23:09-07:00,45.0,46.6,209.6
2026-10-03 13:23:10-07:00,45.0,46.69,209.6
2026-10-03 13:23:11-07:00,45.0,46.79,233.5
2026-10-03 13:23:12-07:00,45.0,46.92,233.5
2026-10-03 13:23:13-07:00,45.0,47.04,81.3
2026-10-03 13:23:14-07:00,45.0,47.04,81.3
2026-10-03 13:23:15-07:00,45.0,47.03,114.1
2026-10-03 13:23:16-07:00,45.0,47.04,114.1
2026-10-03 13:23:17-07:00,45.0,47.05,62.2
2026-10-03 13:23:18-07:00,45.0,47.04,62.2
2026-10-03 13:23:19-07:00,45.0,47.02,55.6
2026-10-03 13:23:20-07:00,45.0,47.0,55.6
2026-10-03 13:23:21-07:00,45.0,46.99,42.1
2026-10-03 13:23:22-07:00,45.0,46.97,42.1
2026-10-03 13:23:23-07:00,45.0,46.95,42.6
2026-10-03 13:23:24-07:00,45.0,46.92,42.6
2026-10-03 13:23:25-07:00,45.0,46.9,55.5
2026-10-03 13:23:26-07:00,45.0,46.89,55.5
2026-10-03 13:23:27-07:00,45.0,46.87,74.1
2026-10-03 13:23:28-07:00,45.0,46.86,74.1
2026-10-03 13:23:29-07:00,45.0,46.85,63.4
2026-10-03 13:23:30-07:00,45.0,46.83,63.4
2026-10-03 13:23:31-07:00,45.0,46.82,67.9
2026-10-03 13:23:32-07:00,45.0,46.81,67.9
2026-10-03 13:23:33-07:00,45.0,46.79,97.7
2026-10-03 13:23:34-07:00,45.0,46.8,97.7
2026-10-03 13:23:35-07:00,45.0,46.8,86.7
2026-10-03 13:23:36-07:00,45.0,46.79,86.7
2026-10-03 13:23:37-07:00,45.0,46.79,82.8
2026-10-03 13:23:38-07:00,45.0,46.78,82.8
2026-10-03 13:23:39-07:00,45.0,46.77,68.1
2026-10-03 13:23:40-07:00,45.0,46.76,68.1
2026-10-03 13:23:41-07:00,45.0,46.75,110.2
2026-10-03 13:23:42-07:00,45.0,46.76,110.2
2026-10-03 13:23:43-07:00,45.0,46.77,82.3
2026-10-03 13:23:44-07:00,45.0,46.76,82.3
2026-10-03 13:23:45-07:00,45.0,46.75,88.8
2026-10-03 13:23:46-07:00,45.0,46.75,88.8
2026-10-03 13:23:47-07:00,45.0,46.74,97.6
2026-10-03 13:23:48-07:00,45.0,46.74,97.6
2026-10-03 13:23:49-07:00,45.0,46.74,166.7
2026-10-03 13:23:50-07:00,45.0,46.79,166.7
2026-10-03 13:23:51-07:00,45.0,46.85,189.3
2026-10-03 13:23:52-07:00,45.0,46.92,189.3
2026-10-03 13:23:53-07:00,45.0,46.99,135.2
2026-10-03 13:23:54-07:00,45.0,47.02,135.2
2026-10-03 13:23:55-07:00,45.0,47.05,74.6
2026-10-03 13:23:56-07:00,45.0,47.04,74.6
2026-10-03 13:23:57-07:00,45.0,47.03,75.6
2026-10-03 13:23:58-07:00,45.0,47.02,75.6
2026-10-03 13:23:59-07:00,45.0,47.01,45.5
2026-10-03 13:24:00-07:00,45.0,46.99,45.5
2026-10-03 13:24:01-07:00,45.0,46.97,57.4
2026-10-03 13:24:02-07:00,45.0,46.95,57.4
2026-10-03 13:24:03-07:00,45.0,46.93,-19.3
2026-10-03 13:24:04-07:00,45.0,46.91,-19.3
2026-10-03 13:24:05-07:00,45.0,46.88,40.2
2026-10-03 13:24:06-07:00,45.0,46.86,40.2
2026-10-03 13:24:07-07:00,45.0,46.84,285.3
2026-10-03 13:24:08-07:00,45.0,47.05,285.3
2026-10-03 13:24:09-07:00,45.0,47.25,283.5
2026-10-03 13:24:10-07:00,45.0,47.45,283.5
2026-10-03 13:24:11-07:00,45.0,47.66,134.0
2026-10-03 13:24:12-07:00,45.0,47.68,134.0
2026-10-03 13:24:13-07:00,45.0,47.71,115.3
2026-10-03 13:24:14-07:00,45.0,47.72,115.3
2026-10-03 13:24:15-07:00,45.0,47.74,51.6
2026-10-03 13:24:16-07:00,45.0,47.72,51.6
2026-10-03 13:24:17-07:00,45.0,47.71,43.8
2026-10-03 13:24:18-07:00,45.0,47.69,43.8
2026-10-03 13:24:19-07:00,45.0,47.67,40.3
2026-10-03 13:24:20-07:00,45.0,47.65,40.3
2026-10-03 13:24:21-07:00,45.0,47.63,255.7
2026-10-03 13:24:22-07:00,45.0,47.78,255.7
2026-10-03 13:24:23-07:00,45.0,47.94,321.5
2026-10-03 13:24:24-07:00,45.0,48.2,321.5
2026-10-03 13:24:25-07:00,45.0,48.47,284.7
2026-10-03 13:24:26-07:00,45.0,48.67,284.7
2026-10-03 13:24:27-07:00,45.0,48.88,70.5
2026-10-03 13:24:28-07:00,45.0,48.86,70.5
2026-10-03 13:24:29-07:00,45.0,48.85,82.4
2026-10-03 13:24:30-07:00,45.0,48.85,82.4
2026-10-03 13:24:31-07:00,45.0,48.84,93.1
2026-10-03 13:24:32-07:00,45.0,48.84,93.1
2026-10-03 13:24:33-07:00,45.0,48.84,93.1
2026-10-03 13:24:34-07:00,45.0,48.83,132.8
2026-10-03 13:24:35-07:00,45.0,48.85,132.8
2026-10-03 13:24:36-07:00,45.0,48.88,269.5
2026-10-03 13:24:37-07:00,45.0,49.05,269.5
2026-10-03 13:24:38-07:00,45.0,49.23,126.5
2026-10-03 13:24:39-07:00,45.0,49.25,126.5
2026-10-03 13:24:40-07:00,45.0,49.27,65.2
2026-10-03 13:24:41-07:00,45.0,49.25,65.2
2026-10-03 13:24:42-07:00,45.0,49.24,116.7
2026-10-03 13:24:43-07:00,45.0,49.25,116.7
2026-10-03 13:24:44-07:00,45.0,49.26,44.4
2026-10-03 13:24:45-07:00,45.0,49.24,44.4
2026-10-03 13:24:46-07:00,45.0,49.22,57.0
2026-10-03 13:24:47-07:00,45.0,49.2,57.0
2026-10-03 13:24:48-07:00,50.0,49.18,99.8
2026-10-03 13:24:49-07:00,50.0,49.18,99.8
2026-10-03 13:24:50-07:00,50.0,49.18,53.9
2026-10-03 13:24:51-07:00,50.0,49.16,53.9
2026-10-03 13:24:52-07:00,50.0,49.14,128.9
2026-10-03 13:24:53-07:00,50.0,49.16,128.9
2026-10-03 13:24:54-07:00,50.0,49.18,109.2
2026-10-03 13:24:55-07:00,50.0,49.18,109.2
2026-10-03 13:24:56-07:00,50.0,49.18,107.3
2026-10-03 13:24:57-07:00,50.0,49.19,107.3
2026-10-03 13:24:58-07:00,50.0,49.19,194.3
2026-10-03 13:24:59-07:00,50.0,49.27,194.3
2026-10-03 13:25:00-07:00,50.0,49.35,180.0
2026-10-03 13:25:01-07:00,50.0,49.41,180.0
2026-10-03 13:25:02-07:00,50.0,49.48,34.6
2026-10-03 13:25:03-07:00,50.0,49.45,34.6
2026-10-03 13:25:04-07:00,50.0,49.43,41.5
2026-10-03 13:25:05-07:00,50.0,49.41,41.5
2026-10-03 13:25:06-07:00,50.0,49.38,56.7
2026-10-03 13:25:07-07:00,50.0,49.36,56.7
2026-10-03 13:25:08-07:00,50.0,49.34,208.6
2026-10-03 13:25:09-07:00,50.0,49.44,208.6
2026-10-03 13:25:10-07:00,50.0,49.53,270.6
2026-10-03 13:25:11-07:00,50.0,49.71,270.6
2026-10-03 13:25:12-07:00,50.0,49.89,99.4
2026-10-03 13:25:13-07:00,50.0,49.89,99.4
2026-10-03 13:25:14-07:00,50.0,49.89,38.5
2026-10-03 13:25:15-07:00,50.0,49.87,38.5
2026-10-03 13:25:16-07:00,50.0,49.84,54.1
2026-10-03 13:25:17-07:00,50.0,49.82,54.1
2026-10-03 13:25:18-07:00,50.0,49.81,61.9
2026-10-03 13:25:19-07:00,50.0,49.79,61.9
2026-10-03 13:25:20-07:00,50.0,49.77,60.6
2026-10-03 13:25:21-07:00,50.0,49.75,60.6
2026-10-03 13:25:22-07:00,50.0,49.73,53.1
2026-10-03 13:25:23-07:00,50.0,49.71,53.1
2026-10-03 13:25:24-07:00,50.0,49.69,80.0
2026-10-03 13:25:25-07:00,50.0,49.68,80.0
2026-10-03 13:25:26-07:00,50.0,49.67,95.5
2026-10-03 13:25:27-07:00,50.0,49.66,95.5
2026-10-03 13:25:28-07:00,50.0,49.66,113.7
2026-10-03 13:25:29-07:00,50.0,49.66,113.7
2026-10-03 13:25:30-07:00,50.0,49.67,110.0
2026-10-03 13:25:31-07:00,50.0,49.67,110.0
2026-10-03 13:25:32-07:00,50.0,49.68,97.5
2026-10-03 13:25:33-07:00,50.0,49.67,97.5
2026-10-03 13:25:34-07:00,50.0,49.67,54.6
2026-10-03 13:25:35-07:00,50.0,49.65,54.6
2026-10-03 13:25:36-07:00,50.0,49.63,62.2
2026-10-03 13:25:37-07:00,50.0,49.61,62.2
2026-10-03 13:25:38-07:00,50.0,49.59,48.1
2026-10-03 13:25:39-07:00,50.0,49.57,48.1
2026-10-03 13:25:40-07:00,50.0,49.55,52.9
2026-10-03 13:25:41-07:00,50.0,49.53,52.9
2026-10-03 13:25:42-07:00,50.0,49.5,74.0
2026-10-03 13:25:43-07:00,50.0,49.49,74.0
2026-10-03 13:25:44-07:00,50.0,49.48,74.0
2026-10-03 13:25:45-07:00,50.0,49.46,78.8
2026-10-03 13:25:46-07:00,50.0,49.45,78.8
2026-10-03 13:25:47-07:00,50.0,49.44,127.7
2026-10-03 13:25:48-07:00,50.0,49.46,127.7
2026-10-03 13:25:49-07:00,50.0,49.47,104.9
2026-10-03 13:25:50-07:00,50.0,49.47,104.9
2026-10-03 13:25:51-07:00,50.0,49.48,136.5
2026-10-03 13:25:52-07:00,50.0,49.5,136.5
2026-10-03 13:25:53-07:00,50.0,49.52,143.3
2026-10-03 13:25:54-07:00,50.0,49.55,143.3
2026-10-03 13:25:55-07:00,50.0,49.58,144.8
2026-10-03 13:25:56-07:00,50.0,49.61,144.8
2026-10-03 13:25:57-07:00,50.0,49.64,113.5
2026-10-03 13:25:58-07:00,50.0,49.65,113.5
2026-10-03 13:25:59-07:00,50.0,49.65,88.8
2026-10-03 13:26:00-07:00,50.0,49.65,88.8
2026-10-03 13:26:01-07:00,50.0,49.64,82.0
2026-10-03 13:26:02-07:00,50.0,49.63,82.0
2026-10-03 13:26:03-07:00,50.0,49.62,110.6
2026-10-03 13:26:04-07:00,50.0,49.62,110.6
2026-10-03 13:26:05-07:00,50.0,49.63,184.6
2026-10-03 13:26:06-07:00,50.0,49.7,184.6
2026-10-03 13:26:07-07:00,50.0,49.76,324.8
2026-10-03 13:26:08-07:00,50.0,50.03,324.8
2026-10-03 13:26:09-07:00,50.0,50.3,284.0
2026-10-03 13:26:10-07:00,50.0,50.5,284.0
2026-10-03 13:26:11-07:00,50.0,50.7,57.6
2026-10-03 13:26:12-07:00,50.0,50.69,57.6
2026-10-03 13:26:13-07:00,50.0,50.67,60.8
2026-10-03 13:26:14-07:00,50.0,50.65,60.8
2026-10-03 13:26:15-07:00,50.0,50.64,81.8
2026-10-03 13:26:16-07:00,50.0,50.62,81.8
2026-10-03 13:26:17-07:00,50.0,50.61,86.4
2026-10-03 13:26:18-07:00,50.0,50.6,86.4
2026-10-03 13:26:19-07:00,50.0,50.59,171.8
2026-10-03 13:26:20-07:00,50.0,50.65,171.8
2026-10-03 13:26:21-07:00,50.0,50.7,190.7
2026-10-03 13:26:22-07:00,50.0,50.77,190.7
2026-10-03 13:26:23-07:00,50.0,50.84,287.1
2026-10-03 13:26:24-07:00,50.0,51.04,287.1
2026-10-03 13:26:25-07:00,50.0,51.24,237.8
2026-10-03 13:26:26-07:00,50.0,51.37,237.8
2026-10-03 13:26:27-07:00,50.0,51.5,112.2
2026-10-03 13:26:28-07:00,50.0,51.51,112.2
2026-10-03 13:26:29-07:00,50.0,51.51,97.8
2026-10-03 13:26:30-07:00,50.0,51.51,97.8
2026-10-03 13:26:31-07:00,50.0,51.51,70.0
2026-10-03 13:26:32-07:00,50.0,51.49,70.0
2026-10-03 13:26:33-07:00,50.0,51.47,92.5
2026-10-03 13:26:34-07:00,50.0,51.47,92.5
2026-10-03 13:26:35-07:00,50.0,51.46,69.1
2026-10-03 13:26:36-07:00,50.0,51.44,69.1
2026-10-03 13:26:37-07:00,50.0,51.42,264.9
2026-10-03 13:26:38-07:00,50.0,51.59,264.9
2026-10-03 13:26:39-07:00,50.0,51.76,291.3
2026-10-03 13:26:40-07:00,50.0,51.97,291.3
2026-10-03 13:26:41-07:00,50.0,52.18,189.1
2026-10-03 13:26:42-07:00,50.0,52.25,189.1
2026-10-03 13:26:43-07:00,50.0,52.32,87.4
2026-10-03 13:26:44-07:00,50.0,52.31,87.4
2026-10-03 13:26:45-07:00,50.0,52.31,89.2
2026-10-03 13:26:46-07:00,50.0,52.3,89.2
2026-10-03 13:26:47-07:00,50.0,52.29,85.7
2026-10-03 13:26:48-07:00,50.0,52.28,85.7
2026-10-03 13:26:49-07:00,50.0,52.27,134.1
2026-10-03 13:26:50-07:00,50.0,52.29,134.1
2026-10-03 13:26:51-07:00,50.0,52.31,155.9
2026-10-03 13:26:52-07:00,50.0,52.34,155.9
2026-10-03 13:26:53-07:00,50.0,52.38,277.7
2026-10-03 13:26:54-07:00,50.0,52.56,277.7
2026-10-03 13:26:55-07:00,50.0,52.75,293.6
2026-10-03 13:26:56-07:00,50.0,52.96,293.6
2026-10-03 13:26:57-07:00,55.0,53.17,125.3
2026-10-03 13:26:58-07:00,55.0,53.18,125.3
2026-10-03 13:26:59-07:00,55.0,53.2,90.2
2026-10-03 13:27:00-07:00,55.0,53.19,90.2
2026-10-03 13:27:01-07:00,55.0,53.18,80.0
2026-10-03 13:27:02-07:00,55.0,53.16,80.0
2026-10-03 13:27:03-07:00,55.0,53.15,75.0
2026-10-03 13:27:04-07:00,55.0,53.13,75.0
2026-10-03 13:27:05-07:00,55.0,53.12,101.5
2026-10-03 13:27:06-07:00,55.0,53.11,101.5
2026-10-03 13:27:07-07:00,55.0,53.11,161.4
2026-10-03 13:27:08-07:00,55.0,53.15,161.4
2026-10-03 13:27:09-07:00,55.0,53.19,161.4
2026-10-03 13:27:10-07:00,55.0,53.23,289.5
2026-10-03 13:27:11-07:00,55.0,53.43,289.5
2026-10-03 13:27:12-07:00,55.0,53.63,102.5
2026-10-03 13:27:13-07:00,55.0,53.63,102.5
2026-10-03 13:27:14-07:00,55.0,53.63,82.6
2026-10-03 13:27:15-07:00,55.0,53.62,82.6
2026-10-03 13:27:16-07:00,55.0,53.61,90.6
2026-10-03 13:27:17-07:00,55.0,53.6,90.6
2026-10-03 13:27:18-07:00,55.0,53.59,92.9
2026-10-03 13:27:19-07:00,55.0,53.58,92.9
2026-10-03 13:27:20-07:00,55.0,53.57,104.7
2026-10-03 13:27:21-07:00,55.0,53.57,104.7
2026-10-03 13:27:22-07:00,55.0,53.57,187.4
2026-10-03 13:27:23-07:00,55.0,53.63,187.4
2026-10-03 13:27:24-07:00,55.0,53.7,291.6
2026-10-03 13:27:25-07:00,55.0,53.9,291.6
2026-10-03 13:27:26-07:00,55.0,54.11,288.9
2026-10-03 13:27:27-07:00,55.0,54.31,288.9
2026-10-03 13:27:28-07:00,55.0,54.51,305.5
2026-10-03 13:27:29-07:00,55.0,54.74,305.5
2026-10-03 13:27:30-07:00,55.0,54.96,326.1
2026-10-03 13:27:31-07:00,55.0,55.23,326.1
2026-10-03 13:27:32-07:00,55.0,55.5,296.1
2026-10-03 13:27:33-07:00,55.0,55.71,296.1
2026-10-03 13:27:34-07:00,55.0,55.93,106.4
2026-10-03 13:27:35-07:00,55.0,55.92,106.4
2026-10-03 13:27:36-07:00,55.0,55.92,94.5
2026-10-03 13:27:37-07:00,55.0,55.91,94.5
2026-10-03 13:27:38-07:00,55.0,55.9,248.0
2026-10-03 13:27:39-07:00,55.0,56.04,248.0
2026-10-03 13:27:40-07:00,55.0,56.17,300.8
2026-10-03 13:27:41-07:00,55.0,56.39,300.8
2026-10-03 13:27:42-07:00,55.0,56.61,253.4
2026-10-03 13:27:43-07:00,55.0,56.76,253.4
2026-10-03 13:27:44-07:00,55.0,56.91,121.3
2026-10-03 13:27:45-07:00,55.0,56.91,121.3
2026-10-03 13:27:46-07:00,55.0,56.92,126.4
2026-10-03 13:27:47-07:00,55.0,56.93,126.4
2026-10-03 13:27:48-07:00,55.0,56.94,132.9
2026-10-03 13:27:49-07:00,55.0,56.96,132.9
2026-10-03 13:27:50-07:00,55.0,56.97,168.4
2026-10-03 13:27:51-07:00,55.0,57.01,168.4
2026-10-03 13:27:52-07:00,60.0,57.06,173.1
2026-10-03 13:27:53-07:00,60.0,57.1,173.1
2026-10-03 13:27:54-07:00,60.0,57.15,219.7
2026-10-03 13:27:55-07:00,60.0,57.25,219.7
2026-10-03 13:27:56-07:00,60.0,57.34,292.7
2026-10-03 13:27:57-07:00,60.0,57.55,292.7
2026-10-03 13:27:58-07:00,60.0,57.75,306.0
2026-10-03 13:27:59-07:00,60.0,57.98,306.0
2026-10-03 13:28:00-07:00,60.0,58.2,215.7
2026-10-03 13:28:01-07:00,60.0,58.3,215.7
2026-10-03 13:28:02-07:00,60.0,58.39,215.8
2026-10-03 13:28:03-07:00,60.0,58.48,215.8
2026-10-03 13:28:04-07:00,60.0,58.58,208.9
2026-10-03 13:28:05-07:00,60.0,58.66,208.9
2026-10-03 13:28:06-07:00,60.0,58.74,218.4
2026-10-03 13:28:07-07:00,60.0,58.84,218.4
2026-10-03 13:28:08-07:00,60.0,58.93,264.3
2026-10-03 13:28:09-07:00,60.0,59.09,264.3
2026-10-03 13:28:10-07:00,60.0,59.25,205.8
2026-10-03 13:28:11-07:00,60.0,59.33,205.8
2026-10-03 13:28:12-07:00,60.0,59.41,147.8
2026-10-03 13:28:13-07:00,60.0,59.43,147.8
2026-10-03 13:28:14-07:00,60.0,59.45,81.2
2026-10-03 13:28:15-07:00,60.0,59.43,81.2
2026-10-03 13:28:16-07:00,60.0,59.41,274.7
2026-10-03 13:28:17-07:00,60.0,59.59,274.7
2026-10-03 13:28:18-07:00,60.0,59.76,57.6
2026-10-03 13:28:19-07:00,60.0,59.73,57.6
2026-10-03 13:28:20-07:00,60.0,59.7,86.4
2026-10-03 13:28:21-07:00,60.0,59.68,86.4
2026-10-03 13:28:22-07:00,60.0,59.66,227.9
2026-10-03 13:28:23-07:00,60.0,59.77,227.9
2026-10-03 13:28:24-07:00,60.0,59.87,274.4
2026-10-03 13:28:25-07:00,60.0,60.05,274.4
2026-10-03 13:28:26-07:00,60.0,60.22,266.5
2026-10-03 13:28:27-07:00,60.0,60.38,266.5
2026-10-03 13:28:28-07:00,60.0,60.54,253.5
2026-10-03 13:28:29-07:00,60.0,60.68,253.5
2026-10-03 13:28:30-07:00,60.0,60.82,17.8
2026-10-03 13:28:31-07:00,60.0,60.78,17.8
2026-10-03 13:28:32-07:00,60.0,60.74,13.0
2026-10-03 13:28:33-07:00,60.0,60.7,13.0
2026-10-03 13:28:34-07:00,60.0,60.66,99.6
2026-10-03 13:28:35-07:00,60.0,60.64,99.6
2026-10-03 13:28:36-07:00,60.0,60.63,243.5
2026-10-03 13:28:37-07:00,60.0,60.75,243.5
2026-10-03 13:28:38-07:00,60.0,60.88,281.7
2026-10-03 13:28:39-07:00,60.0,61.06,281.7
2026-10-03 13:28:40-07:00,65.0,61.24,147.7
2026-10-03 13:28:41-07:00,65.0,61.26,147.7
2026-10-03 13:28:42-07:00,65.0,61.28,298.3
2026-10-03 13:28:43-07:00,65.0,61.5,298.3
2026-10-03 13:28:44-07:00,65.0,61.71,84.1
2026-10-03 13:28:45-07:00,65.0,61.69,84.1
2026-10-03 13:28:46-07:00,65.0,61.67,83.8
2026-10-03 13:28:47-07:00,65.0,61.64,83.8
2026-10-03 13:28:48-07:00,65.0,61.62,74.7
2026-10-03 13:28:49-07:00,65.0,61.59,74.7
2026-10-03 13:28:50-07:00,65.0,61.57,74.7
2026-10-03 13:28:51-07:00,65.0,61.54,128.6
2026-10-03 13:28:52-07:00,65.0,61.54,128.6
2026-10-03 13:28:53-07:00,65.0,61.54,222.9
2026-10-03 13:28:54-07:00,65.0,61.64,222.9
2026-10-03 13:28:55-07:00,65.0,61.73,305.8
2026-10-03 13:28:56-07:00,65.0,61.95,305.8
2026-10-03 13:28:57-07:00,65.0,62.17,288.7
2026-10-03 13:28:58-07:00,65.0,62.36,288.7
2026-10-03 13:28:59-07:00,65.0,62.55,75.4
2026-10-03 13:29:00-07:00,65.0,62.53,75.4
2026-10-03 13:29:01-07:00,65.0,62.5,101.7
2026-10-03 13:29:02-07:00,65.0,62.48,101.7
2026-10-03 13:29:03-07:00,65.0,62.47,82.3
2026-10-03 13:29:04-07:00,65.0,62.44,82.3
2026-10-03 13:29:05-07:00,65.0,62.42,98.1
2026-10-03 13:29:06-07:00,65.0,62.4,98.1
2026-10-03 13:29:07-07:00,65.0,62.38,74.3
2026-10-03 13:29:08-07:00,65.0,62.35,74.3
2026-10-03 13:29:09-07:00,65.0,62.32,176.4
2026-10-03 13:29:10-07:00,65.0,62.36,176.4
2026-10-03 13:29:11-07:00,65.0,62.4,118.8
2026-10-03 13:29:12-07:00,65.0,62.4,118.8
2026-10-03 13:29:13-07:00,65.0,62.39,80.7
2026-10-03 13:29:14-07:00,65.0,62.37,80.7
2026-10-03 13:29:15-07:00,65.0,62.34,300.6
2026-10-03 13:29:16-07:00,65.0,62.56,300.6
2026-10-03 13:29:17-07:00,65.0,62.77,100.6
2026-10-03 13:29:18-07:00,65.0,62.75,100.6
2026-10-03 13:29:19-07:00,65.0,62.74,70.5
2026-10-03 13:29:20-07:00,65.0,62.71,70.5
2026-10-03 13:29:21-07:00,65.0,62.68,85.3
2026-10-03 13:29:22-07:00,65.0,62.66,85.3
2026-10-03 13:29:23-07:00,65.0,62.63,88.5
2026-10-03 13:29:24-07:00,65.0,62.61,88.5
2026-10-03 13:29:25-07:00,65.0,62.58,149.3
2026-10-03 13:29:26-07:00,65.0,62.6,149.3
2026-10-03 13:29:27-07:00,65.0,62.62,274.7
2026-10-03 13:29:28-07:00,65.0,62.78,274.7
2026-10-03 13:29:29-07:00,65.0,62.95,215.2
2026-10-03 13:29:30-07:00,65.0,63.03,215.2
2026-10-03 13:29:31-07:00,65.0,63.12,302.0
2026-10-03 13:29:32-07:00,65.0,63.33,302.0
2026-10-03 13:29:33-07:00,65.0,63.54,138.6
2026-10-03 13:29:34-07:00,65.0,63.55,138.6
2026-10-03 13:29:35-07:00,65.0,63.56,261.0
2026-10-03 13:29:36-07:00,65.0,63.71,261.0
2026-10-03 13:29:37-07:00,65.0,63.86,134.0
2026-10-03 13:29:38-07:00,65.0,63.86,134.0
2026-10-03 13:29:39-07:00,65.0,63.87,138.7
2026-10-03 13:29:40-07:00,65.0,63.87,138.7
2026-10-03 13:29:41-07:00,65.0,63.88,111.3
2026-10-03 13:29:42-07:00,65.0,63.87,111.3
2026-10-03 13:29:43-07:00,65.0,63.86,141.4
2026-10-03 13:29:44-07:00,65.0,63.87,141.4
2026-10-03 13:29:45-07:00,65.0,63.87,90.8
2026-10-03 13:29:46-07:00,65.0,63.85,90.8
2026-10-03 13:29:47-07:00,65.0,63.83,141.5
2026-10-03 13:29:48-07:00,65.0,63.84,141.5
2026-10-03 13:29:49-07:00,65.0,63.85,141.5
2026-10-03 13:29:50-07:00,65.0,63.86,150.2
2026-10-03 13:29:51-07:00,65.0,63.87,150.2
2026-10-03 13:29:52-07:00,65.0,63.89,187.8
2026-10-03 13:29:53-07:00,65.0,63.94,187.8
2026-10-03 13:29:54-07:00,65.0,64.0,89.0
2026-10-03 13:29:55-07:00,65.0,63.97,89.0
2026-10-03 13:29:56-07:00,65.0,63.95,95.4
2026-10-03 13:29:57-07:00,65.0,63.93,95.4
2026-10-03 13:29:58-07:00,65.0,63.91,99.9
2026-10-03 13:29:59-07:00,65.0,63.89,99.9
2026-10-03 13:30:00-07:00,65.0,63.87,130.5
2026-10-03 13:30:01-07:00,65.0,63.87,130.5
2026-10-03 13:30:02-07:00,65.0,63.87,308.9
2026-10-03 13:30:03-07:00,65.0,64.09,308.9
2026-10-03 13:30:04-07:00,65.0,64.32,272.2
2026-10-03 13:30:05-07:00,65.0,64.48,272.2
2026-10-03 13:30:06-07:00,65.0,64.64,294.6
2026-10-03 13:30:07-07:00,65.0,64.84,294.6
2026-10-03 13:30:08-07:00,65.0,65.04,160.7
2026-10-03 13:30:09-07:00,65.0,65.07,160.7
2026-10-03 13:30:10-07:00,65.0,65.1,62.0
2026-10-03 13:30:11-07:00,65.0,65.07,62.0
2026-10-03 13:30:12-07:00,65.0,65.03,61.4
2026-10-03 13:30:13-07:00,65.0,65.0,61.4
2026-10-03 13:30:14-07:00,65.0,64.96,101.5
2026-10-03 13:30:15-07:00,65.0,64.94,101.5
2026-10-03 13:30:16-07:00,65.0,64.92,310.3
2026-10-03 13:30:17-07:00,65.0,65.14,310.3
2026-10-03 13:30:18-07:00,65.0,65.36,294.2
2026-10-03 13:30:19-07:00,65.0,65.56,294.2
2026-10-03 13:30:20-07:00,65.0,65.75,279.3
2026-10-03 13:30:21-07:00,65.0,65.93,279.3
2026-10-03 13:30:22-07:00,70.0,66.1,239.5
2026-10-03 13:30:23-07:00,70.0,66.21,239.5
2026-10-03 13:30:24-07:00,70.0,66.33,117.8
2026-10-03 13:30:25-07:00,70.0,66.32,117.8
2026-10-03 13:30:26-07:00,70.0,66.31,127.8
2026-10-03 13:30:27-07:00,70.0,66.31,127.8
2026-10-03 13:30:28-07:00,70.0,66.31,128.6
2026-10-03 13:30:29-07:00,70.0,66.3,128.6
2026-10-03 13:30:30-07:00,70.0,66.3,160.1
2026-10-03 13:30:31-07:00,70.0,66.32,160.1
2026-10-03 13:30:32-07:00,70.0,66.34,317.3
2026-10-03 13:30:33-07:00,70.0,66.58,317.3
2026-10-03 13:30:34-07:00,70.0,66.81,279.5
2026-10-03 13:30:35-07:00,70.0,66.98,279.5
2026-10-03 13:30:36-07:00,70.0,67.15,305.5
2026-10-03 13:30:37-07:00,70.0,67.37,305.5
2026-10-03 13:30:38-07:00,70.0,67.58,229.5
2026-10-03 13:30:39-07:00,70.0,67.68,229.5
2026-10-03 13:30:40-07:00,70.0,67.78,67.2
2026-10-03 13:30:41-07:00,70.0,67.75,67.2
2026-10-03 13:30:42-07:00,70.0,67.71,55.2
2026-10-03 13:30:43-07:00,70.0,67.67,55.2
2026-10-03 13:30:44-07:00,70.0,67.63,91.3
2026-10-03 13:30:45-07:00,70.0,67.6,91.3
2026-10-03 13:30:46-07:00,70.0,67.57,302.2
2026-10-03 13:30:47-07:00,70.0,67.78,302.2
2026-10-03 13:30:48-07:00,70.0,67.98,270.4
2026-10-03 13:30:49-07:00,70.0,68.13,270.4
2026-10-03 13:30:50-07:00,70.0,68.29,268.8
2026-10-03 13:30:51-07:00,70.0,68.44,268.8
2026-10-03 13:30:52-07:00,70.0,68.59,110.9
2026-10-03 13:30:53-07:00,70.0,68.58,110.9
2026-10-03 13:30:54-07:00,70.0,68.56,110.1
2026-10-03 13:30:55-07:00,70.0,68.54,110.1
2026-10-03 13:30:56-07:00,70.0,68.53,101.4
2026-10-03 13:30:57-07:00,70.0,68.5,101.4
2026-10-03 13:30:58-07:00,70.0,68.48,89.6
2026-10-03 13:30:59-07:00,70.0,68.45,89.6
2026-10-03 13:31:00-07:00,70.0,68.41,110.1
2026-10-03 13:31:01-07:00,70.0,68.39,110.1
2026-10-03 13:31:02-07:00,70.0,68.37,91.3
2026-10-03 13:31:03-07:00,70.0,68.34,91.3
2026-10-03 13:31:04-07:00,70.0,68.31,88.7
2026-10-03 13:31:05-07:00,70.0,68.27,88.7
2026-10-03 13:31:06-07:00,70.0,68.24,89.5
2026-10-03 13:31:07-07:00,70.0,68.2,89.5
2026-10-03 13:31:08-07:00,70.0,68.16,0.0
2026-10-03 13:31:09-07:00,70.0,68.1,0.0
2026-10-03 13:31:10-07:00,70.0,68.04,0.0
2026-10-03 13:31:11-07:00,70.0,67.98,0.0
2026-10-03 13:31:12-07:00,70.0,67.92,0.0
2026-10-03 13:31:13-07:00,70.0,67.86,0.0
2026-10-03 13:31:14-07:00,70.0,67.81,0.0
2026-10-03 13:31:15-07:00,70.0,67.75,0.0
2026-10-03 13:31:16-07:00,70.0,67.69,0.0
2026-10-03 13:31:17-07:00,70.0,67.63,0.0
2026-10-03 13:31:18-07:00,70.0,67.57,0.0
2026-10-03 13:31:19-07:00,70.0,67.51,0.0
2026-10-03 13:31:20-07:00,70.0,67.45,0.0
2026-10-03 13:31:21-07:00,70.0,67.39,0.0
2026-10-03 13:31:22-07:00,70.0,67.33,0.0
2026-10-03 13:31:23-07:00,70.0,67.28,0.0
2026-10-03 13:31:24-07:00,70.0,67.22,0.0
2026-10-03 13:31:25-07:00,70.0,67.16,0.0
2026-10-03 13:31:26-07:00,70.0,67.1,0.0
2026-10-03 13:31:27-07:00,70.0,67.04,0.0
2026-10-03 13:31:28-07:00,70.0,66.98,0.0
2026-10-03 13:31:29-07:00,70.0,66.93,0.0
2026-10-03 13:31:30-07:00,70.0,66.87,0.0
2026-10-03 13:31:31-07:00,70.0,66.81,0.0
2026-10-03 13:31:32-07:00,70.0,66.75,0.0
2026-10-03 13:31:33-07:00,70.0,66.69,0.0
2026-10-03 13:31:34-07:00,70.0,66.64,0.0
2026-10-03 13:31:35-07:00,70.0,66.58,0.0
2026-10-03 13:31:36-07:00,70.0,66.52,0.0
2026-10-03 13:31:37-07:00,70.0,66.46,0.0
2026-10-03 13:31:38-07:00,70.0,66.41,0.0
2026-10-03 13:31:39-07:00,70.0,66.35,0.0
2026-10-03 13:31:40-07:00,70.0,66.29,0.0
2026-10-03 13:31:41-07:00,70.0,66.23,0.0
2026-10-03 13:31:42-07:00,70.0,66.18,0.0
2026-10-03 13:31:43-07:00,70.0,66.12,0.0
2026-10-03 13:31:44-07:00,70.0,66.06,0.0
2026-10-03 13:31:45-07:00,70.0,66.01,0.0
2026-10-03 13:31:46-07:00,70.0,65.95,0.0
2026-10-03 13:31:47-07:00,70.0,65.89,0.0
2026-10-03 13:31:48-07:00,70.0,65.84,0.0
2026-10-03 13:31:49-07:00,70.0,65.78,0.0
2026-10-03 13:31:50-07:00,70.0,65.72,0.0
2026-10-03 13:31:51-07:00,70.0,65.67,0.0
2026-10-03 13:31:52-07:00,70.0,65.61,0.0
2026-10-03 13:31:53-07:00,70.0,65.55,0.0
2026-10-03 13:31:54-07:00,70.0,65.5,0.0
2026-10-03 13:31:55-07:00,70.0,65.44,0.0
2026-10-03 13:31:56-07:00,70.0,65.39,0.0
2026-10-03 13:31:57-07:00,70.0,65.33,0.0
2026-10-03 13:31:58-07:00,70.0,65.27,0.0
2026-10-03 13:31:59-07:00,70.0,65.22,0.0
2026-10-03 13:32:00-07:00,70.0,65.16,0.0
2026-10-03 13:32:01-07:00,70.0,65.11,0.0
2026-10-03 13:32:02-07:00,70.0,65.05,0.0
2026-10-03 13:32:03-07:00,70.0,64.99,0.0
2026-10-03 13:32:04-07:00,70.0,64.94,0.0
2026-10-03 13:32:05-07:00,70.0,64.88,0.0
2026-10-03 13:32:06-07:00,70.0,64.83,0.0
2026-10-03 13:32:07-07:00,70.0,64.77,0.0
2026-10-03 13:32:08-07:00,70.0,64.72,0.0
2026-10-03 13:32:09-07:00,70.0,64.66,0.0
2026-10-03 13:32:10-07:00,70.0,64.61,0.0
2026-10-03 13:32:11-07:00,70.0,64.55,0.0
2026-10-03 13:32:12-07:00,70.0,64.5,0.0
2026-10-03 13:32:13-07:00,70.0,64.44,0.0
2026-10-03 13:32:14-07:00,70.0,64.39,0.0
2026-10-03 13:32:15-07:00,70.0,64.33,0.0
2026-10-03 13:32:16-07:00,70.0,64.28,0.0
2026-10-03 13:32:17-07:00,70.0,64.22,0.0
2026-10-03 13:32:18-07:00,70.0,64.17,0.0
2026-10-03 13:32:19-07:00,70.0,64.11,0.0
2026-10-03 13:32:20-07:00,70.0,64.06,0.0
2026-10-03 13:32:21-07:00,70.0,64.0,0.0
2026-10-03 13:32:22-07:00,70.0,63.95,0.0
2026-10-03 13:32:23-07:00,65.0,63.9,0.0
2026-10-03 13:32:24-07:00,65.0,63.84,0.0
2026-10-03 13:32:25-07:00,65.0,63.79,0.0
2026-10-03 13:32:26-07:00,65.0,63.73,0.0
2026-10-03 13:32:27-07:00,65.0,63.68,0.0
2026-10-03 13:32:28-07:00,65.0,63.63,0.0
2026-10-03 13:32:29-07:00,65.0,63.57,0.0
2026-10-03 13:32:30-07:00,65.0,63.52,0.0
2026-10-03 13:32:31-07:00,65.0,63.46,0.0
2026-10-03 13:32:32-07:00,65.0,63.41,0.0
2026-10-03 13:32:33-07:00,65.0,63.36,0.0
2026-10-03 13:32:34-07:00,65.0,63.3,0.0
2026-10-03 13:32:35-07:00,65.0,63.25,0.0
2026-10-03 13:32:36-07:00,65.0,63.2,0.0
2026-10-03 13:32:37-07:00,65.0,63.14,0.0
2026-10-03 13:32:38-07:00,65.0,63.09,0.0
2026-10-03 13:32:39-07:00,65.0,63.04,0.0
2026-10-03 13:32:40-07:00,65.0,62.98,0.0
2026-10-03 13:32:41-07:00,65.0,62.93,0.0
2026-10-03 13:32:42-07:00,65.0,62.88,0.0
2026-10-03 13:32:43-07:00,65.0,62.83,0.0
2026-10-03 13:32:44-07:00,65.0,62.77,0.0
2026-10-03 13:32:45-07:00,65.0,62.72,0.0
2026-10-03 13:32:46-07:00,65.0,62.67,0.0
2026-10-03 13:32:47-07:00,65.0,62.61,0.0
2026-10-03 13:32:48-07:00,65.0,62.56,0.0
2026-10-03 13:32:49-07:00,65.0,62.51,0.0
2026-10-03 13:32:50-07:00,65.0,62.46,0.0
2026-10-03 13:32:51-07:00,65.0,62.4,0.0
2026-10-03 13:32:52-07:00,65.0,62.35,0.0
2026-10-03 13:32:53-07:00,65.0,62.3,0.0
2026-10-03 13:32:54-07:00,65.0,62.25,0.0
2026-10-03 13:32:55-07:00,65.0,62.2,0.0
2026-10-03 13:32:56-07:00,65.0,62.14,0.0
2026-10-03 13:32:57-07:00,65.0,62.09,0.0
2026-10-03 13:32:58-07:00,65.0,62.04,0.0
2026-10-03 13:32:59-07:00,65.0,61.99,0.0
2026-10-03 13:33:00-07:00,65.0,61.94,0.0
2026-10-03 13:33:01-07:00,65.0,61.88,0.0
2026-10-03 13:33:02-07:00,65.0,61.83,0.0
2026-10-03 13:33:03-07:00,65.0,61.78,0.0
2026-10-03 13:33:04-07:00,65.0,61.73,0.0
2026-10-03 13:33:05-07:00,65.0,61.68,0.0
2026-10-03 13:33:06-07:00,65.0,61.63,0.0
2026-10-03 13:33:07-07:00,65.0,61.58,0.0
2026-10-03 13:33:08-07:00,65.0,61.52,0.0
2026-10-03 13:33:09-07:00,65.0,61.47,0.0
2026-10-03 13:33:10-07:00,65.0,61.42,0.0
2026-10-03 13:33:11-07:00,65.0,61.37,0.0
2026-10-03 13:33:12-07:00,65.0,61.32,0.0
2026-10-03 13:33:13-07:00,65.0,61.27,0.0
2026-10-03 13:33:14-07:00,65.0,61.22,0.0
2026-10-03 13:33:15-07:00,65.0,61.17,0.0
2026-10-03 13:33:16-07:00,65.0,61.12,0.0
2026-10-03 13:33:17-07:00,65.0,61.07,0.0
2026-10-03 13:33:18-07:00,65.0,61.01,0.0
2026-10-03 13:33:19-07:00,65.0,60.96,0.0
2026-10-03 13:33:20-07:00,60.0,60.91,0.0
2026-10-03 13:33:21-07:00,60.0,60.86,0.0
2026-10-03 13:33:22-07:00,60.0,60.81,0.0
2026-10-03 13:33:23-07:00,60.0,60.76,0.0
2026-10-03 13:33:24-07:00,60.0,60.71,0.0
2026-10-03 13:33:25-07:00,60.0,60.66,0.0
2026-10-03 13:33:26-07:00,60.0,60.61,0.0
2026-10-03 13:33:27-07:00,60.0,60.56,0.0
2026-10-03 13:33:28-07:00,60.0,60.51,0.0
2026-10-03 13:33:29-07:00,60.0,60.46,0.0
2026-10-03 13:33:30-07:00,60.0,60.41,0.0
2026-10-03 13:33:31-07:00,60.0,60.36,0.0
2026-10-03 13:33:32-07:00,60.0,60.31,0.0
2026-10-03 13:33:33-07:00,60.0,60.26,0.0
2026-10-03 13:33:34-07:00,60.0,60.21,0.0
2026-10-03 13:33:35-07:00,60.0,60.16,0.0
2026-10-03 13:33:36-07:00,60.0,60.11,0.0
2026-10-03 13:33:37-07:00,60.0,60.07,0.0
2026-10-03 13:33:38-07:00,60.0,60.02,0.0
2026-10-03 13:33:39-07:00,60.0,59.97,0.0
2026-10-03 13:33:40-07:00,60.0,59.92,0.0
2026-10-03 13:33:41-07:00,60.0,59.87,0.0
2026-10-03 13:33:42-07:00,60.0,59.82,0.0
2026-10-03 13:33:43-07:00,60.0,59.77,0.0
2026-10-03 13:33:44-07:00,60.0,59.72,0.0
2026-10-03 13:33:45-07:00,60.0,59.67,0.0
2026-10-03 13:33:46-07:00,60.0,59.62,0.0
2026-10-03 13:33:47-07:00,60.0,59.57,0.0
2026-10-03 13:33:48-07:00,60.0,59.53,0.0
2026-10-03 13:33:49-07:00,60.0,59.48,0.0
2026-10-03 13:33:50-07:00,60.0,59.43,0.0
2026-10-03 13:33:51-07:00,60.0,59.38,0.0
2026-10-03 13:33:52-07:00,60.0,59.33,0.0
2026-10-03 13:33:53-07:00,60.0,59.28,0.0
2026-10-03 13:33:54-07:00,60.0,59.23,0.0
2026-10-03 13:33:55-07:00,60.0,59.19,0.0
2026-10-03 13:33:56-07:00,60.0,59.14,0.0
2026-10-03 13:33:57-07:00,60.0,59.09,0.0
2026-10-03 13:33:58-07:00,60.0,59.04,0.0
2026-10-03 13:33:59-07:00,60.0,58.99,0.0
2026-10-03 13:34:00-07:00,60.0,58.95,0.0
2026-10-03 13:34:01-07:00,60.0,58.9,0.0
2026-10-03 13:34:02-07:00,60.0,58.85,0.0
2026-10-03 13:34:03-07:00,60.0,58.8,0.0
2026-10-03 13:34:04-07:00,60.0,58.75,0.0
2026-10-03 13:34:05-07:00,60.0,58.71,0.0
2026-10-03 13:34:06-07:00,60.0,58.66,0.0
2026-10-03 13:34:07-07:00,60.0,58.61,0.0
2026-10-03 13:34:08-07:00,60.0,58.56,0.0
2026-10-03 13:34:09-07:00,60.0,58.52,0.0
2026-10-03 13:34:10-07:00,60.0,58.47,0.0
2026-10-03 13:34:11-07:00,60.0,58.42,0.0
2026-10-03 13:34:12-07:00,60.0,58.37,0.0
2026-10-03 13:34:13-07:00,60.0,58.33,0.0
2026-10-03 13:34:14-07:00,60.0,58.28,0.0
2026-10-03 13:34:15-07:00,60.0,58.23,0.0
2026-10-03 13:34:16-07:00,60.0,58.19,0.0
2026-10-03 13:34:17-07:00,60.0,58.14,0.0
2026-10-03 13:34:18-07:00,60.0,58.09,0.0
2026-10-03 13:34:19-07:00,60.0,58.04,0.0
2026-10-03 13:34:20-07:00,60.0,58.0,0.0
2026-10-03 13:34:21-07:00,60.0,57.95,0.0
2026-10-03 13:34:22-07:00,60.0,57.9,0.0
2026-10-03 13:34:23-07:00,60.0,57.86,0.0
2026-10-03 13:34:24-07:00,60.0,57.81,0.0
2026-10-03 13:34:25-07:00,60.0,57.76,0.0
2026-10-03 13:34:26-07:00,60.0,57.72,0.0
2026-10-03 13:34:27-07:00,60.0,57.67,0.0
2026-10-03 13:34:28-07:00,60.0,57.63,0.0
2026-10-03 13:34:29-07:00,55.0,57.58,0.0
2026-10-03 13:34:30-07:00,55.0,57.53,0.0
2026-10-03 13:34:31-07:00,55.0,57.49,0.0
2026-10-03 13:34:32-07:00,55.0,57.44,0.0
2026-10-03 13:34:33-07:00,55.0,57.39,0.0
2026-10-03 13:34:34-07:00,55.0,57.35,0.0
2026-10-03 13:34:35-07:00,55.0,57.3,0.0
2026-10-03 13:34:36-07:00,55.0,57.26,0.0
2026-10-03 13:34:37-07:00,55.0,57.21,0.0
2026-10-03 13:34:38-07:00,55.0,57.17,0.0
2026-10-03 13:34:39-07:00,55.0,57.12,0.0
2026-10-03 13:34:40-07:00,55.0,57.07,0.0
2026-10-03 13:34:41-07:00,55.0,57.03,0.0
2026-10-03 13:34:42-07:00,55.0,56.98,0.0
2026-10-03 13:34:43-07:00,55.0,56.94,0.0
2026-10-03 13:34:44-07:00,55.0,56.89,0.0
2026-10-03 13:34:45-07:00,55.0,56.85,0.0
2026-10-03 13:34:46-07:00,55.0,56.8,0.0
2026-10-03 13:34:47-07:00,55.0,56.76,0.0
2026-10-03 13:34:48-07:00,55.0,56.71,0.0
2026-10-03 13:34:49-07:00,55.0,56.67,0.0
2026-10-03 13:34:50-07:00,55.0,56.62,0.0
2026-10-03 13:34:51-07:00,55.0,56.58,0.0
2026-10-03 13:34:52-07:00,55.0,56.53,0.0
2026-10-03 13:34:53-07:00,55.0,56.49,0.0
2026-10-03 13:34:54-07:00,55.0,56.44,0.0
2026-10-03 13:34:55-07:00,55.0,56.4,0.0
2026-10-03 13:34:56-07:00,55.0,56.35,0.0
2026-10-03 13:34:57-07:00,55.0,56.31,0.0
2026-10-03 13:34:58-07:00,55.0,56.26,0.0
2026-10-03 13:34:59-07:00,55.0,56.22,0.0
2026-10-03 13:35:00-07:00,55.0,56.17,0.0
2026-10-03 13:35:01-07:00,55.0,56.13,0.0
2026-10-03 13:35:02-07:00,55.0,56.08,0.0
2026-10-03 13:35:03-07:00,55.0,56.04,0.0
2026-10-03 13:35:04-07:00,55.0,56.0,0.0
2026-10-03 13:35:05-07:00,55.0,55.95,0.0
2026-10-03 13:35:06-07:00,55.0,55.91,0.0
2026-10-03 13:35:07-07:00,55.0,55.86,0.0
2026-10-03 13:35:08-07:00,55.0,55.82,0.0
2026-10-03 13:35:09-07:00,55.0,55.77,0.0
2026-10-03 13:35:10-07:00,55.0,55.73,0.0
2026-10-03 13:35:11-07:00,55.0,55.69,0.0
2026-10-03 13:35:12-07:00,55.0,55.64,0.0
2026-10-03 13:35:13-07:00,55.0,55.6,0.0
2026-10-03 13:35:14-07:00,55.0,55.56,0.0
2026-10-03 13:35:15-07:00,55.0,55.51,0.0
2026-10-03 13:35:16-07:00,55.0,55.47,0.0
2026-10-03 13:35:17-07:00,55.0,55.42,0.0
2026-10-03 13:35:18-07:00,55.0,55.38,0.0
2026-10-03 13:35:19-07:00,55.0,55.34,0.0
2026-10-03 13:35:20-07:00,55.0,55.29,0.0
2026-10-03 13:35:21-07:00,55.0,55.25,0.0
2026-10-03 13:35:22-07:00,55.0,55.21,0.0
2026-10-03 13:35:23-07:00,55.0,55.16,0.0
2026-10-03 13:35:24-07:00,55.0,55.12,0.0
2026-10-03 13:35:25-07:00,55.0,55.08,0.0
2026-10-03 13:35:26-07:00,55.0,55.04,0.0
2026-10-03 13:35:27-07:00,55.0,54.99,0.0
2026-10-03 13:35:28-07:00,55.0,54.95,0.0
2026-10-03 13:35:29-07:00,55.0,54.91,0.0
2026-10-03 13:35:30-07:00,55.0,54.86,0.0
2026-10-03 13:35:31-07:00,55.0,54.82,0.0
2026-10-03 13:35:32-07:00,55.0,54.78,0.0
2026-10-03 13:35:33-07:00,55.0,54.74,0.0
2026-10-03 13:35:34-07:00,55.0,54.69,0.0
2026-10-03 13:35:35-07:00,55.0,54.65,0.0
2026-10-03 13:35:36-07:00,55.0,54.61,0.0
2026-10-03 13:35:37-07:00,55.0,54.56,0.0
2026-10-03 13:35:38-07:00,55.0,54.52,0.0
2026-10-03 13:35:39-07:00,55.0,54.48,0.0
2026-10-03 13:35:40-07:00,55.0,54.44,0.0
2026-10-03 13:35:41-07:00,55.0,54.4,0.0
2026-10-03 13:35:42-07:00,55.0,54.35,0.0
2026-10-03 13:35:43-07:00,50.0,54.31,0.0
2026-10-03 13:35:44-07:00,50.0,54.27,0.0
2026-10-03 13:35:45-07:00,50.0,54.23,0.0
2026-10-03 13:35:46-07:00,50.0,54.18,0.0
2026-10-03 13:35:47-07:00,50.0,54.14,0.0
2026-10-03 13:35:48-07:00,50.0,54.1,0.0
2026-10-03 13:35:49-07:00,50.0,54.06,0.0
2026-10-03 13:35:50-07:00,50.0,54.02,0.0
2026-10-03 13:35:51-07:00,50.0,53.98,0.0
2026-10-03 13:35:52-07:00,50.0,53.93,0.0
2026-10-03 13:35:53-07:00,50.0,53.89,0.0
2026-10-03 13:35:54-07:00,50.0,53.85,0.0
2026-10-03 13:35:55-07:00,50.0,53.81,0.0
2026-10-03 13:35:56-07:00,50.0,53.77,0.0
2026-10-03 13:35:57-07:00,50.0,53.73,0.0
2026-10-03 13:35:58-07:00,50.0,53.69,0.0
2026-10-03 13:35:59-07:00,50.0,53.64,0.0
2026-10-03 13:36:00-07:00,50.0,53.6,0.0
2026-10-03 13:36:01-07:00,50.0,53.56,0.0
2026-10-03 13:36:02-07:00,50.0,53.52,0.0
2026-10-03 13:36:03-07:00,50.0,53.48,0.0
2026-10-03 13:36:04-07:00,50.0,53.44,0.0
2026-10-03 13:36:05-07:00,50.0,53.4,0.0
2026-10-03 13:36:06-07:00,50.0,53.36,0.0
2026-10-03 13:36:07-07:00,50.0,53.32,0.0
2026-10-03 13:36:08-07:00,50.0,53.27,0.0
2026-10-03 13:36:09-07:00,50.0,53.23,0.0
2026-10-03 13:36:10-07:00,50.0,53.19,0.0
2026-10-03 13:36:11-07:00,50.0,53.15,0.0
2026-10-03 13:36:12-07:00,50.0,53.11,0.0
2026-10-03 13:36:13-07:00,50.0,53.07,0.0
2026-10-03 13:36:14-07:00,50.0,53.03,0.0
2026-10-03 13:36:15-07:00,50.0,52.99,0.0
2026-10-03 13:36:16-07:00,50.0,52.95,0.0
2026-10-03 13:36:17-07:00,50.0,52.91,0.0
2026-10-03 13:36:18-07:00,50.0,52.87,0.0
2026-10-03 13:36:19-07:00,50.0,52.83,0.0
2026-10-03 13:36:20-07:00,50.0,52.79,0.0
2026-10-03 13:36:21-07:00,50.0,52.75,0.0
2026-10-03 13:36:22-07:00,50.0,52.71,0.0
2026-10-03 13:36:23-07:00,50.0,52.67,0.0
2026-10-03 13:36:24-07:00,50.0,52.63,0.0
2026-10-03 13:36:25-07:00,50.0,52.59,0.0
2026-10-03 13:36:26-07:00,50.0,52.55,0.0
2026-10-03 13:36:27-07:00,50.0,52.51,0.0
2026-10-03 13:36:28-07:00,50.0,52.47,0.0
2026-10-03 13:36:29-07:00,50.0,52.43,0.0
2026-10-03 13:36:30-07:00,50.0,52.39,0.0
2026-10-03 13:36:31-07:00,50.0,52.35,0.0
2026-10-03 13:36:32-07:00,50.0,52.31,0.0
2026-10-03 13:36:33-07:00,50.0,52.27,0.0
2026-10-03 13:36:34-07:00,50.0,52.23,0.0
2026-10-03 13:36:35-07:00,50.0,52.19,0.0
2026-10-03 13:36:36-07:00,50.0,52.15,0.0
2026-10-03 13:36:37-07:00,50.0,52.11,0.0
2026-10-03 13:36:38-07:00,50.0,52.07,0.0
2026-10-03 13:36:39-07:00,50.0,52.03,0.0
2026-10-03 13:36:40-07:00,50.0,51.99,0.0
2026-10-03 13:36:41-07:00,50.0,51.95,0.0
2026-10-03 13:36:42-07:00,50.0,51.92,0.0
2026-10-03 13:36:43-07:00,50.0,51.88,0.0
2026-10-03 13:36:44-07:00,50.0,51.84,0.0
2026-10-03 13:36:45-07:00,50.0,51.8,0.0
2026-10-03 13:36:46-07:00,50.0,51.76,0.0
2026-10-03 13:36:47-07:00,50.0,51.72,0.0
2026-10-03 13:36:48-07:00,50.0,51.68,0.0
2026-10-03 13:36:49-07:00,50.0,51.64,0.0
2026-10-03 13:36:50-07:00,50.0,51.6,0.0
2026-10-03 13:36:51-07:00,50.0,51.57,0.0
2026-10-03 13:36:52-07:00,50.0,51.53,0.0
2026-10-03 13:36:53-07:00,50.0,51.49,0.0
2026-10-03 13:36:54-07:00,50.0,51.45,0.0
2026-10-03 13:36:55-07:00,50.0,51.41,0.0
2026-10-03 13:36:56-07:00,50.0,51.37,0.0
2026-10-03 13:36:57-07:00,50.0,51.33,0.0
2026-10-03 13:36:58-07:00,50.0,51.3,0.0
2026-10-03 13:36:59-07:00,50.0,51.26,0.0
2026-10-03 13:37:00-07:00,50.0,51.22,0.0
2026-10-03 13:37:01-07:00,50.0,51.18,0.0
2026-10-03 13:37:02-07:00,50.0,51.14,0.0
2026-10-03 13:37:03-07:00,50.0,51.1,0.0
2026-10-03 13:37:04-07:00,50.0,51.07,0.0
2026-10-03 13:37:05-07:00,50.0,51.03,0.0
2026-10-03 13:37:06-07:00,50.0,50.99,0.0
2026-10-03 13:37:07-07:00,50.0,50.95,0.0
2026-10-03 13:37:08-07:00,50.0,50.92,0.0
2026-10-03 13:37:09-07:00,50.0,50.88,0.0
2026-10-03 13:37:10-07:00,50.0,50.84,0.0
2026-10-03 13:37:11-07:00,50.0,50.8,0.0
2026-10-03 13:37:12-07:00,50.0,50.76,0.0
2026-10-03 13:37:13-07:00,50.0,50.73,0.0
2026-10-03 13:37:14-07:00,50.0,50.69,0.0
2026-10-03 13:37:15-07:00,50.0,50.65,0.0
2026-10-03 13:37:16-07:00,50.0,50.61,0.0
2026-10-03 13:37:17-07:00,50.0,50.58,0.0
2026-10-03 13:37:18-07:00,50.0,50.54,0.0
2026-10-03 13:37:19-07:00,50.0,50.5,0.0
2026-10-03 13:37:20-07:00,50.0,50.46,0.0
2026-10-03 13:37:21-07:00,50.0,50.43,0.0
2026-10-03 13:37:22-07:00,45.0,50.39,0.0
2026-10-03 13:37:23-07:00,45.0,50.35,0.0
2026-10-03 13:37:24-07:00,45.0,50.32,0.0
2026-10-03 13:37:25-07:00,45.0,50.28,0.0
2026-10-03 13:37:26-07:00,45.0,50.24,0.0
2026-10-03 13:37:27-07:00,45.0,50.2,0.0
2026-10-03 13:37:28-07:00,45.0,50.17,0.0
2026-10-03 13:37:29-07:00,45.0,50.13,0.0
2026-10-03 13:37:30-07:00,45.0,50.09,0.0
2026-10-03 13:37:31-07:00,45.0,50.06,0.0
2026-10-03 13:37:32-07:00,45.0,50.02,0.0
2026-10-03 13:37:33-07:00,45.0,49.98,0.0
2026-10-03 13:37:34-07:00,45.0,49.95,0.0
2026-10-03 13:37:35-07:00,45.0,49.91,0.0
2026-10-03 13:37:36-07:00,45.0,49.87,0.0
2026-10-03 13:37:37-07:00,45.0,49.84,0.0
2026-10-03 13:37:38-07:00,45.0,49.8,0.0
2026-10-03 13:37:39-07:00,45.0,49.76,0.0
2026-10-03 13:37:40-07:00,45.0,49.73,0.0
2026-10-03 13:37:41-07:00,45.0,49.69,0.0
2026-10-03 13:37:42-07:00,45.0,49.66,0.0
2026-10-03 13:37:43-07:00,45.0,49.62,0.0
2026-10-03 13:37:44-07:00,45.0,49.58,0.0
2026-10-03 13:37:45-07:00,45.0,49.55,0.0
2026-10-03 13:37:46-07:00,45.0,49.51,0.0
2026-10-03 13:37:47-07:00,45.0,49.47,0.0
2026-10-03 13:37:48-07:00,45.0,49.44,0.0
2026-10-03 13:37:49-07:00,45.0,49.4,0.0
2026-10-03 13:37:50-07:00,45.0,49.37,0.0
2026-10-03 13:37:51-07:00,45.0,49.33,0.0
2026-10-03 13:37:52-07:00,45.0,49.29,0.0
2026-10-03 13:37:53-07:00,45.0,49.26,0.0
2026-10-03 13:37:54-07:00,45.0,49.22,0.0
2026-10-03 13:37:55-07:00,45.0,49.19,0.0
2026-10-03 13:37:56-07:00,45.0,49.15,0.0
2026-10-03 13:37:57-07:00,45.0,49.12,0.0
2026-10-03 13:37:58-07:00,45.0,49.08,0.0
2026-10-03 13:37:59-07:00,45.0,49.05,97.4
2026-10-03 13:38:00-07:00,45.0,49.04,97.4
2026-10-03 13:38:01-07:00,45.0,49.03,197.7
2026-10-03 13:38:02-07:00,45.0,49.11,197.7
2026-10-03 13:38:03-07:00,45.0,49.18,282.6
2026-10-03 13:38:04-07:00,45.0,49.38,282.6
2026-10-03 13:38:05-07:00,45.0,49.57,235.1
2026-10-03 13:38:06-07:00,45.0,49.69,235.1
2026-10-03 13:38:07-07:00,45.0,49.82,200.4
2026-10-03 13:38:08-07:00,45.0,49.9,200.4
2026-10-03 13:38:09-07:00,45.0,49.98,158.6
2026-10-03 13:38:10-07:00,45.0,50.03,158.6
2026-10-03 13:38:11-07:00,45.0,50.07,207.4
2026-10-03 13:38:12-07:00,45.0,50.16,207.4
2026-10-03 13:38:13-07:00,45.0,50.25,98.5
2026-10-03 13:38:14-07:00,45.0,50.25,98.5
2026-10-03 13:38:15-07:00,45.0,50.25,55.8
2026-10-03 13:38:16-07:00,45.0,50.23,55.8
2026-10-03 13:38:17-07:00,50.0,50.21,65.3
2026-10-03 13:38:18-07:00,50.0,50.19,65.3
2026-10-03 13:38:19-07:00,50.0,50.17,154.8
2026-10-03 13:38:20-07:00,50.0,50.21,154.8
2026-10-03 13:38:21-07:00,50.0,50.25,50.1
2026-10-03 13:38:22-07:00,50.0,50.22,50.1
2026-10-03 13:38:23-07:00,50.0,50.2,322.6
2026-10-03 13:38:24-07:00,50.0,50.46,322.6
2026-10-03 13:38:25-07:00,50.0,50.72,271.3
2026-10-03 13:38:26-07:00,50.0,50.9,271.3
2026-10-03 13:38:27-07:00,50.0,51.08,191.2
2026-10-03 13:38:28-07:00,50.0,51.15,191.2
2026-10-03 13:38:29-07:00,50.0,51.22,91.8
2026-10-03 13:38:30-07:00,50.0,51.22,91.8
2026-10-03 13:38:31-07:00,50.0,51.21,-22.6
2026-10-03 13:38:32-07:00,50.0,51.18,-22.6
2026-10-03 13:38:33-07:00,50.0,51.15,-31.4
2026-10-03 13:38:34-07:00,50.0,51.12,-31.4
2026-10-03 13:38:35-07:00,50.0,51.1,-34.0
2026-10-03 13:38:36-07:00,50.0,51.07,-34.0
2026-10-03 13:38:37-07:00,50.0,51.04,16.2
2026-10-03 13:38:38-07:00,50.0,51.01,16.2
2026-10-03 13:38:39-07:00,50.0,50.98,293.6
2026-10-03 13:38:40-07:00,50.0,51.19,293.6
2026-10-03 13:38:41-07:00,50.0,51.4,293.6
2026-10-03 13:38:42-07:00,50.0,51.61,276.9
2026-10-03 13:38:43-07:00,50.0,51.8,276.9
2026-10-03 13:38:44-07:00,50.0,51.98,306.7
2026-10-03 13:38:45-07:00,50.0,52.22,306.7
2026-10-03 13:38:46-07:00,50.0,52.45,-37.2
2026-10-03 13:38:47-07:00,50.0,52.43,-37.2
2026-10-03 13:38:48-07:00,50.0,52.4,-29.5
2026-10-03 13:38:49-07:00,50.0,52.37,-29.5
2026-10-03 13:38:50-07:00,50.0,52.34,-26.0
2026-10-03 13:38:51-07:00,50.0,52.31,-26.0
2026-10-03 13:38:52-07:00,50.0,52.28,46.1
2026-10-03 13:38:53-07:00,50.0,52.25,46.1
2026-10-03 13:38:54-07:00,50.0,52.22,290.4
2026-10-03 13:38:55-07:00,50.0,52.42,290.4
2026-10-03 13:38:56-07:00,50.0,52.62,229.5
2026-10-03 13:38:57-07:00,50.0,52.74,229.5
2026-10-03 13:38:58-07:00,50.0,52.85,131.5
2026-10-03 13:38:59-07:00,50.0,52.87,131.5
2026-10-03 13:39:00-07:00,50.0,52.88,80.7
2026-10-03 13:39:01-07:00,50.0,52.86,80.7
2026-10-03 13:39:02-07:00,50.0,52.85,255.5
2026-10-03 13:39:03-07:00,50.0,53.0,255.5
2026-10-03 13:39:04-07:00,50.0,53.15,262.4
2026-10-03 13:39:05-07:00,50.0,53.31,262.4
2026-10-03 13:39:06-07:00,50.0,53.48,96.2
2026-10-03 13:39:07-07:00,50.0,53.47,96.2
2026-10-03 13:39:08-07:00,50.0,53.46,142.0
2026-10-03 13:39:09-07:00,50.0,53.49,142.0
2026-10-03 13:39:10-07:00,50.0,53.51,36.3
2026-10-03 13:39:11-07:00,50.0,53.49,36.3
2026-10-03 13:39:12-07:00,50.0,53.46,-22.8
2026-10-03 13:39:13-07:00,50.0,53.43,-22.8
2026-10-03 13:39:14-07:00,50.0,53.39,22.6
2026-10-03 13:39:15-07:00,50.0,53.36,22.6
2026-10-03 13:39:16-07:00,50.0,53.33,42.7
2026-10-03 13:39:17-07:00,50.0,53.3,42.7
2026-10-03 13:39:18-07:00,50.0,53.27,84.9
2026-10-03 13:39:19-07:00,50.0,53.26,84.9
2026-10-03 13:39:20-07:00,50.0,53.24,11.9
2026-10-03 13:39:21-07:00,50.0,53.21,11.9
2026-10-03 13:39:22-07:00,50.0,53.18,88.2
2026-10-03 13:39:23-07:00,50.0,53.16,88.2
2026-10-03 13:39:24-07:00,50.0,53.15,122.3
2026-10-03 13:39:25-07:00,50.0,53.16,122.3
2026-10-03 13:39:26-07:00,50.0,53.16,97.7
2026-10-03 13:39:27-07:00,50.0,53.16,97.7
2026-10-03 13:39:28-07:00,50.0,53.15,82.7
2026-10-03 13:39:29-07:00,50.0,53.13,82.7
2026-10-03 13:39:30-07:00,50.0,53.11,144.3
2026-10-03 13:39:31-07:00,50.0,53.14,144.3
2026-10-03 13:39:32-07:00,50.0,53.16,170.7
2026-10-03 13:39:33-07:00,50.0,53.21,170.7
2026-10-03 13:39:34-07:00,50.0,53.25,46.4
2026-10-03 13:39:35-07:00,50.0,53.22,46.4
2026-10-03 13:39:36-07:00,50.0,53.19,97.6
2026-10-03 13:39:37-07:00,50.0,53.18,97.6
2026-10-03 13:39:38-07:00,50.0,53.17,122.5
2026-10-03 13:39:39-07:00,50.0,53.18,122.5
2026-10-03 13:39:40-07:00,50.0,53.18,77.3
2026-10-03 13:39:41-07:00,50.0,53.16,77.3
2026-10-03 13:39:42-07:00,50.0,53.14,129.9
2026-10-03 13:39:43-07:00,50.0,53.16,129.9
2026-10-03 13:39:44-07:00,50.0,53.17,161.6
2026-10-03 13:39:45-07:00,50.0,53.21,161.6
2026-10-03 13:39:46-07:00,50.0,53.24,112.3
2026-10-03 13:39:47-07:00,50.0,53.24,112.3
2026-10-03 13:39:48-07:00,50.0,53.24,61.2
2026-10-03 13:39:49-07:00,50.0,53.22,61.2
2026-10-03 13:39:50-07:00,50.0,53.19,132.1
2026-10-03 13:39:51-07:00,50.0,53.21,132.1
2026-10-03 13:39:52-07:00,50.0,53.22,166.4
2026-10-03 13:39:53-07:00,50.0,53.26,166.4
2026-10-03 13:39:54-07:00,50.0,53.31,-37.5
2026-10-03 13:39:55-07:00,50.0,53.27,-37.5
2026-10-03 13:39:56-07:00,50.0,53.24,59.7
2026-10-03 13:39:57-07:00,50.0,53.22,59.7
2026-10-03 13:39:58-07:00,50.0,53.19,61.8
2026-10-03 13:39:59-07:00,50.0,53.17,61.8
2026-10-03 13:40:00-07:00,50.0,53.15,36.4
2026-10-03 13:40:01-07:00,50.0,53.12,36.4
2026-10-03 13:40:02-07:00,50.0,53.09,122.3
2026-10-03 13:40:03-07:00,50.0,53.09,122.3
2026-10-03 13:40:04-07:00,50.0,53.1,-23.8
2026-10-03 13:40:05-07:00,50.0,53.07,-23.8
2026-10-03 13:40:06-07:00,50.0,53.04,45.7
2026-10-03 13:40:07-07:00,50.0,53.01,45.7
2026-10-03 13:40:08-07:00,50.0,52.98,57.2
2026-10-03 13:40:09-07:00,50.0,52.96,57.2
2026-10-03 13:40:10-07:00,50.0,52.93,59.7
2026-10-03 13:40:11-07:00,50.0,52.91,59.7
2026-10-03 13:40:12-07:00,50.0,52.88,58.5
2026-10-03 13:40:13-07:00,50.0,52.86,58.5
2026-10-03 13:40:14-07:00,50.0,52.83,221.3
2026-10-03 13:40:15-07:00,50.0,52.94,221.3
2026-10-03 13:40:16-07:00,50.0,53.04,307.9
2026-10-03 13:40:17-07:00,50.0,53.27,307.9
2026-10-03 13:40:18-07:00,50.0,53.5,173.7
2026-10-03 13:40:19-07:00,50.0,53.55,173.7
2026-10-03 13:40:20-07:00,50.0,53.6,78.0
2026-10-03 13:40:21-07:00,50.0,53.59,78.0
2026-10-03 13:40:22-07:00,50.0,53.57,78.0
2026-10-03 13:40:23-07:00,55.0,53.55,44.4
2026-10-03 13:40:24-07:00,55.0,53.52,44.4
2026-10-03 13:40:25-07:00,55.0,53.49,41.0
2026-10-03 13:40:26-07:00,55.0,53.46,41.0
2026-10-03 13:40:27-07:00,55.0,53.44,93.0
2026-10-03 13:40:28-07:00,55.0,53.42,93.0
2026-10-03 13:40:29-07:00,55.0,53.41,87.2
2026-10-03 13:40:30-07:00,55.0,53.4,87.2
2026-10-03 13:40:31-07:00,55.0,53.39,11.7
2026-10-03 13:40:32-07:00,55.0,53.36,11.7
2026-10-03 13:40:33-07:00,55.0,53.32,87.8
2026-10-03 13:40:34-07:00,55.0,53.31,87.8
2026-10-03 13:40:35-07:00,55.0,53.3,89.7
2026-10-03 13:40:36-07:00,55.0,53.29,89.7
2026-10-03 13:40:37-07:00,55.0,53.27,194.2
2026-10-03 13:40:38-07:00,55.0,53.35,194.2
2026-10-03 13:40:39-07:00,55.0,53.42,296.6
2026-10-03 13:40:40-07:00,55.0,53.64,296.6
2026-10-03 13:40:41-07:00,55.0,53.85,22.8
2026-10-03 13:40:42-07:00,55.0,53.82,22.8
2026-10-03 13:40:43-07:00,55.0,53.79,-26.7
2026-10-03 13:40:44-07:00,55.0,53.76,-26.7
2026-10-03 13:40:45-07:00,55.0,53.73,-15.6
2026-10-03 13:40:46-07:00,55.0,53.7,-15.6
2026-10-03 13:40:47-07:00,55.0,53.67,-26.7
2026-10-03 13:40:48-07:00,55.0,53.63,-26.7
2026-10-03 13:40:49-07:00,55.0,53.6,63.1
2026-10-03 13:40:50-07:00,55.0,53.58,63.1
2026-10-03 13:40:51-07:00,55.0,53.56,-37.9
2026-10-03 13:40:52-07:00,55.0,53.53,-37.9
2026-10-03 13:40:53-07:00,55.0,53.49,199.3
2026-10-03 13:40:54-07:00,55.0,53.57,199.3
2026-10-03 13:40:55-07:00,55.0,53.64,282.6
2026-10-03 13:40:56-07:00,55.0,53.83,282.6
2026-10-03 13:40:57-07:00,55.0,54.02,287.1
2026-10-03 13:40:58-07:00,55.0,54.21,287.1
2026-10-03 13:40:59-07:00,55.0,54.41,311.2
2026-10-03 13:41:00-07:00,55.0,54.64,311.2
2026-10-03 13:41:01-07:00,55.0,54.88,274.9
2026-10-03 13:41:02-07:00,55.0,55.06,274.9
2026-10-03 13:41:03-07:00,55.0,55.23,88.0
2026-10-03 13:41:04-07:00,55.0,55.22,88.0
2026-10-03 13:41:05-07:00,55.0,55.21,-3.0
2026-10-03 13:41:06-07:00,55.0,55.17,-3.0
2026-10-03 13:41:07-07:00,55.0,55.13,-27.3
2026-10-03 13:41:08-07:00,55.0,55.1,-27.3
2026-10-03 13:41:09-07:00,55.0,55.06,161.2
2026-10-03 13:41:10-07:00,55.0,55.1,161.2
2026-10-03 13:41:11-07:00,55.0,55.13,40.1
2026-10-03 13:41:12-07:00,55.0,55.1,40.1
2026-10-03 13:41:13-07:00,55.0,55.07,28.0
2026-10-03 13:41:14-07:00,55.0,55.03,28.0
2026-10-03 13:41:15-07:00,55.0,55.0,45.8
2026-10-03 13:41:16-07:00,55.0,54.97,45.8
2026-10-03 13:41:17-07:00,55.0,54.94,89.9
2026-10-03 13:41:18-07:00,55.0,54.92,89.9
2026-10-03 13:41:19-07:00,55.0,54.91,296.3
2026-10-03 13:41:20-07:00,55.0,55.12,296.3
2026-10-03 13:41:21-07:00,55.0,55.33,237.9
2026-10-03 13:41:22-07:00,55.0,55.46,237.9
2026-10-03 13:41:23-07:00,55.0,55.58,77.1
2026-10-03 13:41:24-07:00,55.0,55.57,77.1
2026-10-03 13:41:25-07:00,55.0,55.55,-38.3
2026-10-03 13:41:26-07:00,55.0,55.52,-38.3
2026-10-03 13:41:27-07:00,55.0,55.49,212.8
2026-10-03 13:41:28-07:00,55.0,55.58,212.8
2026-10-03 13:41:29-07:00,55.0,55.68,69.5
2026-10-03 13:41:30-07:00,55.0,55.65,69.5
2026-10-03 13:41:31-07:00,55.0,55.63,79.0
2026-10-03 13:41:32-07:00,55.0,55.62,79.0
2026-10-03 13:41:33-07:00,55.0,55.6,16.1
2026-10-03 13:41:34-07:00,55.0,55.57,16.1
2026-10-03 13:41:35-07:00,55.0,55.53,21.5
2026-10-03 13:41:36-07:00,55.0,55.5,21.5
2026-10-03 13:41:37-07:00,55.0,55.46,-32.1
2026-10-03 13:41:38-07:00,55.0,55.43,-32.1
2026-10-03 13:41:39-07:00,55.0,55.39,60.8
2026-10-03 13:41:40-07:00,55.0,55.37,60.8
2026-10-03 13:41:41-07:00,55.0,55.34,214.1
2026-10-03 13:41:42-07:00,55.0,55.43,214.1
2026-10-03 13:41:43-07:00,55.0,55.52,110.6
2026-10-03 13:41:44-07:00,55.0,55.52,110.6
2026-10-03 13:41:45-07:00,55.0,55.52,177.0
2026-10-03 13:41:46-07:00,55.0,55.57,177.0
2026-10-03 13:41:47-07:00,55.0,55.62,125.8
2026-10-03 13:41:48-07:00,55.0,55.63,125.8
2026-10-03 13:41:49-07:00,55.0,55.64,59.7
2026-10-03 13:41:50-07:00,55.0,55.61,59.7
2026-10-03 13:41:51-07:00,55.0,55.59,9.3
2026-10-03 13:41:52-07:00,55.0,55.55,9.3
2026-10-03 13:41:53-07:00,55.0,55.51,98.4
2026-10-03 13:41:54-07:00,55.0,55.5,98.4
2026-10-03 13:41:55-07:00,55.0,55.49,6.1
2026-10-03 13:41:56-07:00,55.0,55.45,6.1
2026-10-03 13:41:57-07:00,55.0,55.42,6.1
2026-10-03 13:41:58-07:00,55.0,55.38,10.0
2026-10-03 13:41:59-07:00,55.0,55.34,10.0
2026-10-03 13:42:00-07:00,55.0,55.3,115.9
2026-10-03 13:42:01-07:00,55.0,55.3,115.9
2026-10-03 13:42:02-07:00,55.0,55.3,169.1
2026-10-03 13:42:03-07:00,55.0,55.34,169.1
2026-10-03 13:42:04-07:00,55.0,55.39,312.5
2026-10-03 13:42:05-07:00,55.0,55.63,312.5
2026-10-03 13:42:06-07:00,55.0,55.87,313.5
2026-10-03 13:42:07-07:00,55.0,56.11,313.5
2026-10-03 13:42:08-07:00,55.0,56.35,85.4
2026-10-03 13:42:09-07:00,55.0,56.34,85.4
2026-10-03 13:42:10-07:00,55.0,56.32,85.3
2026-10-03 13:42:11-07:00,55.0,56.31,85.3
2026-10-03 13:42:12-07:00,55.0,56.29,94.9
2026-10-03 13:42:13-07:00,55.0,56.29,94.9
2026-10-03 13:42:14-07:00,55.0,56.28,43.2
2026-10-03 13:42:15-07:00,55.0,56.25,43.2
2026-10-03 13:42:16-07:00,55.0,56.22,11.4
2026-10-03 13:42:17-07:00,55.0,56.18,11.4
2026-10-03 13:42:18-07:00,55.0,56.15,-30.0
2026-10-03 13:42:19-07:00,55.0,56.12,-30.0
2026-10-03 13:42:20-07:00,55.0,56.08,11.4
2026-10-03 13:42:21-07:00,55.0,56.05,11.4
2026-10-03 13:42:22-07:00,55.0,56.01,105.7
2026-10-03 13:42:23-07:00,55.0,56.0,105.7
2026-10-03 13:42:24-07:00,55.0,56.0,116.4
2026-10-03 13:42:25-07:00,55.0,56.0,116.4
2026-10-03 13:42:26-07:00,55.0,56.0,219.6
2026-10-03 13:42:27-07:00,55.0,56.09,219.6
2026-10-03 13:42:28-07:00,55.0,56.19,212.5
2026-10-03 13:42:29-07:00,55.0,56.28,212.5
2026-10-03 13:42:30-07:00,55.0,56.37,268.5
2026-10-03 13:42:31-07:00,55.0,56.54,268.5
2026-10-03 13:42:32-07:00,55.0,56.7,97.9
2026-10-03 13:42:33-07:00,55.0,56.69,97.9
2026-10-03 13:42:34-07:00,55.0,56.68,71.5
2026-10-03 13:42:35-07:00,55.0,56.66,71.5
2026-10-03 13:42:36-07:00,55.0,56.64,43.3
2026-10-03 13:42:37-07:00,55.0,56.61,43.3
2026-10-03 13:42:38-07:00,55.0,56.57,65.1
2026-10-03 13:42:39-07:00,55.0,56.55,65.1
2026-10-03 13:42:40-07:00,55.0,56.52,81.5
2026-10-03 13:42:41-07:00,55.0,56.5,81.5
2026-10-03 13:42:42-07:00,55.0,56.48,116.3
2026-10-03 13:42:43-07:00,55.0,56.48,116.3
2026-10-03 13:42:44-07:00,55.0,56.48,102.7
2026-10-03 13:42:45-07:00,55.0,56.47,102.7
2026-10-03 13:42:46-07:00,55.0,56.46,236.9
2026-10-03 13:42:47-07:00,55.0,56.58,236.9
2026-10-03 13:42:48-07:00,60.0,56.71,270.1
2026-10-03 13:42:49-07:00,60.0,56.87,270.1
2026-10-03 13:42:50-07:00,60.0,57.04,285.8
2026-10-03 13:42:51-07:00,60.0,57.24,285.8
2026-10-03 13:42:52-07:00,60.0,57.43,215.6
2026-10-03 13:42:53-07:00,60.0,57.53,215.6
2026-10-03 13:42:54-07:00,60.0,57.63,9.0
2026-10-03 13:42:55-07:00,60.0,57.59,9.0
2026-10-03 13:42:56-07:00,60.0,57.56,10.9
2026-10-03 13:42:57-07:00,60.0,57.52,10.9
2026-10-03 13:42:58-07:00,60.0,57.49,12.5
2026-10-03 13:42:59-07:00,60.0,57.45,12.5
2026-10-03 13:43:00-07:00,60.0,57.42,12.5
2026-10-03 13:43:01-07:00,60.0,57.38,43.8
2026-10-03 13:43:02-07:00,60.0,57.35,43.8
2026-10-03 13:43:03-07:00,60.0,57.31,7.5
2026-10-03 13:43:04-07:00,60.0,57.27,7.5
2026-10-03 13:43:05-07:00,60.0,57.24,250.6
2026-10-03 13:43:06-07:00,60.0,57.37,250.6
2026-10-03 13:43:07-07:00,60.0,57.51,74.7
2026-10-03 13:43:08-07:00,60.0,57.49,74.7
2026-10-03 13:43:09-07:00,60.0,57.46,295.7
2026-10-03 13:43:10-07:00,60.0,57.67,295.7
2026-10-03 13:43:11-07:00,60.0,57.88,139.6
2026-10-03 13:43:12-07:00,60.0,57.89,139.6
2026-10-03 13:43:13-07:00,60.0,57.91,187.3
2026-10-03 13:43:14-07:00,60.0,57.97,187.3
2026-10-03 13:43:15-07:00,60.0,58.03,108.1
2026-10-03 13:43:16-07:00,60.0,58.02,108.1
2026-10-03 13:43:17-07:00,60.0,58.02,71.5
2026-10-03 13:43:18-07:00,60.0,57.99,71.5
2026-10-03 13:43:19-07:00,60.0,57.97,68.1
2026-10-03 13:43:20-07:00,60.0,57.94,68.1
2026-10-03 13:43:21-07:00,60.0,57.92,-30.2
2026-10-03 13:43:22-07:00,60.0,57.88,-30.2
2026-10-03 13:43:23-07:00,60.0,57.84,-29.2
2026-10-03 13:43:24-07:00,60.0,57.81,-29.2
2026-10-03 13:43:25-07:00,60.0,57.77,148.1
2026-10-03 13:43:26-07:00,60.0,57.79,148.1
2026-10-03 13:43:27-07:00,60.0,57.81,301.6
2026-10-03 13:43:28-07:00,60.0,58.03,301.6
2026-10-03 13:43:29-07:00,60.0,58.25,282.6
2026-10-03 13:43:30-07:00,60.0,58.43,282.6
2026-10-03 13:43:31-07:00,60.0,58.62,254.9
2026-10-03 13:43:32-07:00,60.0,58.77,254.9
2026-10-03 13:43:33-07:00,60.0,58.91,92.7
2026-10-03 13:43:34-07:00,60.0,58.9,92.7
2026-10-03 13:43:35-07:00,60.0,58.89,70.0
2026-10-03 13:43:36-07:00,60.0,58.87,70.0
2026-10-03 13:43:37-07:00,60.0,58.84,80.8
2026-10-03 13:43:38-07:00,60.0,58.82,80.8
2026-10-03 13:43:39-07:00,60.0,58.81,-21.0
2026-10-03 13:43:40-07:00,60.0,58.77,-21.0
2026-10-03 13:43:41-07:00,60.0,58.73,-33.7
2026-10-03 13:43:42-07:00,60.0,58.7,-33.7
2026-10-03 13:43:43-07:00,60.0,58.66,-27.8
2026-10-03 13:43:44-07:00,60.0,58.62,-27.8
2026-10-03 13:43:45-07:00,60.0,58.59,316.7
2026-10-03 13:43:46-07:00,60.0,58.83,316.7
2026-10-03 13:43:47-07:00,60.0,59.07,209.3
2026-10-03 13:43:48-07:00,60.0,59.15,209.3
2026-10-03 13:43:49-07:00,60.0,59.23,294.4
2026-10-03 13:43:50-07:00,60.0,59.44,294.4
2026-10-03 13:43:51-07:00,60.0,59.64,184.2
2026-10-03 13:43:52-07:00,60.0,59.7,184.2
2026-10-03 13:43:53-07:00,60.0,59.75,119.4
2026-10-03 13:43:54-07:00,60.0,59.75,119.4
2026-10-03 13:43:55-07:00,60.0,59.76,14.6
2026-10-03 13:43:56-07:00,60.0,59.72,14.6
2026-10-03 13:43:57-07:00,60.0,59.68,29.3
2026-10-03 13:43:58-07:00,60.0,59.64,29.3
2026-10-03 13:43:59-07:00,60.0,59.6,71.7
2026-10-03 13:44:00-07:00,60.0,59.57,71.7
2026-10-03 13:44:01-07:00,60.0,59.55,50.9
2026-10-03 13:44:02-07:00,60.0,59.51,50.9
2026-10-03 13:44:03-07:00,60.0,59.48,-15.2
2026-10-03 13:44:04-07:00,60.0,59.44,-15.2
2026-10-03 13:44:05-07:00,60.0,59.39,293.2
2026-10-03 13:44:06-07:00,60.0,59.6,293.2
2026-10-03 13:44:07-07:00,60.0,59.8,305.5
2026-10-03 13:44:08-07:00,60.0,60.02,305.5
2026-10-03 13:44:09-07:00,60.0,60.24,171.8
2026-10-03 13:44:10-07:00,60.0,60.29,171.8
2026-10-03 13:44:11-07:00,60.0,60.33,128.2
2026-10-03 13:44:12-07:00,60.0,60.34,128.2
2026-10-03 13:44:13-07:00,60.0,60.35,67.6
2026-10-03 13:44:14-07:00,60.0,60.32,67.6
2026-10-03 13:44:15-07:00,60.0,60.29,94.6
2026-10-03 13:44:16-07:00,60.0,60.28,94.6
2026-10-03 13:44:17-07:00,60.0,60.27,20.0
2026-10-03 13:44:18-07:00,60.0,60.23,20.0
2026-10-03 13:44:19-07:00,60.0,60.19,-25.0
2026-10-03 13:44:20-07:00,60.0,60.15,-25.0
2026-10-03 13:44:21-07:00,60.0,60.11,25.2
2026-10-03 13:44:22-07:00,60.0,60.07,25.2
2026-10-03 13:44:23-07:00,60.0,60.03,286.4
2026-10-03 13:44:24-07:00,60.0,60.22,286.4
2026-10-03 13:44:25-07:00,60.0,60.41,258.5
2026-10-03 13:44:26-07:00,60.0,60.55,258.5
2026-10-03 13:44:27-07:00,60.0,60.7,258.5
2026-10-03 13:44:28-07:00,60.0,60.84,125.4
2026-10-03 13:44:29-07:00,60.0,60.84,125.4
2026-10-03 13:44:30-07:00,60.0,60.84,178.2
2026-10-03 13:44:31-07:00,60.0,60.89,178.2
2026-10-03 13:44:32-07:00,60.0,60.94,108.7
2026-10-03 13:44:33-07:00,60.0,60.93,108.7
2026-10-03 13:44:34-07:00,60.0,60.92,68.7
2026-10-03 13:44:35-07:00,60.0,60.89,68.7
2026-10-03 13:44:36-07:00,60.0,60.86,93.6
2026-10-03 13:44:37-07:00,60.0,60.84,93.6
2026-10-03 13:44:38-07:00,60.0,60.83,26.9
2026-10-03 13:44:39-07:00,60.0,60.79,26.9
2026-10-03 13:44:40-07:00,60.0,60.75,25.9
2026-10-03 13:44:41-07:00,60.0,60.71,25.9
2026-10-03 13:44:42-07:00,60.0,60.67,17.8
2026-10-03 13:44:43-07:00,60.0,60.62,17.8
2026-10-03 13:44:44-07:00,60.0,60.58,91.8
2026-10-03 13:44:45-07:00,60.0,60.56,91.8
2026-10-03 13:44:46-07:00,60.0,60.54,182.0
2026-10-03 13:44:47-07:00,60.0,60.59,182.0
2026-10-03 13:44:48-07:00,60.0,60.63,314.9
2026-10-03 13:44:49-07:00,60.0,60.87,314.9
2026-10-03 13:44:50-07:00,60.0,61.1,283.8
2026-10-03 13:44:51-07:00,60.0,61.29,283.8
2026-10-03 13:44:52-07:00,60.0,61.47,300.0
2026-10-03 13:44:53-07:00,60.0,61.68,300.0
2026-10-03 13:44:54-07:00,65.0,61.89,137.1
2026-10-03 13:44:55-07:00,65.0,61.91,137.1
2026-10-03 13:44:56-07:00,65.0,61.92,102.5
2026-10-03 13:44:57-07:00,65.0,61.91,102.5
2026-10-03 13:44:58-07:00,65.0,61.89,11.2
2026-10-03 13:44:59-07:00,65.0,61.85,11.2
2026-10-03 13:45:00-07:00,65.0,61.81,15.3
2026-10-03 13:45:01-07:00,65.0,61.77,15.3
2026-10-03 13:45:02-07:00,65.0,61.73,13.3
2026-10-03 13:45:03-07:00,65.0,61.69,13.3
2026-10-03 13:45:04-07:00,65.0,61.64,30.6
2026-10-03 13:45:05-07:00,65.0,61.6,30.6
2026-10-03 13:45:06-07:00,65.0,61.56,302.1
2026-10-03 13:45:07-07:00,65.0,61.77,302.1
2026-10-03 13:45:08-07:00,65.0,61.99,294.2
2026-10-03 13:45:09-07:00,65.0,62.19,294.2
2026-10-03 13:45:10-07:00,65.0,62.39,234.1
2026-10-03 13:45:11-07:00,65.0,62.5,234.1
2026-10-03 13:45:12-07:00,65.0,62.61,131.1
2026-10-03 13:45:13-07:00,65.0,62.62,131.1
2026-10-03 13:45:14-07:00,65.0,62.62,54.0
2026-10-03 13:45:15-07:00,65.0,62.59,54.0
2026-10-03 13:45:16-07:00,65.0,62.55,21.5
2026-10-03 13:45:17-07:00,65.0,62.51,21.5
2026-10-03 13:45:18-07:00,65.0,62.47,75.8
2026-10-03 13:45:19-07:00,65.0,62.44,75.8
2026-10-03 13:45:20-07:00,65.0,62.41,69.3
2026-10-03 13:45:21-07:00,65.0,62.38,69.3
2026-10-03 13:45:22-07:00,65.0,62.35,-6.9
2026-10-03 13:45:23-07:00,65.0,62.31,-6.9
2026-10-03 13:45:24-07:00,65.0,62.26,60.8
2026-10-03 13:45:25-07:00,65.0,62.23,60.8
2026-10-03 13:45:26-07:00,65.0,62.19,163.2
2026-10-03 13:45:27-07:00,65.0,62.22,163.2
2026-10-03 13:45:28-07:00,65.0,62.25,334.2
2026-10-03 13:45:29-07:00,65.0,62.52,334.2
2026-10-03 13:45:30-07:00,65.0,62.78,293.4
2026-10-03 13:45:31-07:00,65.0,62.98,293.4
2026-10-03 13:45:32-07:00,65.0,63.18,291.1
2026-10-03 13:45:33-07:00,65.0,63.37,291.1
2026-10-03 13:45:34-07:00,65.0,63.57,151.6
2026-10-03 13:45:35-07:00,65.0,63.59,151.6
2026-10-03 13:45:36-07:00,65.0,63.61,61.2
2026-10-03 13:45:37-07:00,65.0,63.58,61.2
2026-10-03 13:45:38-07:00,65.0,63.55,57.3
2026-10-03 13:45:39-07:00,65.0,63.51,57.3
2026-10-03 13:45:40-07:00,65.0,63.48,61.4
2026-10-03 13:45:41-07:00,65.0,63.45,61.4
2026-10-03 13:45:42-07:00,65.0,63.41,45.7
2026-10-03 13:45:43-07:00,65.0,63.37,45.7
2026-10-03 13:45:44-07:00,65.0,63.33,265.8
2026-10-03 13:45:45-07:00,65.0,63.48,265.8
2026-10-03 13:45:46-07:00,65.0,63.64,11.4
2026-10-03 13:45:47-07:00,65.0,63.59,11.4
2026-10-03 13:45:48-07:00,65.0,63.54,11.4
2026-10-03 13:45:49-07:00,65.0,63.5,53.7
2026-10-03 13:45:50-07:00,65.0,63.46,53.7
2026-10-03 13:45:51-07:00,65.0,63.42,35.5
2026-10-03 13:45:52-07:00,65.0,63.37,35.5
2026-10-03 13:45:53-07:00,65.0,63.32,64.5
2026-10-03 13:45:54-07:00,65.0,63.28,64.5
2026-10-03 13:45:55-07:00,65.0,63.24,327.5
2026-10-03 13:45:56-07:00,65.0,63.49,327.5
2026-10-03 13:45:57-07:00,65.0,63.74,315.1
2026-10-03 13:45:58-07:00,65.0,63.97,315.1
2026-10-03 13:45:59-07:00,65.0,64.2,321.9
2026-10-03 13:46:00-07:00,65.0,64.44,321.9
2026-10-03 13:46:01-07:00,65.0,64.68,324.5
2026-10-03 13:46:02-07:00,65.0,64.92,324.5
2026-10-03 13:46:03-07:00,65.0,65.17,313.1
2026-10-03 13:46:04-07:00,65.0,65.39,313.1
2026-10-03 13:46:05-07:00,65.0,65.62,313.1
2026-10-03 13:46:06-07:00,65.0,65.84,313.1
2026-10-03 13:46:07-07:00,65.0,66.07,302.6
2026-10-03 13:46:08-07:00,65.0,66.28,302.6
2026-10-03 13:46:09-07:00,70.0,66.49,239.4
2026-10-03 13:46:10-07:00,70.0,66.6,239.4
2026-10-03 13:46:11-07:00,70.0,66.71,293.6
2026-10-03 13:46:12-07:00,70.0,66.91,293.6
2026-10-03 13:46:13-07:00,70.0,67.1,191.9
2026-10-03 13:46:14-07:00,70.0,67.16,191.9
2026-10-03 13:46:15-07:00,70.0,67.21,295.4
2026-10-03 13:46:16-07:00,70.0,67.41,295.4
2026-10-03 13:46:17-07:00,70.0,67.6,318.9
2026-10-03 13:46:18-07:00,70.0,67.84,318.9
2026-10-03 13:46:19-07:00,70.0,68.08,297.5
2026-10-03 13:46:20-07:00,70.0,68.28,297.5
2026-10-03 13:46:21-07:00,70.0,68.48,291.4
2026-10-03 13:46:22-07:00,70.0,68.67,291.4
2026-10-03 13:46:23-07:00,70.0,68.86,257.4
2026-10-03 13:46:24-07:00,70.0,69.0,257.4
2026-10-03 13:46:25-07:00,70.0,69.14,234.1
2026-10-03 13:46:26-07:00,70.0,69.25,234.1
2026-10-03 13:46:27-07:00,70.0,69.36,-23.4
2026-10-03 13:46:28-07:00,70.0,69.31,-23.4
2026-10-03 13:46:29-07:00,70.0,69.26,-27.4
2026-10-03 13:46:30-07:00,70.0,69.22,-27.4
2026-10-03 13:46:31-07:00,70.0,69.17,-4.0
2026-10-03 13:46:32-07:00,70.0,69.12,-4.0
2026-10-03 13:46:33-07:00,70.0,69.07,-4.0
2026-10-03 13:46:34-07:00,70.0,69.01,70.3
2026-10-03 13:46:35-07:00,70.0,68.98,40.4
2026-10-03 13:46:36-07:00,70.0,68.93,40.4
2026-10-03 13:46:37-07:00,70.0,68.88,186.7
2026-10-03 13:46:38-07:00,70.0,68.92,186.7
2026-10-03 13:46:39-07:00,70.0,68.97,220.6
2026-10-03 13:46:40-07:00,70.0,69.05,220.6
2026-10-03 13:46:41-07:00,70.0,69.14,325.5
2026-10-03 13:46:42-07:00,70.0,69.38,325.5
2026-10-03 13:46:43-07:00,70.0,69.63,193.3
2026-10-03 13:46:44-07:00,70.0,69.68,193.3
2026-10-03 13:46:45-07:00,70.0,69.74,34.2
2026-10-03 13:46:46-07:00,70.0,69.69,34.2
2026-10-03 13:46:47-07:00,70.0,69.64,34.8
2026-10-03 13:46:48-07:00,70.0,69.59,34.8
2026-10-03 13:46:49-07:00,70.0,69.54,132.8
2026-10-03 13:46:50-07:00,70.0,69.54,132.8
2026-10-03 13:46:51-07:00,70.0,69.54,262.3
2026-10-03 13:46:52-07:00,70.0,69.68,262.3
2026-10-03 13:46:53-07:00,70.0,69.82,262.3
2026-10-03 13:46:54-07:00,70.0,69.96,315.9
2026-10-03 13:46:55-07:00,70.0,70.19,315.9
2026-10-03 13:46:56-07:00,70.0,70.42,299.3
2026-10-03 13:46:57-07:00,70.0,70.62,299.3
2026-10-03 13:46:58-07:00,70.0,70.82,269.3
2026-10-03 13:46:59-07:00,70.0,70.98,269.3
2026-10-03 13:47:00-07:00,70.0,71.13,248.1
2026-10-03 13:47:01-07:00,70.0,71.26,248.1
2026-10-03 13:47:02-07:00,70.0,71.38,31.5
2026-10-03 13:47:03-07:00,70.0,71.33,31.5
2026-10-03 13:47:04-07:00,70.0,71.28,45.9
2026-10-03 13:47:05-07:00,70.0,71.24,45.9
2026-10-03 13:47:06-07:00,70.0,71.19,177.2
2026-10-03 13:47:07-07:00,70.0,71.23,177.2
2026-10-03 13:47:08-07:00,70.0,71.26,263.4
2026-10-03 13:47:09-07:00,70.0,71.4,263.4
2026-10-03 13:47:10-07:00,70.0,71.54,314.6
2026-10-03 13:47:11-07:00,70.0,71.77,314.6
2026-10-03 13:47:12-07:00,70.0,71.99,290.7
2026-10-03 13:47:13-07:00,70.0,72.17,290.7
2026-10-03 13:47:14-07:00,75.0,72.36,211.8
2026-10-03 13:47:15-07:00,75.0,72.43,211.8
2026-10-03 13:47:16-07:00,75.0,72.5,123.1
2026-10-03 13:47:17-07:00,75.0,72.49,123.1
2026-10-03 13:47:18-07:00,75.0,72.48,306.8
2026-10-03 13:47:19-07:00,75.0,72.69,306.8
2026-10-03 13:47:20-07:00,75.0,72.9,143.6
2026-10-03 13:47:21-07:00,75.0,72.9,143.6
2026-10-03 13:47:22-07:00,75.0,72.9,155.6
2026-10-03 13:47:23-07:00,75.0,72.91,155.6
2026-10-03 13:47:24-07:00,75.0,72.92,244.9
2026-10-03 13:47:25-07:00,75.0,73.03,244.9
2026-10-03 13:47:26-07:00,75.0,73.15,313.6
2026-10-03 13:47:27-07:00,75.0,73.37,313.6
2026-10-03 13:47:28-07:00,75.0,73.59,312.7
2026-10-03 13:47:29-07:00,75.0,73.81,312.7
2026-10-03 13:47:30-07:00,75.0,74.02,300.3
2026-10-03 13:47:31-07:00,75.0,74.22,300.3
2026-10-03 13:47:32-07:00,75.0,74.42,263.4
2026-10-03 13:47:33-07:00,75.0,74.56,263.4
2026-10-03 13:47:34-07:00,75.0,74.7,248.2
2026-10-03 13:47:35-07:00,75.0,74.82,248.2
2026-10-03 13:47:36-07:00,75.0,74.94,23.0
2026-10-03 13:47:37-07:00,75.0,74.89,23.0
2026-10-03 13:47:38-07:00,75.0,74.84,68.1
2026-10-03 13:47:39-07:00,75.0,74.79,68.1
2026-10-03 13:47:40-07:00,75.0,74.75,26.3
2026-10-03 13:47:41-07:00,75.0,74.7,26.3
2026-10-03 13:47:42-07:00,75.0,74.64,79.5
2026-10-03 13:47:43-07:00,75.0,74.6,79.5
2026-10-03 13:47:44-07:00,75.0,74.56,270.2
2026-10-03 13:47:45-07:00,75.0,74.7,270.2
2026-10-03 13:47:46-07:00,75.0,74.85,163.8
2026-10-03 13:47:47-07:00,75.0,74.87,163.8
2026-10-03 13:47:48-07:00,75.0,74.88,77.7
2026-10-03 13:47:49-07:00,75.0,74.84,77.7
2026-10-03 13:47:50-07:00,75.0,74.8,179.5
2026-10-03 13:47:51-07:00,75.0,74.83,179.5
2026-10-03 13:47:52-07:00,75.0,74.86,76.1
2026-10-03 13:47:53-07:00,75.0,74.82,76.1
2026-10-03 13:47:54-07:00,75.0,74.78,63.2
2026-10-03 13:47:55-07:00,75.0,74.73,63.2
2026-10-03 13:47:56-07:00,75.0,74.69,59.3
2026-10-03 13:47:57-07:00,75.0,74.64,59.3
2026-10-03 13:47:58-07:00,75.0,74.59,74.0
2026-10-03 13:47:59-07:00,75.0,74.54,74.0
2026-10-03 13:48:00-07:00,75.0,74.5,216.5
2026-10-03 13:48:01-07:00,75.0,74.57,216.5
2026-10-03 13:48:02-07:00,75.0,74.64,216.5
2026-10-03 13:48:03-07:00,75.0,74.71,265.4
2026-10-03 13:48:04-07:00,75.0,74.85,265.4
2026-10-03 13:48:05-07:00,75.0,74.99,281.5
2026-10-03 13:48:06-07:00,75.0,75.15,281.5
2026-10-03 13:48:07-07:00,75.0,75.32,308.3
2026-10-03 13:48:08-07:00,75.0,75.53,308.3
2026-10-03 13:48:09-07:00,75.0,75.74,291.3
2026-10-03 13:48:10-07:00,75.0,75.92,291.3
2026-10-03 13:48:11-07:00,75.0,76.1,101.0
2026-10-03 13:48:12-07:00,75.0,76.07,101.0
2026-10-03 13:48:13-07:00,75.0,76.05,27.9
2026-10-03 13:48:14-07:00,75.0,75.99,27.9
2026-10-03 13:48:15-07:00,75.0,75.93,51.3
2026-10-03 13:48:16-07:00,75.0,75.88,51.3
2026-10-03 13:48:17-07:00,75.0,75.83,290.3
2026-10-03 13:48:18-07:00,75.0,76.0,290.3
2026-10-03 13:48:19-07:00,75.0,76.18,294.7
2026-10-03 13:48:20-07:00,75.0,76.36,294.7
2026-10-03 13:48:21-07:00,75.0,76.55,293.9
2026-10-03 13:48:22-07:00,75.0,76.73,293.9
2026-10-03 13:48:23-07:00,75.0,76.92,289.1
2026-10-03 13:48:24-07:00,75.0,77.09,289.1
2026-10-03 13:48:25-07:00,80.0,77.27,269.7
2026-10-03 13:48:26-07:00,80.0,77.42,269.7
2026-10-03 13:48:27-07:00,80.0,77.56,-39.3
2026-10-03 13:48:28-07:00,80.0,77.51,-39.3
2026-10-03 13:48:29-07:00,80.0,77.46,-26.7
2026-10-03 13:48:30-07:00,80.0,77.4,-26.7
2026-10-03 13:48:31-07:00,80.0,77.34,39.7
2026-10-03 13:48:32-07:00,80.0,77.28,39.7
2026-10-03 13:48:33-07:00,80.0,77.22,263.9
2026-10-03 13:48:34-07:00,80.0,77.35,263.9
2026-10-03 13:48:35-07:00,80.0,77.48,294.0
2026-10-03 13:48:36-07:00,80.0,77.66,294.0
2026-10-03 13:48:37-07:00,80.0,77.84,267.7
2026-10-03 13:48:38-07:00,80.0,77.98,267.7
2026-10-03 13:48:39-07:00,80.0,78.12,274.8
2026-10-03 13:48:40-07:00,80.0,78.28,274.8
2026-10-03 13:48:41-07:00,80.0,78.43,281.5
2026-10-03 13:48:42-07:00,80.0,78.59,281.5
2026-10-03 13:48:43-07:00,80.0,78.76,248.6
2026-10-03 13:48:44-07:00,80.0,78.87,248.6
2026-10-03 13:48:45-07:00,80.0,78.99,56.6
2026-10-03 13:48:46-07:00,80.0,78.93,56.6
2026-10-03 13:48:47-07:00,80.0,78.88,110.4
2026-10-03 13:48:48-07:00,80.0,78.85,110.4
2026-10-03 13:48:49-07:00,80.0,78.82,288.6
2026-10-03 13:48:50-07:00,80.0,78.99,288.6
2026-10-03 13:48:51-07:00,80.0,79.16,289.5
2026-10-03 13:48:52-07:00,80.0,79.33,289.5
2026-10-03 13:48:53-07:00,80.0,79.51,307.7
2026-10-03 13:48:54-07:00,80.0,79.71,307.7
2026-10-03 13:48:55-07:00,80.0,79.91,290.8
2026-10-03 13:48:56-07:00,80.0,80.09,290.8
2026-10-03 13:48:57-07:00,80.0,80.27,277.8
2026-10-03 13:48:58-07:00,80.0,80.42,277.8
2026-10-03 13:48:59-07:00,80.0,80.58,269.1
2026-10-03 13:49:00-07:00,80.0,80.72,269.1
2026-10-03 13:49:01-07:00,80.0,80.86,190.3
2026-10-03 13:49:02-07:00,80.0,80.89,190.3
2026-10-03 13:49:03-07:00,80.0,80.93,107.4
2026-10-03 13:49:04-07:00,80.0,80.89,107.4
2026-10-03 13:49:05-07:00,80.0,80.86,306.4
2026-10-03 13:49:06-07:00,80.0,81.05,306.4
2026-10-03 13:49:07-07:00,85.0,81.25,320.6
2026-10-03 13:49:08-07:00,85.0,81.47,320.6
2026-10-03 13:49:09-07:00,85.0,81.69,290.3
2026-10-03 13:49:10-07:00,85.0,81.86,290.3
2026-10-03 13:49:11-07:00,85.0,82.03,323.3
2026-10-03 13:49:12-07:00,85.0,82.26,323.3
2026-10-03 13:49:13-07:00,85.0,82.49,301.4
2026-10-03 13:49:14-07:00,85.0,82.68,301.4
2026-10-03 13:49:15-07:00,85.0,82.87,245.8
2026-10-03 13:49:16-07:00,85.0,82.98,245.8
2026-10-03 13:49:17-07:00,85.0,83.08,48.7
2026-10-03 13:49:18-07:00,85.0,83.02,48.7
2026-10-03 13:49:19-07:00,85.0,82.96,48.7
2026-10-03 13:49:20-07:00,85.0,82.9,62.8
2026-10-03 13:49:21-07:00,85.0,82.85,62.8
2026-10-03 13:49:22-07:00,85.0,82.79,293.4
2026-10-03 13:49:23-07:00,85.0,82.96,293.4
2026-10-03 13:49:24-07:00,85.0,83.13,299.0
2026-10-03 13:49:25-07:00,85.0,83.32,299.0
2026-10-03 13:49:26-07:00,85.0,83.5,282.7
2026-10-03 13:49:27-07:00,85.0,83.66,282.7
2026-10-03 13:49:28-07:00,85.0,83.81,280.5
2026-10-03 13:49:29-07:00,85.0,83.97,280.5
2026-10-03 13:49:30-07:00,85.0,84.12,261.6
2026-10-03 13:49:31-07:00,85.0,84.25,261.6
2026-10-03 13:49:32-07:00,85.0,84.38,20.1
2026-10-03 13:49:33-07:00,85.0,84.31,20.1
2026-10-03 13:49:34-07:00,85.0,84.24,19.4
2026-10-03 13:49:35-07:00,85.0,84.17,19.4
2026-10-03 13:49:36-07:00,85.0,84.1,285.6
2026-10-03 13:49:37-07:00,85.0,84.26,285.6
2026-10-03 13:49:38-07:00,85.0,84.42,70.8
2026-10-03 13:49:39-07:00,85.0,84.36,70.8
2026-10-03 13:49:40-07:00,85.0,84.3,294.4
2026-10-03 13:49:41-07:00,85.0,84.48,294.4
2026-10-03 13:49:42-07:00,85.0,84.65,306.5
2026-10-03 13:49:43-07:00,85.0,84.84,306.5
2026-10-03 13:49:44-07:00,85.0,85.04,291.4
2026-10-03 13:49:45-07:00,85.0,85.21,291.4
2026-10-03 13:49:46-07:00,85.0,85.38,282.4
2026-10-03 13:49:47-07:00,85.0,85.53,282.4
2026-10-03 13:49:48-07:00,85.0,85.69,234.9
2026-10-03 13:49:49-07:00,85.0,85.78,234.9
2026-10-03 13:49:50-07:00,85.0,85.86,149.9
2026-10-03 13:49:51-07:00,85.0,85.86,149.9
2026-10-03 13:49:52-07:00,85.0,85.85,271.2
2026-10-03 13:49:53-07:00,85.0,85.99,271.2
2026-10-03 13:49:54-07:00,90.0,86.13,289.2
2026-10-03 13:49:55-07:00,90.0,86.29,289.2
2026-10-03 13:49:56-07:00,90.0,86.45,308.5
2026-10-03 13:49:57-07:00,90.0,86.65,308.5
2026-10-03 13:49:58-07:00,90.0,86.84,320.3
2026-10-03 13:49:59-07:00,90.0,87.06,320.3
2026-10-03 13:50:00-07:00,90.0,87.27,311.0
2026-10-03 13:50:01-07:00,90.0,87.47,311.0
2026-10-03 13:50:02-07:00,90.0,87.67,226.3
2026-10-03 13:50:03-07:00,90.0,87.74,226.3
2026-10-03 13:50:04-07:00,90.0,87.82,221.0
2026-10-03 13:50:05-07:00,90.0,87.88,221.0
2026-10-03 13:50:06-07:00,90.0,87.94,269.3
2026-10-03 13:50:07-07:00,90.0,88.07,269.3
2026-10-03 13:50:08-07:00,90.0,88.2,121.0
2026-10-03 13:50:09-07:00,90.0,88.17,121.0
2026-10-03 13:50:10-07:00,90.0,88.13,116.8
2026-10-03 13:50:11-07:00,90.0,88.09,116.8
2026-10-03 13:50:12-07:00,90.0,88.05,137.2
2026-10-03 13:50:13-07:00,90.0,88.03,137.2
2026-10-03 13:50:14-07:00,90.0,88.0,276.4
2026-10-03 13:50:15-07:00,90.0,88.14,276.4
2026-10-03 13:50:16-07:00,90.0,88.28,107.9
2026-10-03 13:50:17-07:00,90.0,88.23,107.9
2026-10-03 13:50:18-07:00,90.0,88.19,98.1
2026-10-03 13:50:19-07:00,90.0,88.14,98.1
2026-10-03 13:50:20-07:00,90.0,88.09,69.7
2026-10-03 13:50:21-07:00,90.0,88.03,69.7
2026-10-03 13:50:22-07:00,90.0,87.97,140.8
2026-10-03 13:50:23-07:00,90.0,87.95,140.8
2026-10-03 13:50:24-07:00,90.0,87.93,27.9
2026-10-03 13:50:25-07:00,90.0,87.85,27.9
2026-10-03 13:50:26-07:00,90.0,87.78,80.5
2026-10-03 13:50:27-07:00,90.0,87.72,80.5
2026-10-03 13:50:28-07:00,90.0,87.66,69.8
2026-10-03 13:50:29-07:00,90.0,87.6,69.8
2026-10-03 13:50:30-07:00,90.0,87.54,67.4
2026-10-03 13:50:31-07:00,90.0,87.48,67.4
2026-10-03 13:50:32-07:00,90.0,87.41,98.8
2026-10-03 13:50:33-07:00,90.0,87.36,98.8
2026-10-03 13:50:34-07:00,90.0,87.31,320.3
2026-10-03 13:50:35-07:00,90.0,87.53,320.3
2026-10-03 13:50:36-07:00,90.0,87.74,289.3
2026-10-03 13:50:37-07:00,90.0,87.9,289.3
2026-10-03 13:50:38-07:00,90.0,88.06,146.3
2026-10-03 13:50:39-07:00,90.0,88.04,146.3
2026-10-03 13:50:40-07:00,90.0,88.03,152.1
2026-10-03 13:50:41-07:00,90.0,88.02,152.1
2026-10-03 13:50:42-07:00,90.0,88.0,171.0
2026-10-03 13:50:43-07:00,90.0,88.01,171.0
2026-10-03 13:50:44-07:00,90.0,88.01,189.6
2026-10-03 13:50:45-07:00,90.0,88.04,189.6
2026-10-03 13:50:46-07:00,90.0,88.06,182.6
2026-10-03 13:50:47-07:00,90.0,88.07,182.6
2026-10-03 13:50:48-07:00,90.0,88.09,194.2
2026-10-03 13:50:49-07:00,90.0,88.12,194.2
2026-10-03 13:50:50-07:00,90.0,88.14,216.4
2026-10-03 13:50:51-07:00,90.0,88.2,216.4
2026-10-03 13:50:52-07:00,90.0,88.25,192.3
2026-10-03 13:50:53-07:00,90.0,88.27,192.3
2026-10-03 13:50:54-07:00,90.0,88.3,204.0
2026-10-03 13:50:55-07:00,90.0,88.33,204.0
2026-10-03 13:50:56-07:00,90.0,88.37,177.1
2026-10-03 13:50:57-07:00,90.0,88.38,177.1
2026-10-03 13:50:58-07:00,90.0,88.39,216.1
2026-10-03 13:50:59-07:00,90.0,88.44,216.1
2026-10-03 13:51:00-07:00,90.0,88.49,179.2
2026-10-03 13:51:01-07:00,90.0,88.5,179.2
2026-10-03 13:51:02-07:00,90.0,88.5,179.2
2026-10-03 13:51:03-07:00,90.0,88.51,219.4
2026-10-03 13:51:04-07:00,90.0,88.57,219.4
2026-10-03 13:51:05-07:00,90.0,88.62,288.2
2026-10-03 13:51:06-07:00,90.0,88.78,288.2
2026-10-03 13:51:07-07:00,95.0,88.93,283.7
2026-10-03 13:51:08-07:00,95.0,89.08,283.7
2026-10-03 13:51:09-07:00,95.0,89.23,292.0
2026-10-03 13:51:10-07:00,95.0,89.39,292.0
2026-10-03 13:51:11-07:00,95.0,89.56,299.4
2026-10-03 13:51:12-07:00,95.0,89.73,299.4
2026-10-03 13:51:13-07:00,95.0,89.91,293.1
2026-10-03 13:51:14-07:00,95.0,90.08,293.1
2026-10-03 13:51:15-07:00,95.0,90.25,255.6
2026-10-03 13:51:16-07:00,95.0,90.36,255.6
2026-10-03 13:51:17-07:00,95.0,90.47,126.8
2026-10-03 13:51:18-07:00,95.0,90.44,126.8
2026-10-03 13:51:19-07:00,95.0,90.41,181.4
2026-10-03 13:51:20-07:00,95.0,90.42,181.4
2026-10-03 13:51:21-07:00,95.0,90.44,291.3
2026-10-03 13:51:22-07:00,95.0,90.6,291.3
2026-10-03 13:51:23-07:00,95.0,90.76,301.2
2026-10-03 13:51:24-07:00,95.0,90.94,301.2
2026-10-03 13:51:25-07:00,95.0,91.11,283.2
2026-10-03 13:51:26-07:00,95.0,91.26,283.2
2026-10-03 13:51:27-07:00,95.0,91.41,288.0
2026-10-03 13:51:28-07:00,95.0,91.57,288.0
2026-10-03 13:51:29-07:00,95.0,91.72,283.4
2026-10-03 13:51:30-07:00,95.0,91.87,283.4
2026-10-03 13:51:31-07:00,95.0,92.02,294.0
2026-10-03 13:51:32-07:00,95.0,92.18,294.0
2026-10-03 13:51:33-07:00,95.0,92.34,330.9
2026-10-03 13:51:34-07:00,95.0,92.57,330.9
2026-10-03 13:51:35-07:00,95.0,92.8,279.0
2026-10-03 13:51:36-07:00,95.0,92.93,279.0
2026-10-03 13:51:37-07:00,95.0,93.07,292.8
2026-10-03 13:51:38-07:00,95.0,93.23,292.8
2026-10-03 13:51:39-07:00,95.0,93.39,256.6
2026-10-03 13:51:40-07:00,95.0,93.49,256.6
2026-10-03 13:51:41-07:00,95.0,93.59,289.9
2026-10-03 13:51:42-07:00,95.0,93.75,289.9
2026-10-03 13:51:43-07:00,95.0,93.9,282.2
2026-10-03 13:51:44-07:00,95.0,94.05,282.2
2026-10-03 13:51:45-07:00,95.0,94.19,284.0
2026-10-03 13:51:46-07:00,95.0,94.34,284.0
2026-10-03 13:51:47-07:00,95.0,94.48,254.7
2026-10-03 13:51:48-07:00,95.0,94.59,254.7
2026-10-03 13:51:49-07:00,95.0,94.69,183.3
2026-10-03 13:51:50-07:00,95.0,94.71,183.3
2026-10-03 13:51:51-07:00,95.0,94.72,210.0
2026-10-03 13:51:52-07:00,95.0,94.77,210.0
2026-10-03 13:51:53-07:00,95.0,94.81,245.4
2026-10-03 13:51:54-07:00,95.0,94.9,245.4
2026-10-03 13:51:55-07:00,95.0,94.99,211.6
2026-10-03 13:51:56-07:00,95.0,95.03,211.6
2026-10-03 13:51:57-07:00,95.0,95.07,268.4
2026-10-03 13:51:58-07:00,95.0,95.19,268.4
2026-10-03 13:51:59-07:00,95.0,95.31,292.7
2026-10-03 13:52:00-07:00,95.0,95.47,292.7
2026-10-03 13:52:01-07:00,95.0,95.63,132.4
2026-10-03 13:52:02-07:00,95.0,95.6,132.4
2026-10-03 13:52:03-07:00,95.0,95.57,36.8
2026-10-03 13:52:04-07:00,95.0,95.49,36.8
2026-10-03 13:52:05-07:00,100.0,95.41,265.2
2026-10-03 13:52:06-07:00,100.0,95.52,265.2
2026-10-03 13:52:07-07:00,100.0,95.64,113.8
2026-10-03 13:52:08-07:00,100.0,95.59,113.8
2026-10-03 13:52:09-07:00,100.0,95.54,157.6
2026-10-03 13:52:10-07:00,100.0,95.52,157.6
2026-10-03 13:52:11-07:00,100.0,95.5,166.5
2026-10-03 13:52:12-07:00,100.0,95.49,166.5
2026-10-03 13:52:13-07:00,100.0,95.49,166.5
2026-10-03 13:52:14-07:00,100.0,95.48,283.5
2026-10-03 13:52:15-07:00,100.0,95.62,283.5
2026-10-03 13:52:16-07:00,100.0,95.76,284.4
2026-10-03 13:52:17-07:00,100.0,95.9,284.4
2026-10-03 13:52:18-07:00,100.0,96.04,284.8
2026-10-03 13:52:19-07:00,100.0,96.18,284.8
2026-10-03 13:52:20-07:00,100.0,96.33,275.2
2026-10-03 13:52:21-07:00,100.0,96.46,275.2
2026-10-03 13:52:22-07:00,100.0,96.59,78.7
2026-10-03 13:52:23-07:00,100.0,96.52,78.7
2026-10-03 13:52:24-07:00,100.0,96.46,95.5
2026-10-03 13:52:25-07:00,100.0,96.4,95.5
2026-10-03 13:52:26-07:00,100.0,96.34,95.3
2026-10-03 13:52:27-07:00,100.0,96.27,95.3
2026-10-03 13:52:28-07:00,100.0,96.21,70.6
2026-10-03 13:52:29-07:00,100.0,96.14,70.6
2026-10-03 13:52:30-07:00,100.0,96.06,135.6
2026-10-03 13:52:31-07:00,100.0,96.02,135.6
2026-10-03 13:52:32-07:00,100.0,95.99,-27.6
2026-10-03 13:52:33-07:00,100.0,95.9,-27.6
2026-10-03 13:52:34-07:00,100.0,95.81,-29.4
2026-10-03 13:52:35-07:00,100.0,95.71,-29.4
2026-10-03 13:52:36-07:00,100.0,95.62,0.0
2026-10-03 13:52:37-07:00,100.0,95.53,0.0
2026-10-03 13:52:38-07:00,100.0,95.43,0.0
2026-10-03 13:52:39-07:00,100.0,95.34,0.0
2026-10-03 13:52:40-07:00,100.0,95.25,0.0
2026-10-03 13:52:41-07:00,100.0,95.15,0.0
2026-10-03 13:52:42-07:00,100.0,95.06,0.0
2026-10-03 13:52:43-07:00,100.0,94.97,0.0
2026-10-03 13:52:44-07:00,100.0,94.87,0.0
2026-10-03 13:52:45-07:00,100.0,94.78,0.0
2026-10-03 13:52:46-07:00,100.0,94.69,0.0
2026-10-03 13:52:47-07:00,100.0,94.59,0.0
2026-10-03 13:52:48-07:00,100.0,94.5,0.0
2026-10-03 13:52:49-07:00,100.0,94.41,0.0
2026-10-03 13:52:50-07:00,100.0,94.31,0.0
2026-10-03 13:52:51-07:00,100.0,94.22,0.0
2026-10-03 13:52:52-07:00,100.0,94.13,0.0
2026-10-03 13:52:53-07:00,100.0,94.04,0.0
2026-10-03 13:52:54-07:00,100.0,93.95,0.0
2026-10-03 13:52:55-07:00,100.0,93.85,0.0
2026-10-03 13:52:56-07:00,100.0,93.76,0.0
2026-10-03 13:52:57-07:00,100.0,93.67,0.0
2026-10-03 13:52:58-07:00,100.0,93.58,0.0
2026-10-03 13:52:59-07:00,100.0,93.49,0.0
2026-10-03 13:53:00-07:00,100.0,93.39,0.0
2026-10-03 13:53:01-07:00,100.0,93.3,0.0
2026-10-03 13:53:02-07:00,100.0,93.21,0.0
2026-10-03 13:53:03-07:00,100.0,93.12,0.0
2026-10-03 13:53:04-07:00,100.0,93.03,0.0
2026-10-03 13:53:05-07:00,100.0,92.94,0.0
2026-10-03 13:53:06-07:00,100.0,92.85,0.0
2026-10-03 13:53:07-07:00,100.0,92.76,0.0
2026-10-03 13:53:08-07:00,100.0,92.67,0.0
2026-10-03 13:53:09-07:00,100.0,92.58,0.0
2026-10-03 13:53:10-07:00,95.0,92.49,0.0
2026-10-03 13:53:11-07:00,95.0,92.4,0.0
2026-10-03 13:53:12-07:00,95.0,92.31,0.0
2026-10-03 13:53:13-07:00,95.0,92.22,0.0
2026-10-03 13:53:14-07:00,95.0,92.13,0.0
2026-10-03 13:53:15-07:00,95.0,92.04,0.0
2026-10-03 13:53:16-07:00,95.0,91.95,0.0
2026-10-03 13:53:17-07:00,95.0,91.86,0.0
2026-10-03 13:53:18-07:00,95.0,91.77,0.0
2026-10-03 13:53:19-07:00,95.0,91.68,0.0
2026-10-03 13:53:20-07:00,95.0,91.59,0.0
2026-10-03 13:53:21-07:00,95.0,91.5,0.0
2026-10-03 13:53:22-07:00,95.0,91.41,0.0
2026-10-03 13:53:23-07:00,95.0,91.32,0.0
2026-10-03 13:53:24-07:00,95.0,91.23,0.0
2026-10-03 13:53:25-07:00,95.0,91.14,0.0
2026-10-03 13:53:26-07:00,95.0,91.06,0.0
2026-10-03 13:53:27-07:00,95.0,90.97,0.0
2026-10-03 13:53:28-07:00,95.0,90.88,0.0
2026-10-03 13:53:29-07:00,95.0,90.79,0.0
2026-10-03 13:53:30-07:00,95.0,90.7,0.0
2026-10-03 13:53:31-07:00,95.0,90.61,0.0
2026-10-03 13:53:32-07:00,95.0,90.53,0.0
2026-10-03 13:53:33-07:00,95.0,90.44,0.0
2026-10-03 13:53:34-07:00,95.0,90.35,0.0
2026-10-03 13:53:35-07:00,95.0,90.26,0.0
2026-10-03 13:53:36-07:00,95.0,90.18,0.0
2026-10-03 13:53:37-07:00,95.0,90.09,0.0
2026-10-03 13:53:38-07:00,95.0,90.0,0.0
2026-10-03 13:53:39-07:00,95.0,89.91,0.0
2026-10-03 13:53:40-07:00,95.0,89.83,0.0
2026-10-03 13:53:41-07:00,95.0,89.74,0.0
2026-10-03 13:53:42-07:00,95.0,89.65,0.0
2026-10-03 13:53:43-07:00,95.0,89.57,0.0
2026-10-03 13:53:44-07:00,95.0,89.48,0.0
2026-10-03 13:53:45-07:00,95.0,89.39,0.0
2026-10-03 13:53:46-07:00,95.0,89.31,0.0
2026-10-03 13:53:47-07:00,95.0,89.22,0.0
2026-10-03 13:53:48-07:00,95.0,89.14,0.0
2026-10-03 13:53:49-07:00,95.0,89.05,0.0
2026-10-03 13:53:50-07:00,95.0,88.96,0.0
2026-10-03 13:53:51-07:00,90.0,88.88,0.0
2026-10-03 13:53:52-07:00,90.0,88.79,0.0
2026-10-03 13:53:53-07:00,90.0,88.71,0.0
2026-10-03 13:53:54-07:00,90.0,88.62,0.0
2026-10-03 13:53:55-07:00,90.0,88.54,0.0
2026-10-03 13:53:56-07:00,90.0,88.45,0.0
2026-10-03 13:53:57-07:00,90.0,88.37,0.0
2026-10-03 13:53:58-07:00,90.0,88.28,0.0
2026-10-03 13:53:59-07:00,90.0,88.2,0.0
2026-10-03 13:54:00-07:00,90.0,88.11,0.0
2026-10-03 13:54:01-07:00,90.0,88.03,0.0
2026-10-03 13:54:02-07:00,90.0,87.94,0.0
2026-10-03 13:54:03-07:00,90.0,87.86,0.0
2026-10-03 13:54:04-07:00,90.0,87.77,0.0
2026-10-03 13:54:05-07:00,90.0,87.69,211.3
2026-10-03 13:54:06-07:00,90.0,87.73,211.3
2026-10-03 13:54:07-07:00,90.0,87.77,113.4
2026-10-03 13:54:08-07:00,90.0,87.73,113.4
2026-10-03 13:54:09-07:00,90.0,87.68,242.5
2026-10-03 13:54:10-07:00,90.0,87.76,242.5
2026-10-03 13:54:11-07:00,90.0,87.85,210.7
2026-10-03 13:54:12-07:00,90.0,87.89,210.7
2026-10-03 13:54:13-07:00,90.0,87.94,143.6
2026-10-03 13:54:14-07:00,90.0,87.91,143.6
2026-10-03 13:54:15-07:00,90.0,87.89,-30.5
2026-10-03 13:54:16-07:00,90.0,87.8,-30.5
2026-10-03 13:54:17-07:00,90.0,87.72,0.0
2026-10-03 13:54:18-07:00,90.0,87.64,0.0
2026-10-03 13:54:19-07:00,90.0,87.55,0.0
2026-10-03 13:54:20-07:00,90.0,87.47,0.0
2026-10-03 13:54:21-07:00,90.0,87.39,0.0
2026-10-03 13:54:22-07:00,90.0,87.3,0.0
2026-10-03 13:54:23-07:00,90.0,87.22,0.0
2026-10-03 13:54:24-07:00,90.0,87.14,0.0
2026-10-03 13:54:25-07:00,90.0,87.05,0.0
2026-10-03 13:54:26-07:00,90.0,86.97,0.0
2026-10-03 13:54:27-07:00,90.0,86.89,0.0
2026-10-03 13:54:28-07:00,90.0,86.8,0.0
2026-10-03 13:54:29-07:00,90.0,86.72,0.0
2026-10-03 13:54:30-07:00,90.0,86.64,0.0
2026-10-03 13:54:31-07:00,90.0,86.55,0.0
2026-10-03 13:54:32-07:00,90.0,86.47,0.0
2026-10-03 13:54:33-07:00,90.0,86.39,0.0
2026-10-03 13:54:34-07:00,90.0,86.31,0.0
2026-10-03 13:54:35-07:00,90.0,86.22,0.0
2026-10-03 13:54:36-07:00,90.0,86.14,0.0
2026-10-03 13:54:37-07:00,90.0,86.06,0.0
2026-10-03 13:54:38-07:00,90.0,85.98,0.0
2026-10-03 13:54:39-07:00,90.0,85.89,0.0
2026-10-03 13:54:40-07:00,90.0,85.81,0.0
2026-10-03 13:54:41-07:00,90.0,85.73,0.0
2026-10-03 13:54:42-07:00,90.0,85.65,0.0
2026-10-03 13:54:43-07:00,90.0,85.57,0.0
2026-10-03 13:54:44-07:00,90.0,85.49,0.0
2026-10-03 13:54:45-07:00,90.0,85.4,0.0
2026-10-03 13:54:46-07:00,90.0,85.32,0.0
2026-10-03 13:54:47-07:00,90.0,85.24,0.0
2026-10-03 13:54:48-07:00,90.0,85.16,0.0
2026-10-03 13:54:49-07:00,90.0,85.08,0.0
2026-10-03 13:54:50-07:00,90.0,85.0,0.0
2026-10-03 13:54:51-07:00,90.0,84.92,0.0
2026-10-03 13:54:52-07:00,90.0,84.84,0.0
2026-10-03 13:54:53-07:00,90.0,84.76,0.0
2026-10-03 13:54:54-07:00,90.0,84.68,0.0
2026-10-03 13:54:55-07:00,90.0,84.6,0.0
2026-10-03 13:54:56-07:00,90.0,84.52,0.0
2026-10-03 13:54:57-07:00,90.0,84.44,0.0
2026-10-03 13:54:58-07:00,90.0,84.36,0.0
2026-10-03 13:54:59-07:00,85.0,84.28,0.0
2026-10-03 13:55:00-07:00,85.0,84.2,0.0
2026-10-03 13:55:01-07:00,85.0,84.12,0.0
2026-10-03 13:55:02-07:00,85.0,84.04,0.0
2026-10-03 13:55:03-07:00,85.0,83.96,0.0
2026-10-03 13:55:04-07:00,85.0,83.88,0.0
2026-10-03 13:55:05-07:00,85.0,83.8,0.0
2026-10-03 13:55:06-07:00,85.0,83.72,0.0
2026-10-03 13:55:07-07:00,85.0,83.64,0.0
2026-10-03 13:55:08-07:00,85.0,83.56,0.0
2026-10-03 13:55:09-07:00,85.0,83.48,0.0
2026-10-03 13:55:10-07:00,85.0,83.4,0.0
2026-10-03 13:55:11-07:00,85.0,83.32,0.0
2026-10-03 13:55:12-07:00,85.0,83.24,0.0
2026-10-03 13:55:13-07:00,85.0,83.17,0.0
2026-10-03 13:55:14-07:00,85.0,83.09,0.0
2026-10-03 13:55:15-07:00,85.0,83.01,0.0
2026-10-03 13:55:16-07:00,85.0,82.93,0.0
2026-10-03 13:55:17-07:00,85.0,82.85,0.0
2026-10-03 13:55:18-07:00,85.0,82.77,0.0
2026-10-03 13:55:19-07:00,85.0,82.7,0.0
2026-10-03 13:55:20-07:00,85.0,82.62,0.0
2026-10-03 13:55:21-07:00,85.0,82.54,0.0
2026-10-03 13:55:22-07:00,85.0,82.46,0.0
2026-10-03 13:55:23-07:00,85.0,82.39,0.0
2026-10-03 13:55:24-07:00,85.0,82.31,0.0
2026-10-03 13:55:25-07:00,85.0,82.23,0.0
2026-10-03 13:55:26-07:00,85.0,82.15,0.0
2026-10-03 13:55:27-07:00,85.0,82.08,0.0
2026-10-03 13:55:28-07:00,85.0,82.0,0.0
2026-10-03 13:55:29-07:00,85.0,81.92,0.0
2026-10-03 13:55:30-07:00,85.0,81.84,0.0
2026-10-03 13:55:31-07:00,85.0,81.77,0.0
2026-10-03 13:55:32-07:00,85.0,81.69,0.0
2026-10-03 13:55:33-07:00,85.0,81.61,0.0
2026-10-03 13:55:34-07:00,85.0,81.54,0.0
2026-10-03 13:55:35-07:00,85.0,81.46,0.0
2026-10-03 13:55:36-07:00,85.0,81.39,0.0
2026-10-03 13:55:37-07:00,85.0,81.31,0.0
2026-10-03 13:55:38-07:00,80.0,81.23,0.0
2026-10-03 13:55:39-07:00,80.0,81.16,0.0
2026-10-03 13:55:40-07:00,80.0,81.08,0.0
2026-10-03 13:55:41-07:00,80.0,81.01,0.0
2026-10-03 13:55:42-07:00,80.0,80.93,0.0
2026-10-03 13:55:43-07:00,80.0,80.85,0.0
2026-10-03 13:55:44-07:00,80.0,80.78,0.0
2026-10-03 13:55:45-07:00,80.0,80.7,0.0
2026-10-03 13:55:46-07:00,80.0,80.63,0.0
2026-10-03 13:55:47-07:00,80.0,80.55,0.0
2026-10-03 13:55:48-07:00,80.0,80.48,0.0
2026-10-03 13:55:49-07:00,80.0,80.4,0.0
2026-10-03 13:55:50-07:00,80.0,80.33,0.0
2026-10-03 13:55:51-07:00,80.0,80.25,0.0
2026-10-03 13:55:52-07:00,80.0,80.18,0.0
2026-10-03 13:55:53-07:00,80.0,80.1,0.0
2026-10-03 13:55:54-07:00,80.0,80.03,0.0
2026-10-03 13:55:55-07:00,80.0,79.95,0.0
2026-10-03 13:55:56-07:00,80.0,79.88,0.0
2026-10-03 13:55:57-07:00,80.0,79.8,0.0
2026-10-03 13:55:58-07:00,80.0,79.73,0.0
2026-10-03 13:55:59-07:00,80.0,79.66,0.0
2026-10-03 13:56:00-07:00,80.0,79.58,0.0
2026-10-03 13:56:01-07:00,80.0,79.51,0.0
2026-10-03 13:56:02-07:00,80.0,79.43,0.0
2026-10-03 13:56:03-07:00,80.0,79.36,0.0
2026-10-03 13:56:04-07:00,80.0,79.29,0.0
2026-10-03 13:56:05-07:00,80.0,79.21,0.0
2026-10-03 13:56:06-07:00,80.0,79.14,0.0
2026-10-03 13:56:07-07:00,80.0,79.07,0.0
2026-10-03 13:56:08-07:00,80.0,78.99,0.0
2026-10-03 13:56:09-07:00,80.0,78.92,0.0
2026-10-03 13:56:10-07:00,80.0,78.85,0.0
2026-10-03 13:56:11-07:00,80.0,78.77,0.0
2026-10-03 13:56:12-07:00,80.0,78.7,0.0
2026-10-03 13:56:13-07:00,80.0,78.63,0.0
2026-10-03 13:56:14-07:00,80.0,78.55,0.0
2026-10-03 13:56:15-07:00,80.0,78.48,0.0
2026-10-03 13:56:16-07:00,80.0,78.41,0.0
2026-10-03 13:56:17-07:00,80.0,78.34,0.0
2026-10-03 13:56:18-07:00,80.0,78.26,0.0
2026-10-03 13:56:19-07:00,75.0,78.19,0.0
2026-10-03 13:56:20-07:00,75.0,78.12,0.0
2026-10-03 13:56:21-07:00,75.0,78.05,0.0
2026-10-03 13:56:22-07:00,75.0,77.98,0.0
2026-10-03 13:56:23-07:00,75.0,77.9,0.0
2026-10-03 13:56:24-07:00,75.0,77.83,0.0
2026-10-03 13:56:25-07:00,75.0,77.76,0.0
2026-10-03 13:56:26-07:00,75.0,77.69,0.0
2026-10-03 13:56:27-07:00,75.0,77.62,0.0
2026-10-03 13:56:28-07:00,75.0,77.55,0.0
2026-10-03 13:56:29-07:00,75.0,77.47,0.0
2026-10-03 13:56:30-07:00,75.0,77.4,0.0
2026-10-03 13:56:31-07:00,75.0,77.33,0.0
2026-10-03 13:56:32-07:00,75.0,77.26,0.0
2026-10-03 13:56:33-07:00,75.0,77.19,0.0
2026-10-03 13:56:34-07:00,75.0,77.12,0.0
2026-10-03 13:56:35-07:00,75.0,77.05,0.0
2026-10-03 13:56:36-07:00,75.0,76.98,0.0
2026-10-03 13:56:37-07:00,75.0,76.91,0.0
2026-10-03 13:56:38-07:00,75.0,76.84,0.0
2026-10-03 13:56:39-07:00,75.0,76.77,0.0
2026-10-03 13:56:40-07:00,75.0,76.69,0.0
2026-10-03 13:56:41-07:00,75.0,76.62,0.0
2026-10-03 13:56:42-07:00,75.0,76.55,0.0
2026-10-03 13:56:43-07:00,75.0,76.48,0.0
2026-10-03 13:56:44-07:00,75.0,76.41,0.0
2026-10-03 13:56:45-07:00,75.0,76.34,0.0
2026-10-03 13:56:46-07:00,75.0,76.27,0.0
2026-10-03 13:56:47-07:00,75.0,76.2,0.0
2026-10-03 13:56:48-07:00,75.0,76.13,0.0
2026-10-03 13:56:49-07:00,75.0,76.06,0.0
2026-10-03 13:56:50-07:00,75.0,76.0,0.0
2026-10-03 13:56:51-07:00,75.0,75.93,0.0
2026-10-03 13:56:52-07:00,75.0,75.86,0.0
2026-10-03 13:56:53-07:00,75.0,75.79,0.0
2026-10-03 13:56:54-07:00,75.0,75.72,0.0
2026-10-03 13:56:55-07:00,75.0,75.65,0.0
2026-10-03 13:56:56-07:00,75.0,75.58,0.0
2026-10-03 13:56:57-07:00,75.0,75.51,0.0
2026-10-03 13:56:58-07:00,75.0,75.44,0.0
2026-10-03 13:56:59-07:00,75.0,75.37,0.0
2026-10-03 13:57:00-07:00,75.0,75.3,0.0
2026-10-03 13:57:01-07:00,75.0,75.24,0.0
2026-10-03 13:57:02-07:00,75.0,75.17,0.0
2026-10-03 13:57:03-07:00,75.0,75.1,0.0
2026-10-03 13:57:04-07:00,75.0,75.03,0.0
2026-10-03 13:57:05-07:00,70.0,74.96,0.0
2026-10-03 13:57:06-07:00,70.0,74.89,0.0
2026-10-03 13:57:07-07:00,70.0,74.83,0.0
2026-10-03 13:57:08-07:00,70.0,74.76,0.0
2026-10-03 13:57:09-07:00,70.0,74.69,0.0
2026-10-03 13:57:10-07:00,70.0,74.62,0.0
2026-10-03 13:57:11-07:00,70.0,74.56,0.0
2026-10-03 13:57:12-07:00,70.0,74.49,0.0
2026-10-03 13:57:13-07:00,70.0,74.42,0.0
2026-10-03 13:57:14-07:00,70.0,74.35,0.0
2026-10-03 13:57:15-07:00,70.0,74.29,0.0
2026-10-03 13:57:16-07:00,70.0,74.22,0.0
2026-10-03 13:57:17-07:00,70.0,74.15,0.0
2026-10-03 13:57:18-07:00,70.0,74.08,0.0
2026-10-03 13:57:19-07:00,70.0,74.02,0.0
2026-10-03 13:57:20-07:00,70.0,73.95,0.0
2026-10-03 13:57:21-07:00,70.0,73.88,0.0
2026-10-03 13:57:22-07:00,70.0,73.82,0.0
2026-10-03 13:57:23-07:00,70.0,73.75,0.0
2026-10-03 13:57:24-07:00,70.0,73.68,0.0
2026-10-03 13:57:25-07:00,70.0,73.62,0.0
2026-10-03 13:57:26-07:00,70.0,73.55,0.0
2026-10-03 13:57:27-07:00,70.0,73.48,0.0
2026-10-03 13:57:28-07:00,70.0,73.42,0.0
2026-10-03 13:57:29-07:00,70.0,73.35,0.0
2026-10-03 13:57:30-07:00,70.0,73.28,0.0
2026-10-03 13:57:31-07:00,70.0,73.22,0.0
2026-10-03 13:57:32-07:00,70.0,73.15,0.0
2026-10-03 13:57:33-07:00,70.0,73.09,0.0
2026-10-03 13:57:34-07:00,70.0,73.02,0.0
2026-10-03 13:57:35-07:00,70.0,72.96,0.0
2026-10-03 13:57:36-07:00,70.0,72.89,0.0
2026-10-03 13:57:37-07:00,70.0,72.82,0.0
2026-10-03 13:57:38-07:00,70.0,72.76,0.0
2026-10-03 13:57:39-07:00,70.0,72.69,0.0
2026-10-03 13:57:40-07:00,70.0,72.63,0.0
2026-10-03 13:57:41-07:00,70.0,72.56,0.0
2026-10-03 13:57:42-07:00,70.0,72.5,0.0
2026-10-03 13:57:43-07:00,70.0,72.43,0.0
2026-10-03 13:57:44-07:00,70.0,72.37,0.0
2026-10-03 13:57:45-07:00,70.0,72.3,0.0
2026-10-03 13:57:46-07:00,70.0,72.24,0.0
2026-10-03 13:57:47-07:00,70.0,72.17,0.0
2026-10-03 13:57:48-07:00,70.0,72.11,0.0
2026-10-03 13:57:49-07:00,70.0,72.04,0.0
2026-10-03 13:57:50-07:00,70.0,71.98,0.0
2026-10-03 13:57:51-07:00,70.0,71.92,0.0
2026-10-03 13:57:52-07:00,70.0,71.85,0.0
2026-10-03 13:57:53-07:00,70.0,71.79,0.0
2026-10-03 13:57:54-07:00,70.0,71.72,0.0
2026-10-03 13:57:55-07:00,70.0,71.66,0.0
2026-10-03 13:57:56-07:00,70.0,71.59,0.0
2026-10-03 13:57:57-07:00,70.0,71.53,0.0
2026-10-03 13:57:58-07:00,65.0,71.47,0.0
2026-10-03 13:57:59-07:00,65.0,71.4,0.0
2026-10-03 13:58:00-07:00,65.0,71.34,0.0
2026-10-03 13:58:01-07:00,65.0,71.28,0.0
2026-10-03 13:58:02-07:00,65.0,71.21,0.0
2026-10-03 13:58:03-07:00,65.0,71.15,0.0
2026-10-03 13:58:04-07:00,65.0,71.09,0.0
2026-10-03 13:58:05-07:00,65.0,71.02,0.0
2026-10-03 13:58:06-07:00,65.0,70.96,0.0
2026-10-03 13:58:07-07:00,65.0,70.9,0.0
2026-10-03 13:58:08-07:00,65.0,70.83,0.0
2026-10-03 13:58:09-07:00,65.0,70.77,0.0
2026-10-03 13:58:10-07:00,65.0,70.71,0.0
2026-10-03 13:58:11-07:00,65.0,70.64,0.0
2026-10-03 13:58:12-07:00,65.0,70.58,0.0
2026-10-03 13:58:13-07:00,65.0,70.52,0.0
2026-10-03 13:58:14-07:00,65.0,70.46,0.0
2026-10-03 13:58:15-07:00,65.0,70.39,0.0
2026-10-03 13:58:16-07:00,65.0,70.33,0.0
2026-10-03 13:58:17-07:00,65.0,70.27,0.0
2026-10-03 13:58:18-07:00,65.0,70.21,0.0
2026-10-03 13:58:19-07:00,65.0,70.15,0.0
2026-10-03 13:58:20-07:00,65.0,70.08,0.0
2026-10-03 13:58:21-07:00,65.0,70.02,0.0
2026-10-03 13:58:22-07:00,65.0,69.96,0.0
2026-10-03 13:58:23-07:00,65.0,69.9,0.0
2026-10-03 13:58:24-07:00,65.0,69.84,0.0
2026-10-03 13:58:25-07:00,65.0,69.77,0.0
2026-10-03 13:58:26-07:00,65.0,69.71,0.0
2026-10-03 13:58:27-07:00,65.0,69.65,0.0
2026-10-03 13:58:28-07:00,65.0,69.59,0.0
2026-10-03 13:58:29-07:00,65.0,69.53,0.0
2026-10-03 13:58:30-07:00,65.0,69.47,0.0
2026-10-03 13:58:31-07:00,65.0,69.41,0.0
2026-10-03 13:58:32-07:00,65.0,69.34,0.0
2026-10-03 13:58:33-07:00,65.0,69.28,0.0
2026-10-03 13:58:34-07:00,65.0,69.22,0.0
2026-10-03 13:58:35-07:00,65.0,69.16,0.0
2026-10-03 13:58:36-07:00,65.0,69.1,0.0
2026-10-03 13:58:37-07:00,65.0,69.04,0.0
2026-10-03 13:58:38-07:00,65.0,68.98,0.0
2026-10-03 13:58:39-07:00,65.0,68.92,0.0
2026-10-03 13:58:40-07:00,65.0,68.86,0.0
2026-10-03 13:58:41-07:00,65.0,68.8,0.0
2026-10-03 13:58:42-07:00,65.0,68.74,0.0
2026-10-03 13:58:43-07:00,65.0,68.68,0.0
2026-10-03 13:58:44-07:00,65.0,68.62,0.0
2026-10-03 13:58:45-07:00,65.0,68.56,0.0
2026-10-03 13:58:46-07:00,65.0,68.5,0.0
2026-10-03 13:58:47-07:00,65.0,68.44,0.0
2026-10-03 13:58:48-07:00,65.0,68.38,0.0
2026-10-03 13:58:49-07:00,65.0,68.32,0.0
2026-10-03 13:58:50-07:00,65.0,68.26,0.0
2026-10-03 13:58:51-07:00,65.0,68.2,0.0
2026-10-03 13:58:52-07:00,65.0,68.14,0.0
2026-10-03 13:58:53-07:00,65.0,68.08,0.0
2026-10-03 13:58:54-07:00,65.0,68.02,0.0
2026-10-03 13:58:55-07:00,65.0,67.96,0.0
2026-10-03 13:58:56-07:00,65.0,67.9,0.0
2026-10-03 13:58:57-07:00,65.0,67.84,0.0
2026-10-03 13:58:58-07:00,65.0,67.78,0.0
2026-10-03 13:58:59-07:00,65.0,67.72,0.0
2026-10-03 13:59:00-07:00,60.0,67.66,0.0
2026-10-03 13:59:01-07:00,60.0,67.6,0.0
2026-10-03 13:59:02-07:00,60.0,67.55,0.0
2026-10-03 13:59:03-07:00,60.0,67.49,0.0
2026-10-03 13:59:04-07:00,60.0,67.43,0.0
2026-10-03 13:59:05-07:00,60.0,67.37,0.0
2026-10-03 13:59:06-07:00,60.0,67.31,0.0
2026-10-03 13:59:07-07:00,60.0,67.25,0.0
2026-10-03 13:59:08-07:00,60.0,67.19,0.0
2026-10-03 13:59:09-07:00,60.0,67.14,0.0
2026-10-03 13:59:10-07:00,60.0,67.08,0.0
2026-10-03 13:59:11-07:00,60.0,67.02,0.0
2026-10-03 13:59:12-07:00,60.0,66.96,132.8
2026-10-03 13:59:13-07:00,60.0,66.95,132.8
2026-10-03 13:59:14-07:00,60.0,66.94,228.3
2026-10-03 13:59:15-07:00,60.0,67.03,228.3
2026-10-03 13:59:16-07:00,60.0,67.12,221.7
2026-10-03 13:59:17-07:00,60.0,67.2,221.7
2026-10-03 13:59:18-07:00,60.0,67.28,246.0
2026-10-03 13:59:19-07:00,60.0,67.4,246.0
2026-10-03 13:59:20-07:00,60.0,67.51,105.7
2026-10-03 13:59:21-07:00,60.0,67.48,105.7
2026-10-03 13:59:22-07:00,60.0,67.45,177.1
2026-10-03 13:59:23-07:00,60.0,67.49,177.1
2026-10-03 13:59:24-07:00,60.0,67.52,312.0
2026-10-03 13:59:25-07:00,60.0,67.73,312.0
2026-10-03 13:59:26-07:00,65.0,67.95,1140.2
2026-10-03 13:59:27-07:00,65.0,71.56,1140.2
2026-10-03 13:59:28-07:00,65.0,75.16,295.7
2026-10-03 13:59:29-07:00,65.0,75.34,295.7
2026-10-03 13:59:30-07:00,65.0,75.52,270.9
2026-10-03 13:59:31-07:00,65.0,75.66,270.9
2026-10-03 13:59:32-07:00,65.0,75.8,294.7
2026-10-03 13:59:33-07:00,65.0,75.97,294.7
2026-10-03 13:59:34-07:00,65.0,76.15,294.7
2026-10-03 13:59:35-07:00,65.0,76.33,238.5
2026-10-03 13:59:36-07:00,65.0,76.43,238.5
2026-10-03 13:59:37-07:00,65.0,76.52,57.6
2026-10-03 13:59:38-07:00,65.0,76.46,57.6
2026-10-03 13:59:39-07:00,65.0,76.41,53.7
2026-10-03 13:59:40-07:00,65.0,76.35,53.7
2026-10-03 13:59:41-07:00,70.0,76.3,82.0
2026-10-03 13:59:42-07:00,70.0,76.25,82.0
2026-10-03 13:59:43-07:00,70.0,76.2,24.6
2026-10-03 13:59:44-07:00,70.0,76.14,24.6
2026-10-03 13:59:45-07:00,70.0,76.08,38.2
2026-10-03 13:59:46-07:00,70.0,76.02,38.2
2026-10-03 13:59:47-07:00,70.0,75.95,135.8
2026-10-03 13:59:48-07:00,70.0,75.94,135.8
2026-10-03 13:59:49-07:00,70.0,75.93,32.9
2026-10-03 13:59:50-07:00,70.0,75.87,32.9
2026-10-03 13:59:51-07:00,70.0,75.8,41.4
2026-10-03 13:59:52-07:00,70.0,75.74,41.4
2026-10-03 13:59:53-07:00,70.0,75.68,60.3
2026-10-03 13:59:54-07:00,70.0,75.63,60.3
2026-10-03 13:59:55-07:00,70.0,75.57,219.6
2026-10-03 13:59:56-07:00,70.0,75.64,219.6
2026-10-03 13:59:57-07:00,70.0,75.71,145.0
2026-10-03 13:59:58-07:00,70.0,75.71,145.0
2026-10-03 13:59:59-07:00,70.0,75.7,111.3
2026-10-03 14:00:00-07:00,70.0,75.67,111.3
2026-10-03 14:00:01-07:00,70.0,75.64,176.4
2026-10-03 14:00:02-07:00,70.0,75.67,176.4
2026-10-03 14:00:03-07:00,70.0,75.69,230.2
2026-10-03 14:00:04-07:00,70.0,75.78,230.2
2026-10-03 14:00:05-07:00,70.0,75.86,295.7
2026-10-03 14:00:06-07:00,70.0,76.05,295.7
2026-10-03 14:00:07-07:00,70.0,76.23,271.1
2026-10-03 14:00:08-07:00,70.0,76.38,271.1
2026-10-03 14:00:09-07:00,70.0,76.53,291.3
2026-10-03 14:00:10-07:00,70.0,76.71,291.3
2026-10-03 14:00:11-07:00,70.0,76.89,252.0
2026-10-03 14:00:12-07:00,70.0,77.01,252.0
2026-10-03 14:00:13-07:00,70.0,77.13,225.7
2026-10-03 14:00:14-07:00,70.0,77.21,225.7
2026-10-03 14:00:15-07:00,70.0,77.3,22.4
2026-10-03 14:00:16-07:00,70.0,77.24,22.4
2026-10-03 14:00:17-07:00,70.0,77.19,35.5
2026-10-03 14:00:18-07:00,70.0,77.13,35.5
2026-10-03 14:00:19-07:00,70.0,77.07,265.9
2026-10-03 14:00:20-07:00,70.0,77.21,265.9
2026-10-03 14:00:21-07:00,70.0,77.35,-20.3
2026-10-03 14:00:22-07:00,70.0,77.29,-20.3
2026-10-03 14:00:23-07:00,70.0,77.23,291.7
2026-10-03 14:00:24-07:00,70.0,77.41,291.7
2026-10-03 14:00:25-07:00,70.0,77.59,314.0
2026-10-03 14:00:26-07:00,70.0,77.8,314.0
2026-10-03 14:00:27-07:00,70.0,78.02,270.2
2026-10-03 14:00:28-07:00,70.0,78.16,270.2
2026-10-03 14:00:29-07:00,70.0,78.31,38.8
2026-10-03 14:00:30-07:00,70.0,78.25,38.8
2026-10-03 14:00:31-07:00,70.0,78.19,13.5
2026-10-03 14:00:32-07:00,70.0,78.13,13.5
2026-10-03 14:00:33-07:00,70.0,78.07,-33.8
2026-10-03 14:00:34-07:00,70.0,78.01,-33.8
2026-10-03 14:00:35-07:00,70.0,77.95,-29.6
2026-10-03 14:00:36-07:00,70.0,77.89,-29.6
2026-10-03 14:00:37-07:00,70.0,77.83,269.7
2026-10-03 14:00:38-07:00,70.0,77.97,269.7
2026-10-03 14:00:39-07:00,70.0,78.11,310.5
2026-10-03 14:00:40-07:00,70.0,78.32,310.5
2026-10-03 14:00:41-07:00,70.0,78.53,310.5
2026-10-03 14:00:42-07:00,70.0,78.73,315.0
2026-10-03 14:00:43-07:00,70.0,78.95,315.0
2026-10-03 14:00:44-07:00,70.0,79.17,266.6
2026-10-03 14:00:45-07:00,70.0,79.31,266.6
2026-10-03 14:00:46-07:00,70.0,79.45,245.3
2026-10-03 14:00:47-07:00,70.0,79.56,245.3
2026-10-03 14:00:48-07:00,70.0,79.67,216.9
2026-10-03 14:00:49-07:00,70.0,79.74,216.9
2026-10-03 14:00:50-07:00,70.0,79.81,7.3
2026-10-03 14:00:51-07:00,70.0,79.75,7.3
2026-10-03 14:00:52-07:00,70.0,79.69,22.5
2026-10-03 14:00:53-07:00,70.0,79.63,22.5
2026-10-03 14:00:54-07:00,70.0,79.56,265.4
2026-10-03 14:00:55-07:00,70.0,79.7,265.4
2026-10-03 14:00:56-07:00,70.0,79.83,288.7
2026-10-03 14:00:57-07:00,70.0,80.0,288.7
2026-10-03 14:00:58-07:00,70.0,80.17,311.7
2026-10-03 14:00:59-07:00,70.0,80.38,311.7
2026-10-03 14:01:00-07:00,70.0,80.59,127.8
2026-10-03 14:01:01-07:00,70.0,80.57,127.8
2026-10-03 14:01:02-07:00,70.0,80.56,90.5
2026-10-03 14:01:03-07:00,70.0,80.51,90.5
2026-10-03 14:01:04-07:00,70.0,80.47,310.2
2026-10-03 14:01:05-07:00,70.0,80.68,310.2
2026-10-03 14:01:06-07:00,70.0,80.89,117.7
2026-10-03 14:01:07-07:00,70.0,80.86,117.7
2026-10-03 14:01:08-07:00,70.0,80.83,156.5
2026-10-03 14:01:09-07:00,70.0,80.84,156.5
2026-10-03 14:01:10-07:00,70.0,80.84,245.5
2026-10-03 14:01:11-07:00,70.0,80.94,245.5
2026-10-03 14:01:12-07:00,70.0,81.05,140.8
2026-10-03 14:01:13-07:00,70.0,81.04,140.8
2026-10-03 14:01:14-07:00,75.0,81.02,282.7
2026-10-03 14:01:15-07:00,75.0,81.18,282.7
2026-10-03 14:01:16-07:00,75.0,81.34,260.1
2026-10-03 14:01:17-07:00,75.0,81.47,260.1
2026-10-03 14:01:18-07:00,75.0,81.6,235.4
2026-10-03 14:01:19-07:00,75.0,81.69,235.4
2026-10-03 14:01:20-07:00,75.0,81.78,226.5
2026-10-03 14:01:21-07:00,75.0,81.86,226.5
2026-10-03 14:01:22-07:00,75.0,81.94,135.5
2026-10-03 14:01:23-07:00,75.0,81.93,135.5
2026-10-03 14:01:24-07:00,75.0,81.92,65.1
2026-10-03 14:01:25-07:00,75.0,81.87,65.1
2026-10-03 14:01:26-07:00,75.0,81.82,63.8
2026-10-03 14:01:27-07:00,75.0,81.76,63.8
2026-10-03 14:01:28-07:00,75.0,81.71,203.3
2026-10-03 14:01:29-07:00,75.0,81.76,203.3
2026-10-03 14:01:30-07:00,75.0,81.81,297.5
2026-10-03 14:01:31-07:00,75.0,81.99,297.5
2026-10-03 14:01:32-07:00,75.0,82.18,280.7
2026-10-03 14:01:33-07:00,75.0,82.33,280.7
2026-10-03 14:01:34-07:00,75.0,82.49,92.1
2026-10-03 14:01:35-07:00,75.0,82.45,92.1
2026-10-03 14:01:36-07:00,75.0,82.4,68.9
2026-10-03 14:01:37-07:00,75.0,82.35,68.9
2026-10-03 14:01:38-07:00,75.0,82.29,78.2
2026-10-03 14:01:39-07:00,75.0,82.24,78.2
2026-10-03 14:01:40-07:00,75.0,82.19,85.9
2026-10-03 14:01:41-07:00,75.0,82.14,85.9
2026-10-03 14:01:42-07:00,75.0,82.09,116.4
2026-10-03 14:01:43-07:00,75.0,82.05,116.4
2026-10-03 14:01:44-07:00,75.0,82.02,127.0
2026-10-03 14:01:45-07:00,75.0,81.99,127.0
2026-10-03 14:01:46-07:00,75.0,81.97,124.2
2026-10-03 14:01:47-07:00,75.0,81.94,124.2
2026-10-03 14:01:48-07:00,75.0,81.91,224.3
2026-10-03 14:01:49-07:00,75.0,81.98,224.3
2026-10-03 14:01:50-07:00,75.0,82.05,138.9
2026-10-03 14:01:51-07:00,75.0,82.03,138.9
2026-10-03 14:01:52-07:00,75.0,82.01,51.7
2026-10-03 14:01:53-07:00,75.0,81.94,51.7
2026-10-03 14:01:54-07:00,75.0,81.88,41.7
2026-10-03 14:01:55-07:00,75.0,81.81,41.7
2026-10-03 14:01:56-07:00,75.0,81.74,60.6
2026-10-03 14:01:57-07:00,75.0,81.68,60.6
2026-10-03 14:01:58-07:00,75.0,81.62,71.1
2026-10-03 14:01:59-07:00,75.0,81.56,71.1
2026-10-03 14:02:00-07:00,75.0,81.5,118.0
2026-10-03 14:02:01-07:00,75.0,81.46,118.0
2026-10-03 14:02:02-07:00,75.0,81.43,118.0
2026-10-03 14:02:03-07:00,75.0,81.39,94.8
2026-10-03 14:02:04-07:00,75.0,81.35,94.8
2026-10-03 14:02:05-07:00,75.0,81.3,153.7
2026-10-03 14:02:06-07:00,75.0,81.29,153.7
2026-10-03 14:02:07-07:00,75.0,81.29,193.9
2026-10-03 14:02:08-07:00,75.0,81.32,193.9
2026-10-03 14:02:09-07:00,75.0,81.35,152.7
2026-10-03 14:02:10-07:00,75.0,81.35,152.7
2026-10-03 14:02:11-07:00,75.0,81.34,146.7
2026-10-03 14:02:12-07:00,75.0,81.33,146.7
2026-10-03 14:02:13-07:00,75.0,81.32,113.7
2026-10-03 14:02:14-07:00,75.0,81.29,113.7
2026-10-03 14:02:15-07:00,75.0,81.25,84.2
2026-10-03 14:02:16-07:00,75.0,81.2,84.2
2026-10-03 14:02:17-07:00,75.0,81.15,121.3
2026-10-03 14:02:18-07:00,75.0,81.12,121.3
2026-10-03 14:02:19-07:00,75.0,81.09,72.6
2026-10-03 14:02:20-07:00,75.0,81.04,72.6
2026-10-03 14:02:21-07:00,75.0,80.98,120.4
2026-10-03 14:02:22-07:00,75.0,80.95,120.4
2026-10-03 14:02:23-07:00,75.0,80.92,125.1
2026-10-03 14:02:24-07:00,75.0,80.9,125.1
2026-10-03 14:02:25-07:00,75.0,80.87,117.1
2026-10-03 14:02:26-07:00,75.0,80.84,117.1
2026-10-03 14:02:27-07:00,75.0,80.81,90.5
2026-10-03 14:02:28-07:00,75.0,80.76,90.5
2026-10-03 14:02:29-07:00,75.0,80.72,47.4
2026-10-03 14:02:30-07:00,75.0,80.65,47.4
2026-10-03 14:02:31-07:00,75.0,80.59,108.4
2026-10-03 14:02:32-07:00,75.0,80.56,108.4
2026-10-03 14:02:33-07:00,75.0,80.52,156.5
2026-10-03 14:02:34-07:00,75.0,80.52,156.5
2026-10-03 14:02:35-07:00,75.0,80.52,288.0
2026-10-03 14:02:36-07:00,75.0,80.68,288.0
2026-10-03 14:02:37-07:00,75.0,80.85,279.0
2026-10-03 14:02:38-07:00,75.0,81.0,279.0
2026-10-03 14:02:39-07:00,75.0,81.15,305.7
2026-10-03 14:02:40-07:00,75.0,81.35,305.7
2026-10-03 14:02:41-07:00,75.0,81.55,302.5
2026-10-03 14:02:42-07:00,75.0,81.74,302.5
2026-10-03 14:02:43-07:00,75.0,81.93,298.5
2026-10-03 14:02:44-07:00,75.0,82.11,298.5
2026-10-03 14:02:45-07:00,75.0,82.3,287.3
2026-10-03 14:02:46-07:00,75.0,82.46,287.3
2026-10-03 14:02:47-07:00,75.0,82.63,317.6
2026-10-03 14:02:48-07:00,75.0,82.85,317.6
2026-10-03 14:02:49-07:00,75.0,83.06,266.2
2026-10-03 14:02:50-07:00,75.0,83.2,266.2
2026-10-03 14:02:51-07:00,75.0,83.33,177.3
2026-10-03 14:02:52-07:00,75.0,83.35,177.3
2026-10-03 14:02:53-07:00,75.0,83.37,271.9
2026-10-03 14:02:54-07:00,75.0,83.51,271.9
2026-10-03 14:02:55-07:00,75.0,83.65,-10.6
2026-10-03 14:02:56-07:00,75.0,83.58,-10.6
2026-10-03 14:02:57-07:00,75.0,83.51,302.0
2026-10-03 14:02:58-07:00,75.0,83.7,302.0
2026-10-03 14:02:59-07:00,75.0,83.89,254.4
2026-10-03 14:03:00-07:00,75.0,84.0,254.4
2026-10-03 14:03:01-07:00,75.0,84.12,254.4
2026-10-03 14:03:02-07:00,75.0,84.23,228.4
2026-10-03 14:03:03-07:00,75.0,84.31,228.4
2026-10-03 14:03:04-07:00,80.0,84.39,220.0
2026-10-03 14:03:05-07:00,80.0,84.46,220.0
2026-10-03 14:03:06-07:00,80.0,84.53,214.1
2026-10-03 14:03:07-07:00,80.0,84.6,214.1
2026-10-03 14:03:08-07:00,80.0,84.66,317.3
2026-10-03 14:03:09-07:00,80.0,84.88,317.3
2026-10-03 14:03:10-07:00,80.0,85.09,114.0
2026-10-03 14:03:11-07:00,80.0,85.06,114.0
2026-10-03 14:03:12-07:00,80.0,85.03,142.1
2026-10-03 14:03:13-07:00,80.0,85.02,142.1
2026-10-03 14:03:14-07:00,80.0,85.01,322.0
2026-10-03 14:03:15-07:00,80.0,85.23,322.0
2026-10-03 14:03:16-07:00,80.0,85.45,260.0
2026-10-03 14:03:17-07:00,80.0,85.57,260.0
2026-10-03 14:03:18-07:00,80.0,85.69,239.2
2026-10-03 14:03:19-07:00,80.0,85.78,239.2
2026-10-03 14:03:20-07:00,80.0,85.88,240.6
2026-10-03 14:03:21-07:00,80.0,85.97,240.6
2026-10-03 14:03:22-07:00,80.0,86.06,250.8
2026-10-03 14:03:23-07:00,80.0,86.17,250.8
2026-10-03 14:03:24-07:00,80.0,86.28,87.6
2026-10-03 14:03:25-07:00,80.0,86.23,87.6
2026-10-03 14:03:26-07:00,80.0,86.18,292.8
2026-10-03 14:03:27-07:00,80.0,86.35,292.8
2026-10-03 14:03:28-07:00,80.0,86.52,226.0
2026-10-03 14:03:29-07:00,80.0,86.59,226.0
2026-10-03 14:03:30-07:00,80.0,86.66,294.0
2026-10-03 14:03:31-07:00,80.0,86.83,294.0
2026-10-03 14:03:32-07:00,80.0,87.0,250.3
2026-10-03 14:03:33-07:00,80.0,87.11,250.3
2026-10-03 14:03:34-07:00,80.0,87.21,232.2
2026-10-03 14:03:35-07:00,80.0,87.3,232.2
2026-10-03 14:03:36-07:00,80.0,87.38,226.3
2026-10-03 14:03:37-07:00,80.0,87.45,226.3
2026-10-03 14:03:38-07:00,80.0,87.53,220.1
2026-10-03 14:03:39-07:00,80.0,87.59,220.1
2026-10-03 14:03:40-07:00,80.0,87.66,48.9
2026-10-03 14:03:41-07:00,80.0,87.6,48.9
2026-10-03 14:03:42-07:00,80.0,87.53,78.4
2026-10-03 14:03:43-07:00,80.0,87.48,78.4
2026-10-03 14:03:44-07:00,80.0,87.42,100.5
2026-10-03 14:03:45-07:00,80.0,87.38,100.5
2026-10-03 14:03:46-07:00,80.0,87.33,289.4
2026-10-03 14:03:47-07:00,80.0,87.49,289.4
2026-10-03 14:03:48-07:00,80.0,87.66,272.1
2026-10-03 14:03:49-07:00,80.0,87.79,272.1
2026-10-03 14:03:50-07:00,80.0,87.93,131.0
2026-10-03 14:03:51-07:00,80.0,87.9,131.0
2026-10-03 14:03:52-07:00,80.0,87.88,241.6
2026-10-03 14:03:53-07:00,80.0,87.97,241.6
2026-10-03 14:03:54-07:00,80.0,88.07,227.8
2026-10-03 14:03:55-07:00,80.0,88.14,227.8
2026-10-03 14:03:56-07:00,80.0,88.22,76.0
2026-10-03 14:03:57-07:00,80.0,88.16,76.0
2026-10-03 14:03:58-07:00,80.0,88.1,64.2
2026-10-03 14:03:59-07:00,80.0,88.04,64.2
2026-10-03 14:04:00-07:00,80.0,87.97,304.4
2026-10-03 14:04:01-07:00,80.0,88.16,304.4
2026-10-03 14:04:02-07:00,80.0,88.34,276.3
2026-10-03 14:04:03-07:00,80.0,88.48,276.3
2026-10-03 14:04:04-07:00,80.0,88.62,301.7
2026-10-03 14:04:05-07:00,80.0,88.8,301.7
2026-10-03 14:04:06-07:00,80.0,88.98,229.5
2026-10-03 14:04:07-07:00,80.0,89.05,229.5
2026-10-03 14:04:08-07:00,80.0,89.12,254.0
2026-10-03 14:04:09-07:00,80.0,89.23,254.0
2026-10-03 14:04:10-07:00,85.0,89.34,106.1
2026-10-03 14:04:11-07:00,85.0,89.3,106.1
2026-10-03 14:04:12-07:00,85.0,89.25,285.5
2026-10-03 14:04:13-07:00,85.0,89.41,285.5
2026-10-03 14:04:14-07:00,85.0,89.56,299.8
2026-10-03 14:04:15-07:00,85.0,89.74,299.8
2026-10-03 14:04:16-07:00,85.0,89.92,160.8
2026-10-03 14:04:17-07:00,85.0,89.91,160.8
2026-10-03 14:04:18-07:00,85.0,89.91,252.1
2026-10-03 14:04:19-07:00,85.0,90.01,252.1
2026-10-03 14:04:20-07:00,85.0,90.12,234.8
2026-10-03 14:04:21-07:00,85.0,90.2,234.8
2026-10-03 14:04:22-07:00,85.0,90.28,234.7
2026-10-03 14:04:23-07:00,85.0,90.36,234.7
2026-10-03 14:04:24-07:00,85.0,90.44,234.7
2026-10-03 14:04:25-07:00,85.0,90.52,91.1
2026-10-03 14:04:26-07:00,85.0,90.47,91.1
2026-10-03 14:04:27-07:00,85.0,90.42,265.2
2026-10-03 14:04:28-07:00,85.0,90.54,265.2
2026-10-03 14:04:29-07:00,85.0,90.67,288.0
2026-10-03 14:04:30-07:00,85.0,90.82,288.0
2026-10-03 14:04:31-07:00,85.0,90.97,288.4
2026-10-03 14:04:32-07:00,85.0,91.12,288.4
2026-10-03 14:04:33-07:00,85.0,91.28,298.0
2026-10-03 14:04:34-07:00,85.0,91.44,298.0
2026-10-03 14:04:35-07:00,85.0,91.61,233.2
2026-10-03 14:04:36-07:00,85.0,91.68,233.2
2026-10-03 14:04:37-07:00,85.0,91.75,135.6
2026-10-03 14:04:38-07:00,85.0,91.71,135.6
2026-10-03 14:04:39-07:00,85.0,91.68,112.8
2026-10-03 14:04:40-07:00,85.0,91.63,112.8
2026-10-03 14:04:41-07:00,85.0,91.58,269.5
2026-10-03 14:04:42-07:00,85.0,91.7,269.5
2026-10-03 14:04:43-07:00,85.0,91.82,103.6
2026-10-03 14:04:44-07:00,85.0,91.76,103.6
2026-10-03 14:04:45-07:00,90.0,91.71,209.7
2026-10-03 14:04:46-07:00,90.0,91.75,209.7
2026-10-03 14:04:47-07:00,90.0,91.79,102.5
2026-10-03 14:04:48-07:00,90.0,91.74,102.5
2026-10-03 14:04:49-07:00,90.0,91.69,-4.9
2026-10-03 14:04:50-07:00,90.0,91.61,-4.9
2026-10-03 14:04:51-07:00,90.0,91.53,65.1
2026-10-03 14:04:52-07:00,90.0,91.46,65.1
2026-10-03 14:04:53-07:00,90.0,91.39,85.8
2026-10-03 14:04:54-07:00,90.0,91.33,85.8
2026-10-03 14:04:55-07:00,90.0,91.26,115.4
2026-10-03 14:04:56-07:00,90.0,91.22,115.4
2026-10-03 14:04:57-07:00,90.0,91.18,77.6
2026-10-03 14:04:58-07:00,90.0,91.11,77.6
2026-10-03 14:04:59-07:00,90.0,91.05,98.2
2026-10-03 14:05:00-07:00,90.0,91.0,98.2
2026-10-03 14:05:01-07:00,90.0,90.94,76.5
2026-10-03 14:05:02-07:00,90.0,90.88,76.5
2026-10-03 14:05:03-07:00,90.0,90.81,80.3
2026-10-03 14:05:04-07:00,90.0,90.75,80.3
2026-10-03 14:05:05-07:00,90.0,90.69,76.2
2026-10-03 14:05:06-07:00,90.0,90.62,76.2
2026-10-03 14:05:07-07:00,90.0,90.55,89.3
2026-10-03 14:05:08-07:00,90.0,90.49,89.3
2026-10-03 14:05:09-07:00,90.0,90.43,57.4
2026-10-03 14:05:10-07:00,90.0,90.35,57.4
2026-10-03 14:05:11-07:00,90.0,90.28,44.3
2026-10-03 14:05:12-07:00,90.0,90.2,44.3
2026-10-03 14:05:13-07:00,90.0,90.11,63.0
2026-10-03 14:05:14-07:00,90.0,90.04,63.0
2026-10-03 14:05:15-07:00,90.0,89.97,213.3
2026-10-03 14:05:16-07:00,90.0,90.01,213.3
2026-10-03 14:05:17-07:00,90.0,90.05,253.4
2026-10-03 14:05:18-07:00,90.0,90.15,253.4
2026-10-03 14:05:19-07:00,90.0,90.24,333.1
2026-10-03 14:05:20-07:00,90.0,90.47,333.1
2026-10-03 14:05:21-07:00,90.0,90.7,285.1
2026-10-03 14:05:22-07:00,90.0,90.84,285.1
2026-10-03 14:05:23-07:00,90.0,90.99,285.1
2026-10-03 14:05:24-07:00,90.0,91.13,308.4
2026-10-03 14:05:25-07:00,90.0,91.32,308.4
2026-10-03 14:05:26-07:00,90.0,91.5,290.5
2026-10-03 14:05:27-07:00,90.0,91.66,290.5
2026-10-03 14:05:28-07:00,90.0,91.81,295.5
2026-10-03 14:05:29-07:00,90.0,91.97,295.5
2026-10-03 14:05:30-07:00,95.0,92.14,323.2
2026-10-03 14:05:31-07:00,95.0,92.35,323.2
2026-10-03 14:05:32-07:00,95.0,92.56,262.0
2026-10-03 14:05:33-07:00,95.0,92.68,262.0
2026-10-03 14:05:34-07:00,95.0,92.79,328.6
2026-10-03 14:05:35-07:00,95.0,93.01,328.6
2026-10-03 14:05:36-07:00,95.0,93.23,305.8
2026-10-03 14:05:37-07:00,95.0,93.42,305.8
2026-10-03 14:05:38-07:00,95.0,93.6,121.1
2026-10-03 14:05:39-07:00,95.0,93.56,121.1
2026-10-03 14:05:40-07:00,95.0,93.52,233.6
2026-10-03 14:05:41-07:00,95.0,93.59,233.6
2026-10-03 14:05:42-07:00,95.0,93.66,131.8
2026-10-03 14:05:43-07:00,95.0,93.63,131.8
2026-10-03 14:05:44-07:00,95.0,93.59,295.8
2026-10-03 14:05:45-07:00,95.0,93.76,295.8
2026-10-03 14:05:46-07:00,95.0,93.92,268.4
2026-10-03 14:05:47-07:00,95.0,94.04,268.4
2026-10-03 14:05:48-07:00,95.0,94.17,260.4
2026-10-03 14:05:49-07:00,95.0,94.28,260.4
2026-10-03 14:05:50-07:00,95.0,94.39,234.6
2026-10-03 14:05:51-07:00,95.0,94.47,234.6
2026-10-03 14:05:52-07:00,95.0,94.54,225.2
2026-10-03 14:05:53-07:00,95.0,94.61,225.2
2026-10-03 14:05:54-07:00,95.0,94.67,97.9
2026-10-03 14:05:55-07:00,95.0,94.62,97.9
2026-10-03 14:05:56-07:00,95.0,94.57,152.0
2026-10-03 14:05:57-07:00,95.0,94.55,152.0
2026-10-03 14:05:58-07:00,95.0,94.54,86.0
2026-10-03 14:05:59-07:00,95.0,94.48,86.0
2026-10-03 14:06:00-07:00,95.0,94.42,282.1
2026-10-03 14:06:01-07:00,95.0,94.56,282.1
2026-10-03 14:06:02-07:00,95.0,94.7,303.6
2026-10-03 14:06:03-07:00,95.0,94.88,303.6
2026-10-03 14:06:04-07:00,95.0,95.05,291.7
2026-10-03 14:06:05-07:00,95.0,95.21,291.7
2026-10-03 14:06:06-07:00,95.0,95.37,241.8
2026-10-03 14:06:07-07:00,95.0,95.45,241.8
2026-10-03 14:06:08-07:00,95.0,95.53,294.5
2026-10-03 14:06:09-07:00,95.0,95.69,294.5
2026-10-03 14:06:10-07:00,95.0,95.85,291.1
2026-10-03 14:06:11-07:00,95.0,96.01,291.1
2026-10-03 14:06:12-07:00,95.0,96.16,231.3
2026-10-03 14:06:13-07:00,95.0,96.23,231.3
2026-10-03 14:06:14-07:00,95.0,96.3,286.5
2026-10-03 14:06:15-07:00,95.0,96.44,286.5
2026-10-03 14:06:16-07:00,95.0,96.59,280.9
2026-10-03 14:06:17-07:00,95.0,96.72,280.9
2026-10-03 14:06:18-07:00,95.0,96.86,293.8
2026-10-03 14:06:19-07:00,95.0,97.01,293.8
2026-10-03 14:06:20-07:00,95.0,97.17,297.1
2026-10-03 14:06:21-07:00,95.0,97.33,297.1
2026-10-03 14:06:22-07:00,95.0,97.49,289.5
2026-10-03 14:06:23-07:00,95.0,97.63,289.5
2026-10-03 14:06:24-07:00,95.0,97.78,244.7
2026-10-03 14:06:25-07:00,95.0,97.86,244.7
2026-10-03 14:06:26-07:00,95.0,97.94,207.1
2026-10-03 14:06:27-07:00,95.0,97.97,207.1
2026-10-03 14:06:28-07:00,95.0,98.0,250.5
2026-10-03 14:06:29-07:00,95.0,98.09,250.5
2026-10-03 14:06:30-07:00,95.0,98.17,250.5
2026-10-03 14:06:31-07:00,100.0,98.26,102.6
2026-10-03 14:06:32-07:00,100.0,98.19,102.6
2026-10-03 14:06:33-07:00,100.0,98.13,103.4
2026-10-03 14:06:34-07:00,100.0,98.07,103.4
2026-10-03 14:06:35-07:00,100.0,98.0,133.1
2026-10-03 14:06:36-07:00,100.0,97.96,133.1
2026-10-03 14:06:37-07:00,100.0,97.91,113.4
2026-10-03 14:06:38-07:00,100.0,97.85,113.4
2026-10-03 14:06:39-07:00,100.0,97.8,62.5
2026-10-03 14:06:40-07:00,100.0,97.71,62.5
2026-10-03 14:06:41-07:00,100.0,97.63,41.0
2026-10-03 14:06:42-07:00,100.0,97.54,41.0
2026-10-03 14:06:43-07:00,100.0,97.45,73.3
2026-10-03 14:06:44-07:00,100.0,97.36,73.3
2026-10-03 14:06:45-07:00,100.0,97.28,94.0
2026-10-03 14:06:46-07:00,100.0,97.21,94.0
2026-10-03 14:06:47-07:00,100.0,97.14,106.0
2026-10-03 14:06:48-07:00,100.0,97.08,106.0
2026-10-03 14:06:49-07:00,100.0,97.02,28.6
2026-10-03 14:06:50-07:00,100.0,96.92,28.6
2026-10-03 14:06:51-07:00,100.0,96.83,43.7
2026-10-03 14:06:52-07:00,100.0,96.74,43.7
2026-10-03 14:06:53-07:00,100.0,96.65,227.1
2026-10-03 14:06:54-07:00,100.0,96.7,227.1
2026-10-03 14:06:55-07:00,100.0,96.75,182.4
2026-10-03 14:06:56-07:00,100.0,96.75,182.4
2026-10-03 14:06:57-07:00,100.0,96.75,91.9
2026-10-03 14:06:58-07:00,100.0,96.68,91.9
2026-10-03 14:06:59-07:00,100.0,96.61,342.2
2026-10-03 14:07:00-07:00,100.0,96.85,342.2
2026-10-03 14:07:01-07:00,100.0,97.08,271.2
2026-10-03 14:07:02-07:00,100.0,97.2,271.2
2026-10-03 14:07:03-07:00,100.0,97.31,258.1
2026-10-03 14:07:04-07:00,100.0,97.41,258.1
2026-10-03 14:07:05-07:00,100.0,97.51,276.0
2026-10-03 14:07:06-07:00,100.0,97.63,276.0
2026-10-03 14:07:07-07:00,100.0,97.76,276.5
2026-10-03 14:07:08-07:00,100.0,97.89,276.5
2026-10-03 14:07:09-07:00,100.0,98.02,256.7
2026-10-03 14:07:10-07:00,100.0,98.11,256.7
2026-10-03 14:07:11-07:00,100.0,98.21,283.0
2026-10-03 14:07:12-07:00,100.0,98.35,283.0
2026-10-03 14:07:13-07:00,100.0,98.49,287.8
2026-10-03 14:07:14-07:00,100.0,98.64,287.8
2026-10-03 14:07:15-07:00,100.0,98.79,186.4
2026-10-03 14:07:16-07:00,100.0,98.8,186.4
2026-10-03 14:07:17-07:00,100.0,98.81,145.7
2026-10-03 14:07:18-07:00,100.0,98.78,145.7
2026-10-03 14:07:19-07:00,100.0,98.75,306.9
2026-10-03 14:07:20-07:00,100.0,98.93,306.9
2026-10-03 14:07:21-07:00,100.0,99.11,274.8
2026-10-03 14:07:22-07:00,100.0,99.23,274.8
2026-10-03 14:07:23-07:00,100.0,99.35,283.7
2026-10-03 14:07:24-07:00,100.0,99.49,283.7
2026-10-03 14:07:25-07:00,100.0,99.63,281.8
2026-10-03 14:07:26-07:00,100.0,99.76,281.8
2026-10-03 14:07:27-07:00,100.0,99.9,181.8
2026-10-03 14:07:28-07:00,100.0,99.9,181.8
2026-10-03 14:07:29-07:00,100.0,99.91,274.5
2026-10-03 14:07:30-07:00,100.0,100.03,274.5
2026-10-03 14:07:31-07:00,100.0,100.15,275.2
2026-10-03 14:07:32-07:00,100.0,100.27,275.2
2026-10-03 14:07:33-07:00,100.0,100.39,298.2
2026-10-03 14:07:34-07:00,100.0,100.55,298.2
2026-10-03 14:07:35-07:00,100.0,100.71,206.4
2026-10-03 14:07:36-07:00,100.0,100.74,206.4
2026-10-03 14:07:37-07:00,100.0,100.77,254.6
2026-10-03 14:07:38-07:00,100.0,100.86,254.6
2026-10-03 14:07:39-07:00,100.0,100.95,262.1
2026-10-03 14:07:40-07:00,100.0,101.05,262.1
2026-10-03 14:07:41-07:00,100.0,101.15,233.4
2026-10-03 14:07:42-07:00,100.0,101.21,233.4
2026-10-03 14:07:43-07:00,100.0,101.27,269.2
2026-10-03 14:07:44-07:00,100.0,101.38,269.2
2026-10-03 14:07:45-07:00,100.0,101.49,271.1
2026-10-03 14:07:46-07:00,100.0,101.61,271.1
2026-10-03 14:07:47-07:00,100.0,101.72,271.1
2026-10-03 14:07:48-07:00,100.0,101.84,271.4
2026-10-03 14:07:49-07:00,100.0,101.95,271.4
2026-10-03 14:07:50-07:00,100.0,102.07,251.5
2026-10-03 14:07:51-07:00,100.0,102.16,251.5
2026-10-03 14:07:52-07:00,100.0,102.25,230.4
2026-10-03 14:07:53-07:00,100.0,102.31,230.4
2026-10-03 14:07:54-07:00,100.0,102.37,131.6
2026-10-03 14:07:55-07:00,100.0,102.33,131.6
2026-10-03 14:07:56-07:00,100.0,102.29,115.3
2026-10-03 14:07:57-07:00,100.0,102.24,115.3
2026-10-03 14:07:58-07:00,100.0,102.19,151.8
2026-10-03 14:07:59-07:00,100.0,102.16,151.8
2026-10-03 14:08:00-07:00,100.0,102.13,172.4
2026-10-03 14:08:01-07:00,100.0,102.13,172.4
2026-10-03 14:08:02-07:00,100.0,102.12,276.0
2026-10-03 14:08:03-07:00,100.0,102.24,276.0
2026-10-03 14:08:04-07:00,100.0,102.36,289.8
2026-10-03 14:08:05-07:00,100.0,102.51,289.8
2026-10-03 14:08:06-07:00,100.0,102.65,248.3
2026-10-03 14:08:07-07:00,100.0,102.74,248.3
2026-10-03 14:08:08-07:00,100.0,102.82,-33.8
2026-10-03 14:08:09-07:00,100.0,102.73,-33.8
2026-10-03 14:08:10-07:00,100.0,102.64,129.0
2026-10-03 14:08:11-07:00,100.0,102.6,129.0
2026-10-03 14:08:12-07:00,100.0,102.56,99.6
2026-10-03 14:08:13-07:00,100.0,102.49,99.6
2026-10-03 14:08:14-07:00,100.0,102.43,95.0
2026-10-03 14:08:15-07:00,100.0,102.36,95.0
2026-10-03 14:08:16-07:00,100.0,102.29,67.9
2026-10-03 14:08:17-07:00,100.0,102.2,67.9
2026-10-03 14:08:18-07:00,100.0,102.12,279.1
2026-10-03 14:08:19-07:00,100.0,102.24,279.1
2026-10-03 14:08:20-07:00,100.0,102.37,301.6
2026-10-03 14:08:21-07:00,100.0,102.53,301.6
2026-10-03 14:08:22-07:00,100.0,102.69,287.8
2026-10-03 14:08:23-07:00,100.0,102.83,287.8
2026-10-03 14:08:24-07:00,105.0,102.97,274.4
2026-10-03 14:08:25-07:00,105.0,103.09,274.4
2026-10-03 14:08:26-07:00,105.0,103.21,265.5
2026-10-03 14:08:27-07:00,105.0,103.32,265.5
2026-10-03 14:08:28-07:00,105.0,103.43,103.2
2026-10-03 14:08:29-07:00,105.0,103.37,103.2
2026-10-03 14:08:30-07:00,105.0,103.3,70.3
2026-10-03 14:08:31-07:00,105.0,103.22,70.3
2026-10-03 14:08:32-07:00,105.0,103.15,309.6
2026-10-03 14:08:33-07:00,105.0,103.32,309.6
2026-10-03 14:08:34-07:00,105.0,103.5,306.3
2026-10-03 14:08:35-07:00,105.0,103.67,306.3
2026-10-03 14:08:36-07:00,105.0,103.83,277.3
2026-10-03 14:08:37-07:00,105.0,103.96,277.3
2026-10-03 14:08:38-07:00,105.0,104.08,279.4
2026-10-03 14:08:39-07:00,105.0,104.21,279.4
2026-10-03 14:08:40-07:00,105.0,104.33,254.8
2026-10-03 14:08:41-07:00,105.0,104.42,254.8
2026-10-03 14:08:42-07:00,105.0,104.51,153.5
2026-10-03 14:08:43-07:00,105.0,104.49,153.5
2026-10-03 14:08:44-07:00,105.0,104.46,153.5
2026-10-03 14:08:45-07:00,105.0,104.44,90.8
2026-10-03 14:08:46-07:00,105.0,104.37,90.8
2026-10-03 14:08:47-07:00,105.0,104.3,148.2
2026-10-03 14:08:48-07:00,105.0,104.26,148.2
2026-10-03 14:08:49-07:00,105.0,104.23,131.8
2026-10-03 14:08:50-07:00,105.0,104.18,131.8
2026-10-03 14:08:51-07:00,105.0,104.13,292.9
2026-10-03 14:08:52-07:00,105.0,104.27,292.9
2026-10-03 14:08:53-07:00,105.0,104.42,305.9
2026-10-03 14:08:54-07:00,105.0,104.58,305.9
2026-10-03 14:08:55-07:00,105.0,104.75,282.7
2026-10-03 14:08:56-07:00,105.0,104.88,282.7
2026-10-03 14:08:57-07:00,105.0,105.01,272.2
2026-10-03 14:08:58-07:00,105.0,105.12,272.2
2026-10-03 14:08:59-07:00,105.0,105.23,286.2
2026-10-03 14:09:00-07:00,105.0,105.37,286.2
2026-10-03 14:09:01-07:00,105.0,105.51,243.9
2026-10-03 14:09:02-07:00,105.0,105.58,243.9
2026-10-03 14:09:03-07:00,105.0,105.65,231.8
2026-10-03 14:09:04-07:00,105.0,105.71,231.8
2026-10-03 14:09:05-07:00,105.0,105.77,31.8
2026-10-03 14:09:06-07:00,105.0,105.68,31.8
2026-10-03 14:09:07-07:00,105.0,105.59,49.0
2026-10-03 14:09:08-07:00,105.0,105.5,49.0
2026-10-03 14:09:09-07:00,105.0,105.41,287.1
2026-10-03 14:09:10-07:00,105.0,105.54,287.1
2026-10-03 14:09:11-07:00,105.0,105.68,282.2
2026-10-03 14:09:12-07:00,105.0,105.81,282.2
2026-10-03 14:09:13-07:00,105.0,105.93,278.7
2026-10-03 14:09:14-07:00,105.0,106.06,278.7
2026-10-03 14:09:15-07:00,105.0,106.18,250.1
2026-10-03 14:09:16-07:00,105.0,106.26,250.1
2026-10-03 14:09:17-07:00,105.0,106.34,234.8
2026-10-03 14:09:18-07:00,105.0,106.4,234.8
2026-10-03 14:09:19-07:00,105.0,106.47,217.8
2026-10-03 14:09:20-07:00,105.0,106.51,217.8
2026-10-03 14:09:21-07:00,105.0,106.55,58.1
2026-10-03 14:09:22-07:00,105.0,106.46,58.1
2026-10-03 14:09:23-07:00,105.0,106.37,141.7
2026-10-03 14:09:24-07:00,105.0,106.33,141.7
2026-10-03 14:09:25-07:00,105.0,106.29,279.9
2026-10-03 14:09:26-07:00,105.0,106.41,279.9
2026-10-03 14:09:27-07:00,105.0,106.53,272.6
2026-10-03 14:09:28-07:00,105.0,106.64,272.6
2026-10-03 14:09:29-07:00,105.0,106.75,267.1
2026-10-03 14:09:30-07:00,105.0,106.86,267.1
2026-10-03 14:09:31-07:00,105.0,106.96,290.9
2026-10-03 14:09:32-07:00,105.0,107.1,290.9
2026-10-03 14:09:33-07:00,105.0,107.24,243.6
2026-10-03 14:09:34-07:00,105.0,107.31,243.6
2026-10-03 14:09:35-07:00,105.0,107.38,236.9
2026-10-03 14:09:36-07:00,105.0,107.45,236.9
2026-10-03 14:09:37-07:00,105.0,107.51,154.2
2026-10-03 14:09:38-07:00,105.0,107.48,154.2
2026-10-03 14:09:39-07:00,105.0,107.45,183.4
2026-10-03 14:09:40-07:00,105.0,107.45,183.4
2026-10-03 14:09:41-07:00,105.0,107.45,253.2
2026-10-03 14:09:42-07:00,105.0,107.53,253.2
2026-10-03 14:09:43-07:00,105.0,107.61,274.7
2026-10-03 14:09:44-07:00,105.0,107.72,274.7
2026-10-03 14:09:45-07:00,105.0,107.83,281.9
2026-10-03 14:09:46-07:00,105.0,107.96,281.9
2026-10-03 14:09:47-07:00,105.0,108.08,272.0
2026-10-03 14:09:48-07:00,105.0,108.19,272.0
2026-10-03 14:09:49-07:00,105.0,108.3,272.1
2026-10-03 14:09:50-07:00,105.0,108.41,272.1
2026-10-03 14:09:51-07:00,105.0,108.52,197.5
2026-10-03 14:09:52-07:00,105.0,108.53,197.5
2026-10-03 14:09:53-07:00,105.0,108.54,101.0
2026-10-03 14:09:54-07:00,105.0,108.48,101.0
2026-10-03 14:09:55-07:00,105.0,108.41,140.9
2026-10-03 14:09:56-07:00,105.0,108.36,140.9
2026-10-03 14:09:57-07:00,105.0,108.32,272.1
2026-10-03 14:09:58-07:00,105.0,108.43,272.1
2026-10-03 14:09:59-07:00,105.0,108.53,287.6
2026-10-03 14:10:00-07:00,105.0,108.66,287.6
2026-10-03 14:10:01-07:00,105.0,108.79,287.6
2026-10-03 14:10:02-07:00,105.0,108.93,272.0
2026-10-03 14:10:03-07:00,105.0,109.03,272.0
2026-10-03 14:10:04-07:00,105.0,109.14,275.0
2026-10-03 14:10:05-07:00,105.0,109.25,275.0
2026-10-03 14:10:06-07:00,105.0,109.37,248.8
2026-10-03 14:10:07-07:00,105.0,109.44,248.8
2026-10-03 14:10:08-07:00,105.0,109.52,120.2
2026-10-03 14:10:09-07:00,105.0,109.46,120.2
2026-10-03 14:10:10-07:00,105.0,109.4,240.4
2026-10-03 14:10:11-07:00,105.0,109.47,240.4
2026-10-03 14:10:12-07:00,105.0,109.53,4.6
2026-10-03 14:10:13-07:00,105.0,109.43,4.6
2026-10-03 14:10:14-07:00,105.0,109.33,205.8
2026-10-03 14:10:15-07:00,105.0,109.35,205.8
2026-10-03 14:10:16-07:00,105.0,109.37,290.3
2026-10-03 14:10:17-07:00,105.0,109.51,290.3
2026-10-03 14:10:18-07:00,105.0,109.65,268.1
2026-10-03 14:10:19-07:00,105.0,109.75,268.1
2026-10-03 14:10:20-07:00,105.0,109.85,280.7
2026-10-03 14:10:21-07:00,105.0,109.97,280.7
2026-10-03 14:10:22-07:00,105.0,110.09,272.6
2026-10-03 14:10:23-07:00,105.0,110.2,272.6
2026-10-03 14:10:24-07:00,105.0,110.31,218.7
2026-10-03 14:10:25-07:00,105.0,110.35,218.7
2026-10-03 14:10:26-07:00,105.0,110.38,273.0
2026-10-03 14:10:27-07:00,105.0,110.49,273.0
2026-10-03 14:10:28-07:00,105.0,110.6,178.4
2026-10-03 14:10:29-07:00,105.0,110.58,178.4
2026-10-03 14:10:30-07:00,105.0,110.57,282.2
2026-10-03 14:10:31-07:00,105.0,110.69,282.2
2026-10-03 14:10:32-07:00,105.0,110.82,217.6
2026-10-03 14:10:33-07:00,105.0,110.85,217.6
2026-10-03 14:10:34-07:00,110.0,110.88,266.8
2026-10-03 14:10:35-07:00,110.0,110.97,266.8
2026-10-03 14:10:36-07:00,110.0,111.07,299.2
2026-10-03 14:10:37-07:00,110.0,111.22,299.2
2026-10-03 14:10:38-07:00,110.0,111.37,278.9
2026-10-03 14:10:39-07:00,110.0,111.48,278.9
2026-10-03 14:10:40-07:00,110.0,111.6,254.1
2026-10-03 14:10:41-07:00,110.0,111.68,254.1
2026-10-03 14:10:42-07:00,110.0,111.76,237.8
2026-10-03 14:10:43-07:00,110.0,111.82,237.8
2026-10-03 14:10:44-07:00,110.0,111.88,189.1
2026-10-03 14:10:45-07:00,110.0,111.88,189.1
2026-10-03 14:10:46-07:00,110.0,111.88,236.9
2026-10-03 14:10:47-07:00,110.0,111.94,236.9
2026-10-03 14:10:48-07:00,110.0,111.99,179.2
2026-10-03 14:10:49-07:00,110.0,111.98,179.2
2026-10-03 14:10:50-07:00,110.0,111.97,273.5
2026-10-03 14:10:51-07:00,110.0,112.07,273.5
2026-10-03 14:10:52-07:00,110.0,112.18,263.7
2026-10-03 14:10:53-07:00,110.0,112.27,263.7
2026-10-03 14:10:54-07:00,110.0,112.36,257.7
2026-10-03 14:10:55-07:00,110.0,112.44,257.7
2026-10-03 14:10:56-07:00,110.0,112.52,277.8
2026-10-03 14:10:57-07:00,110.0,112.64,277.8
2026-10-03 14:10:58-07:00,110.0,112.75,274.1
2026-10-03 14:10:59-07:00,110.0,112.86,274.1
2026-10-03 14:11:00-07:00,110.0,112.97,290.2
2026-10-03 14:11:01-07:00,110.0,113.1,290.2
2026-10-03 14:11:02-07:00,110.0,113.23,239.5
2026-10-03 14:11:03-07:00,110.0,113.29,239.5
2026-10-03 14:11:04-07:00,110.0,113.35,263.6
2026-10-03 14:11:05-07:00,110.0,113.44,263.6
2026-10-03 14:11:06-07:00,110.0,113.53,278.0
2026-10-03 14:11:07-07:00,110.0,113.64,278.0
2026-10-03 14:11:08-07:00,110.0,113.75,274.1
2026-10-03 14:11:09-07:00,110.0,113.85,274.1
2026-10-03 14:11:10-07:00,110.0,113.95,279.2
2026-10-03 14:11:11-07:00,110.0,114.07,279.2
2026-10-03 14:11:12-07:00,110.0,114.18,244.8
2026-10-03 14:11:13-07:00,110.0,114.25,244.8
2026-10-03 14:11:14-07:00,110.0,114.31,227.4
2026-10-03 14:11:15-07:00,110.0,114.35,227.4
2026-10-03 14:11:16-07:00,110.0,114.39,227.4
2026-10-03 14:11:17-07:00,110.0,114.43,226.6
2026-10-03 14:11:18-07:00,110.0,114.48,226.6
2026-10-03 14:11:19-07:00,110.0,114.52,199.5
2026-10-03 14:11:20-07:00,110.0,114.53,199.5
2026-10-03 14:11:21-07:00,110.0,114.53,271.8
2026-10-03 14:11:22-07:00,110.0,114.64,271.8
2026-10-03 14:11:23-07:00,110.0,114.74,270.4
2026-10-03 14:11:24-07:00,110.0,114.84,270.4
2026-10-03 14:11:25-07:00,110.0,114.94,266.3
2026-10-03 14:11:26-07:00,110.0,115.03,266.3
2026-10-03 14:11:27-07:00,110.0,115.12,263.1
2026-10-03 14:11:28-07:00,110.0,115.21,263.1
2026-10-03 14:11:29-07:00,110.0,115.3,241.1
2026-10-03 14:11:30-07:00,110.0,115.36,241.1
2026-10-03 14:11:31-07:00,110.0,115.41,235.8
2026-10-03 14:11:32-07:00,110.0,115.46,235.8
2026-10-03 14:11:33-07:00,110.0,115.52,195.0
2026-10-03 14:11:34-07:00,110.0,115.52,195.0
2026-10-03 14:11:35-07:00,110.0,115.52,28.9
2026-10-03 14:11:36-07:00,110.0,115.41,28.9
2026-10-03 14:11:37-07:00,110.0,115.31,64.4
2026-10-03 14:11:38-07:00,110.0,115.21,64.4
2026-10-03 14:11:39-07:00,110.0,115.11,275.6
2026-10-03 14:11:40-07:00,110.0,115.21,275.6
2026-10-03 14:11:41-07:00,115.0,115.32,258.3
2026-10-03 14:11:42-07:00,115.0,115.39,258.3
2026-10-03 14:11:43-07:00,115.0,115.47,264.9
2026-10-03 14:11:44-07:00,115.0,115.56,264.9
2026-10-03 14:11:45-07:00,115.0,115.65,283.8
2026-10-03 14:11:46-07:00,115.0,115.76,283.8
2026-10-03 14:11:47-07:00,115.0,115.88,279.8
2026-10-03 14:11:48-07:00,115.0,115.99,279.8
2026-10-03 14:11:49-07:00,115.0,116.11,250.0
2026-10-03 14:11:50-07:00,115.0,116.18,250.0
2026-10-03 14:11:51-07:00,115.0,116.24,211.7
2026-10-03 14:11:52-07:00,115.0,116.26,211.7
2026-10-03 14:11:53-07:00,115.0,116.28,149.4
2026-10-03 14:11:54-07:00,115.0,116.24,149.4
2026-10-03 14:11:55-07:00,115.0,116.2,127.5
2026-10-03 14:11:56-07:00,115.0,116.13,127.5
2026-10-03 14:11:57-07:00,115.0,116.07,284.6
2026-10-03 14:11:58-07:00,115.0,116.19,284.6
2026-10-03 14:11:59-07:00,115.0,116.3,273.9
2026-10-03 14:12:00-07:00,115.0,116.41,273.9
2026-10-03 14:12:01-07:00,115.0,116.51,275.4
2026-10-03 14:12:02-07:00,115.0,116.61,275.4
2026-10-03 14:12:03-07:00,115.0,116.72,258.0
2026-10-03 14:12:04-07:00,115.0,116.8,258.0
2026-10-03 14:12:05-07:00,115.0,116.88,242.1
2026-10-03 14:12:06-07:00,115.0,116.93,242.1
2026-10-03 14:12:07-07:00,115.0,116.99,72.2
2026-10-03 14:12:08-07:00,115.0,116.9,72.2
2026-10-03 14:12:09-07:00,115.0,116.81,88.3
2026-10-03 14:12:10-07:00,115.0,116.72,88.3
2026-10-03 14:12:11-07:00,115.0,116.63,90.4
2026-10-03 14:12:12-07:00,115.0,116.54,90.4
2026-10-03 14:12:13-07:00,115.0,116.45,280.4
2026-10-03 14:12:14-07:00,115.0,116.56,280.4
2026-10-03 14:12:15-07:00,115.0,116.67,276.3
2026-10-03 14:12:16-07:00,115.0,116.77,276.3
2026-10-03 14:12:17-07:00,115.0,116.87,292.0
2026-10-03 14:12:18-07:00,115.0,117.0,292.0
2026-10-03 14:12:19-07:00,115.0,117.12,293.0
2026-10-03 14:12:20-07:00,115.0,117.25,293.0
2026-10-03 14:12:21-07:00,115.0,117.38,273.5
2026-10-03 14:12:22-07:00,115.0,117.48,273.5
2026-10-03 14:12:23-07:00,115.0,117.58,258.0
2026-10-03 14:12:24-07:00,115.0,117.66,258.0
2026-10-03 14:12:25-07:00,115.0,117.73,230.2
2026-10-03 14:12:26-07:00,115.0,117.77,230.2
2026-10-03 14:12:27-07:00,115.0,117.81,267.2
2026-10-03 14:12:28-07:00,115.0,117.9,267.2
2026-10-03 14:12:29-07:00,115.0,117.99,292.8
2026-10-03 14:12:30-07:00,115.0,118.12,292.8
2026-10-03 14:12:31-07:00,115.0,118.25,296.4
2026-10-03 14:12:32-07:00,115.0,118.38,296.4
2026-10-03 14:12:33-07:00,115.0,118.52,269.9
2026-10-03 14:12:34-07:00,115.0,118.61,269.9
2026-10-03 14:12:35-07:00,115.0,118.7,265.4
2026-10-03 14:12:36-07:00,115.0,118.79,265.4
2026-10-03 14:12:37-07:00,115.0,118.88,249.0
2026-10-03 14:12:38-07:00,115.0,118.94,249.0
2026-10-03 14:12:39-07:00,115.0,119.01,233.7
2026-10-03 14:12:40-07:00,115.0,119.05,233.7
2026-10-03 14:12:41-07:00,115.0,119.09,227.4
2026-10-03 14:12:42-07:00,115.0,119.13,227.4
2026-10-03 14:12:43-07:00,115.0,119.17,215.9
2026-10-03 14:12:44-07:00,115.0,119.19,215.9
2026-10-03 14:12:45-07:00,115.0,119.21,215.9
2026-10-03 14:12:46-07:00,115.0,119.23,81.6
2026-10-03 14:12:47-07:00,115.0,119.14,81.6
2026-10-03 14:12:48-07:00,115.0,119.04,286.2
2026-10-03 14:12:49-07:00,115.0,119.16,286.2
2026-10-03 14:12:50-07:00,115.0,119.28,264.9
2026-10-03 14:12:51-07:00,115.0,119.36,264.9
2026-10-03 14:12:52-07:00,115.0,119.44,261.8
2026-10-03 14:12:53-07:00,115.0,119.52,261.8
2026-10-03 14:12:54-07:00,115.0,119.6,263.0
2026-10-03 14:12:55-07:00,115.0,119.68,263.0
2026-10-03 14:12:56-07:00,115.0,119.76,274.3
2026-10-03 14:12:57-07:00,115.0,119.86,274.3
2026-10-03 14:12:58-07:00,115.0,119.96,234.0
2026-10-03 14:12:59-07:00,115.0,120.0,234.0
2026-10-03 14:13:00-07:00,115.0,120.05,224.7
2026-10-03 14:13:01-07:00,115.0,120.08,224.7
2026-10-03 14:13:02-07:00,115.0,120.11,230.7
2026-10-03 14:13:03-07:00,115.0,120.15,230.7
2026-10-03 14:13:04-07:00,115.0,120.19,255.9
2026-10-03 14:13:05-07:00,115.0,120.26,255.9
2026-10-03 14:13:06-07:00,115.0,120.33,242.3
2026-10-03 14:13:07-07:00,115.0,120.38,242.3
2026-10-03 14:13:08-07:00,115.0,120.43,272.6
2026-10-03 14:13:09-07:00,115.0,120.52,272.6
2026-10-03 14:13:10-07:00,115.0,120.62,252.3
2026-10-03 14:13:11-07:00,115.0,120.68,252.3
2026-10-03 14:13:12-07:00,115.0,120.75,273.2
2026-10-03 14:13:13-07:00,115.0,120.85,273.2
2026-10-03 14:13:14-07:00,115.0,120.94,256.8
2026-10-03 14:13:15-07:00,115.0,121.02,256.8
2026-10-03 14:13:16-07:00,115.0,121.09,225.7
2026-10-03 14:13:17-07:00,115.0,121.12,225.7
2026-10-03 14:13:18-07:00,115.0,121.15,209.4
2026-10-03 14:13:19-07:00,115.0,121.16,209.4
2026-10-03 14:13:20-07:00,115.0,121.17,250.3
2026-10-03 14:13:21-07:00,115.0,121.23,250.3
2026-10-03 14:13:22-07:00,115.0,121.29,260.1
2026-10-03 14:13:23-07:00,115.0,121.37,260.1
2026-10-03 14:13:24-07:00,115.0,121.44,255.1
2026-10-03 14:13:25-07:00,115.0,121.51,255.1
2026-10-03 14:13:26-07:00,115.0,121.57,256.1
2026-10-03 14:13:27-07:00,115.0,121.64,256.1
2026-10-03 14:13:28-07:00,115.0,121.71,271.3
2026-10-03 14:13:29-07:00,115.0,121.8,271.3
2026-10-03 14:13:30-07:00,120.0,121.89,251.8
2026-10-03 14:13:31-07:00,120.0,121.96,251.8
2026-10-03 14:13:32-07:00,120.0,122.02,216.0
2026-10-03 14:13:33-07:00,120.0,122.04,216.0
2026-10-03 14:13:34-07:00,120.0,122.06,210.5
2026-10-03 14:13:35-07:00,120.0,122.07,210.5
2026-10-03 14:13:36-07:00,120.0,122.08,209.1
2026-10-03 14:13:37-07:00,120.0,122.09,209.1
2026-10-03 14:13:38-07:00,120.0,122.1,259.8
2026-10-03 14:13:39-07:00,120.0,122.17,259.8
2026-10-03 14:13:40-07:00,120.0,122.25,248.8
2026-10-03 14:13:41-07:00,120.0,122.3,248.8
2026-10-03 14:13:42-07:00,120.0,122.36,270.5
2026-10-03 14:13:43-07:00,120.0,122.45,270.5
2026-10-03 14:13:44-07:00,120.0,122.54,261.4
2026-10-03 14:13:45-07:00,120.0,122.62,261.4
2026-10-03 14:13:46-07:00,120.0,122.69,264.6
2026-10-03 14:13:47-07:00,120.0,122.77,264.6
2026-10-03 14:13:48-07:00,120.0,122.85,270.6
2026-10-03 14:13:49-07:00,120.0,122.94,270.6
2026-10-03 14:13:50-07:00,120.0,123.03,256.7
2026-10-03 14:13:51-07:00,120.0,123.1,256.7
2026-10-03 14:13:52-07:00,120.0,123.17,150.6
2026-10-03 14:13:53-07:00,120.0,123.12,150.6
2026-10-03 14:13:54-07:00,120.0,123.06,275.8
2026-10-03 14:13:55-07:00,120.0,123.15,275.8
2026-10-03 14:13:56-07:00,120.0,123.25,258.2
2026-10-03 14:13:57-07:00,120.0,123.32,258.2
2026-10-03 14:13:58-07:00,120.0,123.38,258.2
2026-10-03 14:13:59-07:00,120.0,123.45,273.6
2026-10-03 14:14:00-07:00,120.0,123.54,261.5
2026-10-03 14:14:01-07:00,120.0,123.62,261.5
2026-10-03 14:14:02-07:00,120.0,123.69,261.5
2026-10-03 14:14:03-07:00,120.0,123.77,273.0
2026-10-03 14:14:04-07:00,120.0,123.86,273.0
2026-10-03 14:14:05-07:00,120.0,123.95,242.5
2026-10-03 14:14:06-07:00,120.0,124.0,242.5
2026-10-03 14:14:07-07:00,120.0,124.05,223.9
2026-10-03 14:14:08-07:00,120.0,124.07,223.9
2026-10-03 14:14:09-07:00,120.0,124.1,187.6
2026-10-03 14:14:10-07:00,120.0,124.08,187.6
2026-10-03 14:14:11-07:00,120.0,124.07,242.7
2026-10-03 14:14:12-07:00,120.0,124.12,242.7
2026-10-03 14:14:13-07:00,120.0,124.16,259.8
2026-10-03 14:14:14-07:00,120.0,124.24,259.8
2026-10-03 14:14:15-07:00,120.0,124.31,268.8
2026-10-03 14:14:16-07:00,120.0,124.39,268.8
2026-10-03 14:14:17-07:00,120.0,124.48,276.5
2026-10-03 14:14:18-07:00,120.0,124.57,276.5
2026-10-03 14:14:19-07:00,120.0,124.67,259.5
2026-10-03 14:14:20-07:00,120.0,124.74,259.5
2026-10-03 14:14:21-07:00,120.0,124.82,268.9
2026-10-03 14:14:22-07:00,120.0,124.9,268.9
2026-10-03 14:14:23-07:00,120.0,124.98,289.5
2026-10-03 14:14:24-07:00,120.0,125.1,289.5
2026-10-03 14:14:25-07:00,120.0,125.21,236.3
2026-10-03 14:14:26-07:00,120.0,125.24,236.3
2026-10-03 14:14:27-07:00,120.0,125.28,256.7
2026-10-03 14:14:28-07:00,120.0,125.34,256.7
2026-10-03 14:14:29-07:00,120.0,125.39,275.3
2026-10-03 14:14:30-07:00,120.0,125.48,275.3
2026-10-03 14:14:31-07:00,120.0,125.57,291.3
2026-10-03 14:14:32-07:00,120.0,125.68,291.3
2026-10-03 14:14:33-07:00,125.0,125.79,273.2
2026-10-03 14:14:34-07:00,125.0,125.87,273.2
2026-10-03 14:14:35-07:00,125.0,125.96,298.1
2026-10-03 14:14:36-07:00,125.0,126.08,298.1
2026-10-03 14:14:37-07:00,125.0,126.2,288.5
2026-10-03 14:14:38-07:00,125.0,126.3,288.5
2026-10-03 14:14:39-07:00,125.0,126.41,324.4
2026-10-03 14:14:40-07:00,125.0,126.57,324.4
2026-10-03 14:14:41-07:00,125.0,126.74,526.8
2026-10-03 14:14:42-07:00,125.0,127.39,526.8
2026-10-03 14:14:43-07:00,125.0,128.04,0.0
2026-10-03 14:14:44-07:00,125.0,127.91,0.0
2026-10-03 14:14:45-07:00,125.0,127.77,0.0
2026-10-03 14:14:46-07:00,125.0,127.64,0.0
2026-10-03 14:14:47-07:00,125.0,127.5,0.0
2026-10-03 14:14:48-07:00,125.0,127.37,0.0
2026-10-03 14:14:49-07:00,130.0,127.24,0.0
2026-10-03 14:14:50-07:00,130.0,127.1,0.0
2026-10-03 14:14:51-07:00,130.0,126.97,0.0
2026-10-03 14:14:52-07:00,130.0,126.84,0.0
2026-10-03 14:14:53-07:00,130.0,126.7,0.0
2026-10-03 14:14:54-07:00,130.0,126.57,0.0
2026-10-03 14:14:55-07:00,130.0,126.44,0.0
2026-10-03 14:14:56-07:00,130.0,126.31,0.0
2026-10-03 14:14:57-07:00,130.0,126.18,0.0
2026-10-03 14:14:58-07:00,130.0,126.05,0.0
2026-10-03 14:14:59-07:00,130.0,125.92,0.0
2026-10-03 14:15:00-07:00,130.0,125.79,0.0
2026-10-03 14:15:01-07:00,130.0,125.65,0.0
2026-10-03 14:15:02-07:00,130.0,125.52,0.0
2026-10-03 14:15:03-07:00,130.0,125.39,0.0
2026-10-03 14:15:04-07:00,130.0,125.26,0.0
2026-10-03 14:15:05-07:00,130.0,125.13,0.0
2026-10-03 14:15:06-07:00,130.0,125.0,0.0
2026-10-03 14:15:07-07:00,130.0,124.87,0.0
2026-10-03 14:15:08-07:00,130.0,124.74,0.0
2026-10-03 14:15:09-07:00,130.0,124.61,0.0
2026-10-03 14:15:10-07:00,130.0,124.48,0.0
2026-10-03 14:15:11-07:00,130.0,124.35,0.0
2026-10-03 14:15:12-07:00,130.0,124.22,0.0
2026-10-03 14:15:13-07:00,130.0,124.09,0.0
2026-10-03 14:15:14-07:00,130.0,123.96,0.0
2026-10-03 14:15:15-07:00,130.0,123.83,0.0
2026-10-03 14:15:16-07:00,125.0,123.7,0.0
2026-10-03 14:15:17-07:00,125.0,123.57,0.0
2026-10-03 14:15:18-07:00,125.0,123.44,0.0
2026-10-03 14:15:19-07:00,125.0,123.31,0.0
2026-10-03 14:15:20-07:00,125.0,123.18,0.0
2026-10-03 14:15:21-07:00,125.0,123.05,0.0
2026-10-03 14:15:22-07:00,125.0,122.92,0.0
2026-10-03 14:15:23-07:00,125.0,122.79,0.0
2026-10-03 14:15:24-07:00,125.0,122.66,0.0
2026-10-03 14:15:25-07:00,125.0,122.54,0.0
2026-10-03 14:15:26-07:00,125.0,122.41,0.0
2026-10-03 14:15:27-07:00,125.0,122.28,0.0
2026-10-03 14:15:28-07:00,125.0,122.15,0.0
2026-10-03 14:15:29-07:00,125.0,122.02,0.0
2026-10-03 14:15:30-07:00,125.0,121.9,0.0
2026-10-03 14:15:31-07:00,125.0,121.77,0.0
2026-10-03 14:15:32-07:00,125.0,121.64,0.0
2026-10-03 14:15:33-07:00,125.0,121.52,0.0
2026-10-03 14:15:34-07:00,125.0,121.39,0.0
2026-10-03 14:15:35-07:00,125.0,121.26,0.0
2026-10-03 14:15:36-07:00,125.0,121.14,0.0
2026-10-03 14:15:37-07:00,125.0,121.01,0.0
2026-10-03 14:15:38-07:00,125.0,120.88,0.0
2026-10-03 14:15:39-07:00,125.0,120.76,0.0
2026-10-03 14:15:40-07:00,125.0,120.63,0.0
2026-10-03 14:15:41-07:00,125.0,120.51,0.0
2026-10-03 14:15:42-07:00,125.0,120.38,0.0
2026-10-03 14:15:43-07:00,125.0,120.25,0.0
2026-10-03 14:15:44-07:00,125.0,120.13,0.0
2026-10-03 14:15:45-07:00,125.0,120.0,0.0
2026-10-03 14:15:46-07:00,125.0,119.88,0.0
2026-10-03 14:15:47-07:00,125.0,119.75,0.0
2026-10-03 14:15:48-07:00,125.0,119.63,0.0
2026-10-03 14:15:49-07:00,125.0,119.51,0.0
2026-10-03 14:15:50-07:00,125.0,119.38,0.0
2026-10-03 14:15:51-07:00,125.0,119.26,0.0
2026-10-03 14:15:52-07:00,125.0,119.13,0.0
2026-10-03 14:15:53-07:00,125.0,119.01,0.0
2026-10-03 14:15:54-07:00,125.0,118.89,0.0
2026-10-03 14:15:55-07:00,125.0,118.76,0.0
2026-10-03 14:15:56-07:00,125.0,118.64,0.0
2026-10-03 14:15:57-07:00,125.0,118.52,0.0
2026-10-03 14:15:58-07:00,125.0,118.39,0.0
2026-10-03 14:15:59-07:00,125.0,118.27,0.0
2026-10-03 14:16:00-07:00,125.0,118.15,0.0
2026-10-03 14:16:01-07:00,125.0,118.02,0.0
2026-10-03 14:16:02-07:00,125.0,117.9,0.0
2026-10-03 14:16:03-07:00,125.0,117.78,0.0
2026-10-03 14:16:04-07:00,125.0,117.66,0.0
2026-10-03 14:16:05-07:00,125.0,117.54,0.0
2026-10-03 14:16:06-07:00,125.0,117.41,0.0
2026-10-03 14:16:07-07:00,125.0,117.29,0.0
2026-10-03 14:16:08-07:00,125.0,117.17,0.0
2026-10-03 14:16:09-07:00,125.0,117.05,0.0
2026-10-03 14:16:10-07:00,125.0,116.93,0.0
2026-10-03 14:16:11-07:00,125.0,116.81,0.0
2026-10-03 14:16:12-07:00,125.0,116.69,0.0
2026-10-03 14:16:13-07:00,125.0,116.56,0.0
2026-10-03 14:16:14-07:00,125.0,116.44,0.0
2026-10-03 14:16:15-07:00,125.0,116.32,0.0
2026-10-03 14:16:16-07:00,125.0,116.2,0.0
2026-10-03 14:16:17-07:00,125.0,116.08,0.0
2026-10-03 14:16:18-07:00,125.0,115.96,0.0
2026-10-03 14:16:19-07:00,125.0,115.84,0.0
2026-10-03 14:16:20-07:00,125.0,115.72,0.0
2026-10-03 14:16:21-07:00,125.0,115.6,0.0
2026-10-03 14:16:22-07:00,125.0,115.49,0.0
2026-10-03 14:16:23-07:00,125.0,115.37,0.0
2026-10-03 14:16:24-07:00,125.0,115.25,0.0
2026-10-03 14:16:25-07:00,125.0,115.13,0.0
2026-10-03 14:16:26-07:00,125.0,115.01,0.0
2026-10-03 14:16:27-07:00,125.0,114.89,0.0
2026-10-03 14:16:28-07:00,125.0,114.77,0.0
2026-10-03 14:16:29-07:00,125.0,114.65,0.0
2026-10-03 14:16:30-07:00,125.0,114.54,0.0
2026-10-03 14:16:31-07:00,125.0,114.42,0.0
2026-10-03 14:16:32-07:00,125.0,114.3,0.0
2026-10-03 14:16:33-07:00,125.0,114.18,0.0
2026-10-03 14:16:34-07:00,125.0,114.06,0.0
2026-10-03 14:16:35-07:00,125.0,113.95,0.0
2026-10-03 14:16:36-07:00,125.0,113.83,0.0
2026-10-03 14:16:37-07:00,125.0,113.71,0.0
2026-10-03 14:16:38-07:00,125.0,113.6,0.0
2026-10-03 14:16:39-07:00,125.0,113.48,0.0
2026-10-03 14:16:40-07:00,125.0,113.36,0.0
2026-10-03 14:16:41-07:00,125.0,113.25,0.0
2026-10-03 14:16:42-07:00,125.0,113.13,0.0
2026-10-03 14:16:43-07:00,125.0,113.01,0.0
2026-10-03 14:16:44-07:00,125.0,112.9,0.0
2026-10-03 14:16:45-07:00,125.0,112.78,0.0
2026-10-03 14:16:46-07:00,125.0,112.66,0.0
2026-10-03 14:16:47-07:00,125.0,112.55,0.0
2026-10-03 14:16:48-07:00,125.0,112.43,0.0
2026-10-03 14:16:49-07:00,125.0,112.32,0.0
2026-10-03 14:16:50-07:00,125.0,112.2,0.0
2026-10-03 14:16:51-07:00,125.0,112.09,0.0
2026-10-03 14:16:52-07:00,125.0,111.97,0.0
2026-10-03 14:16:53-07:00,125.0,111.86,0.0
2026-10-03 14:16:54-07:00,125.0,111.74,0.0
2026-10-03 14:16:55-07:00,125.0,111.63,0.0
2026-10-03 14:16:56-07:00,125.0,111.51,0.0
2026-10-03 14:16:57-07:00,125.0,111.4,0.0
2026-10-03 14:16:58-07:00,125.0,111.29,0.0
2026-10-03 14:16:59-07:00,125.0,111.17,0.0
2026-10-03 14:17:00-07:00,125.0,111.06,0.0
2026-10-03 14:17:01-07:00,125.0,110.94,0.0
2026-10-03 14:17:02-07:00,125.0,110.83,0.0
2026-10-03 14:17:03-07:00,125.0,110.72,0.0
2026-10-03 14:17:04-07:00,125.0,110.6,0.0
2026-10-03 14:17:05-07:00,125.0,110.49,0.0
2026-10-03 14:17:06-07:00,125.0,110.38,0.0
2026-10-03 14:17:07-07:00,125.0,110.27,0.0
2026-10-03 14:17:08-07:00,125.0,110.15,0.0
2026-10-03 14:17:09-07:00,125.0,110.04,0.0
2026-10-03 14:17:10-07:00,125.0,109.93,0.0
2026-10-03 14:17:11-07:00,125.0,109.82,0.0
2026-10-03 14:17:12-07:00,125.0,109.7,0.0
2026-10-03 14:17:13-07:00,125.0,109.59,0.0
2026-10-03 14:17:14-07:00,125.0,109.48,0.0
2026-10-03 14:17:15-07:00,125.0,109.37,0.0
2026-10-03 14:17:16-07:00,125.0,109.26,0.0
2026-10-03 14:17:17-07:00,125.0,109.15,0.0
2026-10-03 14:17:18-07:00,125.0,109.03,0.0
2026-10-03 14:17:19-07:00,125.0,108.92,0.0
2026-10-03 14:17:20-07:00,125.0,108.81,0.0
2026-10-03 14:17:21-07:00,125.0,108.7,0.0
2026-10-03 14:17:22-07:00,125.0,108.59,0.0
2026-10-03 14:17:23-07:00,125.0,108.48,0.0
2026-10-03 14:17:24-07:00,125.0,108.37,0.0
2026-10-03 14:17:25-07:00,125.0,108.26,0.0
2026-10-03 14:17:26-07:00,125.0,108.15,0.0
2026-10-03 14:17:27-07:00,125.0,108.04,0.0
2026-10-03 14:17:28-07:00,100.0,107.93,0.0
2026-10-03 14:17:29-07:00,100.0,107.82,0.0
2026-10-03 14:17:30-07:00,100.0,107.71,0.0
2026-10-03 14:17:31-07:00,100.0,107.6,0.0
2026-10-03 14:17:32-07:00,100.0,107.49,0.0
2026-10-03 14:17:33-07:00,100.0,107.38,0.0
2026-10-03 14:17:34-07:00,100.0,107.27,0.0
2026-10-03 14:17:35-07:00,100.0,107.16,0.0
2026-10-03 14:17:36-07:00,100.0,107.06,0.0
2026-10-03 14:17:37-07:00,100.0,106.95,0.0
2026-10-03 14:17:38-07:00,100.0,106.84,0.0
2026-10-03 14:17:39-07:00,100.0,106.73,0.0
2026-10-03 14:17:40-07:00,100.0,106.62,0.0
2026-10-03 14:17:41-07:00,100.0,106.51,0.0
2026-10-03 14:17:42-07:00,100.0,106.41,0.0
2026-10-03 14:17:43-07:00,100.0,106.3,0.0
2026-10-03 14:17:44-07:00,100.0,106.19,0.0
2026-10-03 14:17:45-07:00,100.0,106.08,0.0
2026-10-03 14:17:46-07:00,100.0,105.98,0.0
2026-10-03 14:17:47-07:00,100.0,105.87,0.0
2026-10-03 14:17:48-07:00,100.0,105.76,0.0
2026-10-03 14:17:49-07:00,100.0,105.65,0.0
2026-10-03 14:17:50-07:00,100.0,105.55,0.0
2026-10-03 14:17:51-07:00,100.0,105.44,0.0
2026-10-03 14:17:52-07:00,100.0,105.33,0.0
2026-10-03 14:17:53-07:00,100.0,105.23,0.0
2026-10-03 14:17:54-07:00,100.0,105.12,0.0
2026-10-03 14:17:55-07:00,100.0,105.02,0.0
2026-10-03 14:17:56-07:00,100.0,104.91,0.0
2026-10-03 14:17:57-07:00,100.0,104.8,0.0
2026-10-03 14:17:58-07:00,100.0,104.7,0.0
2026-10-03 14:17:59-07:00,100.0,104.59,0.0
2026-10-03 14:18:00-07:00,100.0,104.49,0.0
2026-10-03 14:18:01-07:00,100.0,104.38,0.0
2026-10-03 14:18:02-07:00,100.0,104.28,0.0
2026-10-03 14:18:03-07:00,100.0,104.17,0.0
2026-10-03 14:18:04-07:00,100.0,104.07,0.0
2026-10-03 14:18:05-07:00,100.0,103.96,0.0
2026-10-03 14:18:06-07:00,100.0,103.86,0.0
2026-10-03 14:18:07-07:00,100.0,103.75,0.0
2026-10-03 14:18:08-07:00,100.0,103.65,0.0
2026-10-03 14:18:09-07:00,100.0,103.54,0.0
2026-10-03 14:18:10-07:00,100.0,103.44,0.0
2026-10-03 14:18:11-07:00,100.0,103.33,0.0
2026-10-03 14:18:12-07:00,100.0,103.23,0.0
2026-10-03 14:18:13-07:00,100.0,103.13,0.0
2026-10-03 14:18:14-07:00,100.0,103.02,0.0
2026-10-03 14:18:15-07:00,100.0,102.92,0.0
2026-10-03 14:18:16-07:00,100.0,102.82,0.0
2026-10-03 14:18:17-07:00,100.0,102.71,0.0
2026-10-03 14:18:18-07:00,100.0,102.61,0.0
2026-10-03 14:18:19-07:00,100.0,102.51,0.0
2026-10-03 14:18:20-07:00,100.0,102.4,0.0
2026-10-03 14:18:21-07:00,100.0,102.3,0.0
2026-10-03 14:18:22-07:00,100.0,102.2,0.0
2026-10-03 14:18:23-07:00,100.0,102.1,0.0
2026-10-03 14:18:24-07:00,100.0,101.99,0.0
2026-10-03 14:18:25-07:00,100.0,101.89,0.0
2026-10-03 14:18:26-07:00,100.0,101.79,0.0
2026-10-03 14:18:27-07:00,100.0,101.69,0.0
2026-10-03 14:18:28-07:00,100.0,101.59,0.0
2026-10-03 14:18:29-07:00,100.0,101.48,0.0
2026-10-03 14:18:30-07:00,100.0,101.38,0.0
2026-10-03 14:18:31-07:00,100.0,101.28,0.0
2026-10-03 14:18:32-07:00,100.0,101.18,0.0
2026-10-03 14:18:33-07:00,100.0,101.08,0.0
2026-10-03 14:18:34-07:00,100.0,100.98,0.0
2026-10-03 14:18:35-07:00,100.0,100.88,0.0
2026-10-03 14:18:36-07:00,100.0,100.78,0.0
2026-10-03 14:18:37-07:00,100.0,100.68,0.0
2026-10-03 14:18:38-07:00,100.0,100.57,0.0
2026-10-03 14:18:39-07:00,100.0,100.47,0.0
2026-10-03 14:18:40-07:00,100.0,100.37,0.0
2026-10-03 14:18:41-07:00,100.0,100.27,0.0
2026-10-03 14:18:42-07:00,100.0,100.17,0.0
2026-10-03 14:18:43-07:00,100.0,100.07,0.0
2026-10-03 14:18:44-07:00,100.0,99.97,0.0
2026-10-03 14:18:45-07:00,100.0,99.87,0.0
2026-10-03 14:18:46-07:00,100.0,99.77,0.0
2026-10-03 14:18:47-07:00,100.0,99.68,0.0
2026-10-03 14:18:48-07:00,100.0,99.58,0.0
2026-10-03 14:18:49-07:00,100.0,99.48,0.0
2026-10-03 14:18:50-07:00,100.0,99.38,0.0
2026-10-03 14:18:51-07:00,100.0,99.28,0.0
2026-10-03 14:18:52-07:00,100.0,99.18,0.0
2026-10-03 14:18:53-07:00,100.0,99.08,0.0
2026-10-03 14:18:54-07:00,100.0,98.98,0.0
2026-10-03 14:18:55-07:00,100.0,98.88,0.0
2026-10-03 14:18:56-07:00,100.0,98.79,0.0
2026-10-03 14:18:57-07:00,100.0,98.69,0.0
2026-10-03 14:18:58-07:00,100.0,98.59,0.0
2026-10-03 14:18:59-07:00,100.0,98.49,0.0
2026-10-03 14:19:00-07:00,100.0,98.39,0.0
2026-10-03 14:19:01-07:00,100.0,98.3,0.0
2026-10-03 14:19:02-07:00,100.0,98.2,0.0
2026-10-03 14:19:03-07:00,100.0,98.1,0.0
2026-10-03 14:19:04-07:00,100.0,98.0,0.0
2026-10-03 14:19:05-07:00,100.0,97.91,0.0
2026-10-03 14:19:06-07:00,100.0,97.81,0.0
2026-10-03 14:19:07-07:00,100.0,97.71,0.0
2026-10-03 14:19:08-07:00,100.0,97.62,0.0
2026-10-03 14:19:09-07:00,100.0,97.52,0.0
2026-10-03 14:19:10-07:00,100.0,97.42,0.0
2026-10-03 14:19:11-07:00,100.0,97.33,0.0
2026-10-03 14:19:12-07:00,100.0,97.23,0.0
2026-10-03 14:19:13-07:00,100.0,97.13,0.0
2026-10-03 14:19:14-07:00,100.0,97.04,0.0
2026-10-03 14:19:15-07:00,100.0,96.94,0.0
2026-10-03 14:19:16-07:00,100.0,96.85,0.0
2026-10-03 14:19:17-07:00,100.0,96.75,0.0
2026-10-03 14:19:18-07:00,100.0,96.65,0.0
2026-10-03 14:19:19-07:00,100.0,96.56,0.0
2026-10-03 14:19:20-07:00,100.0,96.46,0.0
2026-10-03 14:19:21-07:00,100.0,96.37,0.0
2026-10-03 14:19:22-07:00,100.0,96.27,0.0
2026-10-03 14:19:23-07:00,100.0,96.18,0.0
2026-10-03 14:19:24-07:00,100.0,96.08,0.0
2026-10-03 14:19:25-07:00,100.0,95.99,0.0
2026-10-03 14:19:26-07:00,100.0,95.89,0.0
2026-10-03 14:19:27-07:00,100.0,95.8,0.0
2026-10-03 14:19:28-07:00,100.0,95.7,0.0
2026-10-03 14:19:29-07:00,100.0,95.61,0.0
2026-10-03 14:19:30-07:00,100.0,95.52,0.0
2026-10-03 14:19:31-07:00,100.0,95.42,0.0
2026-10-03 14:19:32-07:00,100.0,95.33,0.0
2026-10-03 14:19:33-07:00,100.0,95.23,0.0
2026-10-03 14:19:34-07:00,100.0,95.14,0.0
2026-10-03 14:19:35-07:00,100.0,95.05,0.0
2026-10-03 14:19:36-07:00,100.0,94.95,0.0
2026-10-03 14:19:37-07:00,100.0,94.86,0.0
2026-10-03 14:19:38-07:00,100.0,94.77,0.0
2026-10-03 14:19:39-07:00,100.0,94.67,0.0
2026-10-03 14:19:40-07:00,100.0,94.58,0.0
2026-10-03 14:19:41-07:00,100.0,94.49,0.0
2026-10-03 14:19:42-07:00,100.0,94.4,0.0
2026-10-03 14:19:43-07:00,100.0,94.3,0.0
2026-10-03 14:19:44-07:00,100.0,94.21,0.0
2026-10-03 14:19:45-07:00,100.0,94.12,0.0
2026-10-03 14:19:46-07:00,100.0,94.03,0.0
2026-10-03 14:19:47-07:00,100.0,93.93,0.0
2026-10-03 14:19:48-07:00,100.0,93.84,0.0
2026-10-03 14:19:49-07:00,100.0,93.75,0.0
2026-10-03 14:19:50-07:00,100.0,93.66,0.0
2026-10-03 14:19:51-07:00,100.0,93.57,0.0
2026-10-03 14:19:52-07:00,100.0,93.47,0.0
2026-10-03 14:19:53-07:00,100.0,93.38,0.0
2026-10-03 14:19:54-07:00,100.0,93.29,0.0
2026-10-03 14:19:55-07:00,100.0,93.2,0.0
2026-10-03 14:19:56-07:00,100.0,93.11,0.0
2026-10-03 14:19:57-07:00,100.0,93.02,0.0
2026-10-03 14:19:58-07:00,100.0,92.93,0.0
2026-10-03 14:19:59-07:00,100.0,92.84,0.0
2026-10-03 14:20:00-07:00,100.0,92.75,0.0
2026-10-03 14:20:01-07:00,100.0,92.66,0.0
2026-10-03 14:20:02-07:00,100.0,92.56,0.0
2026-10-03 14:20:03-07:00,100.0,92.47,0.0
2026-10-03 14:20:04-07:00,100.0,92.38,0.0
2026-10-03 14:20:05-07:00,100.0,92.29,0.0
2026-10-03 14:20:06-07:00,100.0,92.2,0.0
2026-10-03 14:20:07-07:00,100.0,92.11,0.0
2026-10-03 14:20:08-07:00,100.0,92.02,0.0
2026-10-03 14:20:09-07:00,100.0,91.93,0.0
2026-10-03 14:20:10-07:00,100.0,91.85,0.0
2026-10-03 14:20:11-07:00,100.0,91.76,0.0
2026-10-03 14:20:12-07:00,100.0,91.67,0.0
2026-10-03 14:20:13-07:00,100.0,91.58,0.0
2026-10-03 14:20:14-07:00,100.0,91.49,0.0
2026-10-03 14:20:15-07:00,100.0,91.4,0.0
2026-10-03 14:20:16-07:00,100.0,91.31,0.0
2026-10-03 14:20:17-07:00,100.0,91.22,0.0
2026-10-03 14:20:18-07:00,100.0,91.13,0.0
2026-10-03 14:20:19-07:00,100.0,91.04,0.0
2026-10-03 14:20:20-07:00,100.0,90.96,0.0
2026-10-03 14:20:21-07:00,100.0,90.87,0.0
2026-10-03 14:20:22-07:00,100.0,90.78,0.0
2026-10-03 14:20:23-07:00,100.0,90.69,0.0
2026-10-03 14:20:24-07:00,100.0,90.6,0.0
2026-10-03 14:20:25-07:00,100.0,90.52,0.0
2026-10-03 14:20:26-07:00,100.0,90.43,0.0
2026-10-03 14:20:27-07:00,100.0,90.34,0.0
2026-10-03 14:20:28-07:00,100.0,90.25,0.0
2026-10-03 14:20:29-07:00,100.0,90.17,0.0
2026-10-03 14:20:30-07:00,100.0,90.08,0.0
2026-10-03 14:20:31-07:00,100.0,89.99,0.0
2026-10-03 14:20:32-07:00,100.0,89.9,0.0
2026-10-03 14:20:33-07:00,100.0,89.82,0.0
2026-10-03 14:20:34-07:00,100.0,89.73,0.0
2026-10-03 14:20:35-07:00,100.0,89.64,0.0
2026-10-03 14:20:36-07:00,100.0,89.56,0.0
2026-10-03 14:20:37-07:00,100.0,89.47,0.0
2026-10-03 14:20:38-07:00,100.0,89.38,0.0
2026-10-03 14:20:39-07:00,100.0,89.3,0.0
2026-10-03 14:20:40-07:00,100.0,89.21,0.0
2026-10-03 14:20:41-07:00,100.0,89.12,0.0
2026-10-03 14:20:42-07:00,100.0,89.04,0.0
2026-10-03 14:20:43-07:00,95.0,88.95,0.0
2026-10-03 14:20:44-07:00,95.0,88.87,0.0
2026-10-03 14:20:45-07:00,95.0,88.78,0.0
2026-10-03 14:20:46-07:00,95.0,88.7,0.0
2026-10-03 14:20:47-07:00,95.0,88.61,0.0
2026-10-03 14:20:48-07:00,95.0,88.52,0.0
2026-10-03 14:20:49-07:00,95.0,88.44,0.0
2026-10-03 14:20:50-07:00,95.0,88.35,0.0
2026-10-03 14:20:51-07:00,95.0,88.27,0.0
2026-10-03 14:20:52-07:00,95.0,88.18,0.0
2026-10-03 14:20:53-07:00,95.0,88.1,0.0
2026-10-03 14:20:54-07:00,95.0,88.02,0.0
2026-10-03 14:20:55-07:00,95.0,87.93,0.0
2026-10-03 14:20:56-07:00,95.0,87.85,0.0
2026-10-03 14:20:57-07:00,95.0,87.76,0.0
2026-10-03 14:20:58-07:00,95.0,87.68,0.0
2026-10-03 14:20:59-07:00,95.0,87.59,0.0
2026-10-03 14:21:00-07:00,95.0,87.51,0.0
2026-10-03 14:21:01-07:00,95.0,87.43,0.0
2026-10-03 14:21:02-07:00,95.0,87.34,0.0
2026-10-03 14:21:03-07:00,95.0,87.26,0.0
2026-10-03 14:21:04-07:00,95.0,87.17,0.0
2026-10-03 14:21:05-07:00,95.0,87.09,0.0
2026-10-03 14:21:06-07:00,95.0,87.01,0.0
2026-10-03 14:21:07-07:00,95.0,86.92,0.0
2026-10-03 14:21:08-07:00,95.0,86.84,0.0
2026-10-03 14:21:09-07:00,95.0,86.76,0.0
2026-10-03 14:21:10-07:00,90.0,86.67,0.0
2026-10-03 14:21:11-07:00,90.0,86.59,0.0
2026-10-03 14:21:12-07:00,90.0,86.51,0.0
2026-10-03 14:21:13-07:00,90.0,86.43,0.0
2026-10-03 14:21:14-07:00,90.0,86.34,0.0
2026-10-03 14:21:15-07:00,90.0,86.26,0.0
2026-10-03 14:21:16-07:00,90.0,86.18,0.0
2026-10-03 14:21:17-07:00,90.0,86.1,0.0
2026-10-03 14:21:18-07:00,90.0,86.01,0.0
2026-10-03 14:21:19-07:00,90.0,85.93,0.0
2026-10-03 14:21:20-07:00,90.0,85.85,0.0
2026-10-03 14:21:21-07:00,90.0,85.77,0.0
2026-10-03 14:21:22-07:00,90.0,85.69,0.0
2026-10-03 14:21:23-07:00,90.0,85.6,0.0
2026-10-03 14:21:24-07:00,90.0,85.52,0.0
2026-10-03 14:21:25-07:00,90.0,85.44,0.0
2026-10-03 14:21:26-07:00,90.0,85.36,0.0
2026-10-03 14:21:27-07:00,90.0,85.28,0.0
2026-10-03 14:21:28-07:00,90.0,85.2,0.0
2026-10-03 14:21:29-07:00,90.0,85.12,0.0
2026-10-03 14:21:30-07:00,90.0,85.04,0.0
2026-10-03 14:21:31-07:00,90.0,84.95,0.0
2026-10-03 14:21:32-07:00,90.0,84.87,0.0
2026-10-03 14:21:33-07:00,90.0,84.79,0.0
2026-10-03 14:21:34-07:00,90.0,84.71,0.0
2026-10-03 14:21:35-07:00,90.0,84.63,0.0
2026-10-03 14:21:36-07:00,90.0,84.55,0.0
2026-10-03 14:21:37-07:00,90.0,84.47,0.0
2026-10-03 14:21:38-07:00,90.0,84.39,0.0
2026-10-03 14:21:39-07:00,90.0,84.31,0.0
2026-10-03 14:21:40-07:00,90.0,84.23,0.0
2026-10-03 14:21:41-07:00,90.0,84.15,0.0
2026-10-03 14:21:42-07:00,90.0,84.07,0.0
2026-10-03 14:21:43-07:00,90.0,83.99,0.0
2026-10-03 14:21:44-07:00,90.0,83.91,0.0
2026-10-03 14:21:45-07:00,90.0,83.83,0.0
2026-10-03 14:21:46-07:00,90.0,83.75,0.0
2026-10-03 14:21:47-07:00,90.0,83.68,0.0
2026-10-03 14:21:48-07:00,85.0,83.6,0.0
2026-10-03 14:21:49-07:00,85.0,83.52,0.0
2026-10-03 14:21:50-07:00,85.0,83.44,0.0
2026-10-03 14:21:51-07:00,85.0,83.36,0.0
2026-10-03 14:21:52-07:00,85.0,83.28,0.0
2026-10-03 14:21:53-07:00,85.0,83.2,0.0
2026-10-03 14:21:54-07:00,85.0,83.12,0.0
2026-10-03 14:21:55-07:00,85.0,83.04,0.0
2026-10-03 14:21:56-07:00,85.0,82.97,0.0
2026-10-03 14:21:57-07:00,85.0,82.89,0.0
2026-10-03 14:21:58-07:00,85.0,82.81,0.0
2026-10-03 14:21:59-07:00,85.0,82.73,0.0
2026-10-03 14:22:00-07:00,85.0,82.65,0.0
2026-10-03 14:22:01-07:00,85.0,82.58,0.0
2026-10-03 14:22:02-07:00,85.0,82.5,0.0
2026-10-03 14:22:03-07:00,85.0,82.42,0.0
2026-10-03 14:22:04-07:00,85.0,82.34,0.0
2026-10-03 14:22:05-07:00,85.0,82.27,0.0
2026-10-03 14:22:06-07:00,85.0,82.19,0.0
2026-10-03 14:22:07-07:00,85.0,82.11,0.0
2026-10-03 14:22:08-07:00,85.0,82.03,0.0
2026-10-03 14:22:09-07:00,85.0,81.96,80.2
2026-10-03 14:22:10-07:00,85.0,81.9,80.2
2026-10-03 14:22:11-07:00,85.0,81.84,282.7
2026-10-03 14:22:12-07:00,85.0,81.99,282.7
2026-10-03 14:22:13-07:00,85.0,82.14,314.1
2026-10-03 14:22:14-07:00,85.0,82.35,314.1
2026-10-03 14:22:15-07:00,85.0,82.55,307.2
2026-10-03 14:22:16-07:00,85.0,82.75,307.2
2026-10-03 14:22:17-07:00,85.0,82.94,320.2
2026-10-03 14:22:18-07:00,85.0,83.16,320.2
2026-10-03 14:22:19-07:00,85.0,83.38,296.4
2026-10-03 14:22:20-07:00,85.0,83.56,296.4
2026-10-03 14:22:21-07:00,85.0,83.74,294.6
2026-10-03 14:22:22-07:00,85.0,83.91,294.6
2026-10-03 14:22:23-07:00,85.0,84.09,81.2
2026-10-03 14:22:24-07:00,85.0,84.04,81.2
2026-10-03 14:22:25-07:00,85.0,83.99,128.8
2026-10-03 14:22:26-07:00,85.0,83.97,128.8
2026-10-03 14:22:27-07:00,85.0,83.95,-37.0
2026-10-03 14:22:28-07:00,85.0,83.88,-37.0
2026-10-03 14:22:29-07:00,85.0,83.82,-37.2
2026-10-03 14:22:30-07:00,85.0,83.75,-37.2
2026-10-03 14:22:31-07:00,85.0,83.69,-35.8
2026-10-03 14:22:32-07:00,85.0,83.62,-35.8
2026-10-03 14:22:33-07:00,85.0,83.55,-35.0
2026-10-03 14:22:34-07:00,85.0,83.48,-35.0
2026-10-03 14:22:35-07:00,85.0,83.41,-16.5
2026-10-03 14:22:36-07:00,85.0,83.34,-16.5
2026-10-03 14:22:37-07:00,85.0,83.27,121.5
2026-10-03 14:22:38-07:00,85.0,83.23,121.5
2026-10-03 14:22:39-07:00,85.0,83.2,28.0
2026-10-03 14:22:40-07:00,85.0,83.13,28.0
2026-10-03 14:22:41-07:00,85.0,83.06,69.2
2026-10-03 14:22:42-07:00,85.0,82.99,69.2
2026-10-03 14:22:43-07:00,85.0,82.93,108.9
2026-10-03 14:22:44-07:00,85.0,82.89,108.9
2026-10-03 14:22:45-07:00,85.0,82.85,261.6
2026-10-03 14:22:46-07:00,85.0,82.97,261.6
2026-10-03 14:22:47-07:00,85.0,83.09,-24.9
2026-10-03 14:22:48-07:00,85.0,83.01,-24.9
2026-10-03 14:22:49-07:00,85.0,82.94,69.3
2026-10-03 14:22:50-07:00,85.0,82.88,69.3
2026-10-03 14:22:51-07:00,85.0,82.82,-23.0
2026-10-03 14:22:52-07:00,85.0,82.75,-23.0
2026-10-03 14:22:53-07:00,85.0,82.68,-30.9
2026-10-03 14:22:54-07:00,85.0,82.6,-30.9
2026-10-03 14:22:55-07:00,85.0,82.53,-27.8
2026-10-03 14:22:56-07:00,85.0,82.46,-27.8
2026-10-03 14:22:57-07:00,85.0,82.38,55.1
2026-10-03 14:22:58-07:00,85.0,82.32,55.1
2026-10-03 14:22:59-07:00,85.0,82.25,245.9
2026-10-03 14:23:00-07:00,85.0,82.34,245.9
2026-10-03 14:23:01-07:00,85.0,82.44,309.6
2026-10-03 14:23:02-07:00,85.0,82.63,309.6
2026-10-03 14:23:03-07:00,85.0,82.83,304.5
2026-10-03 14:23:04-07:00,85.0,83.02,304.5
2026-10-03 14:23:05-07:00,85.0,83.21,288.6
2026-10-03 14:23:06-07:00,85.0,83.37,288.6
2026-10-03 14:23:07-07:00,85.0,83.53,323.7
2026-10-03 14:23:08-07:00,85.0,83.76,323.7
2026-10-03 14:23:09-07:00,85.0,83.98,307.1
2026-10-03 14:23:10-07:00,85.0,84.18,307.1
2026-10-03 14:23:11-07:00,85.0,84.38,250.3
2026-10-03 14:23:12-07:00,85.0,84.48,250.3
2026-10-03 14:23:13-07:00,85.0,84.59,-38.9
2026-10-03 14:23:14-07:00,85.0,84.53,-38.9
2026-10-03 14:23:15-07:00,85.0,84.46,43.9
2026-10-03 14:23:16-07:00,85.0,84.4,43.9
2026-10-03 14:23:17-07:00,85.0,84.34,-18.3
2026-10-03 14:23:18-07:00,85.0,84.27,-18.3
2026-10-03 14:23:19-07:00,85.0,84.2,-22.1
2026-10-03 14:23:20-07:00,85.0,84.13,-22.1
2026-10-03 14:23:21-07:00,85.0,84.06,239.4
2026-10-03 14:23:22-07:00,85.0,84.15,239.4
2026-10-03 14:23:23-07:00,85.0,84.24,276.8
2026-10-03 14:23:24-07:00,85.0,84.39,276.8
2026-10-03 14:23:25-07:00,85.0,84.53,283.6
2026-10-03 14:23:26-07:00,85.0,84.69,283.6
2026-10-03 14:23:27-07:00,85.0,84.85,96.9
2026-10-03 14:23:28-07:00,85.0,84.81,96.9
2026-10-03 14:23:29-07:00,85.0,84.77,96.9
2026-10-03 14:23:30-07:00,85.0,84.72,-28.6
2026-10-03 14:23:31-07:00,85.0,84.66,-28.6
2026-10-03 14:23:32-07:00,85.0,84.59,-16.9
2026-10-03 14:23:33-07:00,85.0,84.52,-16.9
2026-10-03 14:23:34-07:00,85.0,84.45,17.0
2026-10-03 14:23:35-07:00,85.0,84.38,17.0
2026-10-03 14:23:36-07:00,85.0,84.31,320.6
2026-10-03 14:23:37-07:00,85.0,84.53,320.6
2026-10-03 14:23:38-07:00,85.0,84.74,278.0
2026-10-03 14:23:39-07:00,85.0,84.89,278.0
2026-10-03 14:23:40-07:00,85.0,85.04,319.1
2026-10-03 14:23:41-07:00,85.0,85.25,319.1
2026-10-03 14:23:42-07:00,85.0,85.47,299.7
2026-10-03 14:23:43-07:00,85.0,85.65,299.7
2026-10-03 14:23:44-07:00,85.0,85.83,284.8
2026-10-03 14:23:45-07:00,85.0,85.99,284.8
2026-10-03 14:23:46-07:00,85.0,86.15,-29.8
2026-10-03 14:23:47-07:00,85.0,86.09,-29.8
2026-10-03 14:23:48-07:00,90.0,86.02,-17.7
2026-10-03 14:23:49-07:00,90.0,85.95,-17.7
2026-10-03 14:23:50-07:00,90.0,85.88,-28.0
2026-10-03 14:23:51-07:00,90.0,85.81,-28.0
2026-10-03 14:23:52-07:00,90.0,85.74,298.1
2026-10-03 14:23:53-07:00,90.0,85.92,298.1
2026-10-03 14:23:54-07:00,90.0,86.1,278.4
2026-10-03 14:23:55-07:00,90.0,86.25,278.4
2026-10-03 14:23:56-07:00,90.0,86.4,282.9
2026-10-03 14:23:57-07:00,90.0,86.55,282.9
2026-10-03 14:23:58-07:00,90.0,86.71,254.5
2026-10-03 14:23:59-07:00,90.0,86.82,254.5
2026-10-03 14:24:00-07:00,90.0,86.93,-31.5
2026-10-03 14:24:01-07:00,90.0,86.87,-31.5
2026-10-03 14:24:02-07:00,90.0,86.8,-35.5
2026-10-03 14:24:03-07:00,90.0,86.73,-35.5
2026-10-03 14:24:04-07:00,90.0,86.66,-35.6
2026-10-03 14:24:05-07:00,90.0,86.6,-35.6
2026-10-03 14:24:06-07:00,90.0,86.53,46.2
2026-10-03 14:24:07-07:00,90.0,86.46,46.2
2026-10-03 14:24:08-07:00,90.0,86.39,292.5
2026-10-03 14:24:09-07:00,90.0,86.56,292.5
2026-10-03 14:24:10-07:00,90.0,86.73,278.4
2026-10-03 14:24:11-07:00,90.0,86.87,278.4
2026-10-03 14:24:12-07:00,90.0,87.02,300.5
2026-10-03 14:24:13-07:00,90.0,87.2,300.5
2026-10-03 14:24:14-07:00,90.0,87.38,302.4
2026-10-03 14:24:15-07:00,90.0,87.57,302.4
2026-10-03 14:24:16-07:00,90.0,87.75,130.2
2026-10-03 14:24:17-07:00,90.0,87.73,130.2
2026-10-03 14:24:18-07:00,90.0,87.71,-5.6
2026-10-03 14:24:19-07:00,90.0,87.64,-5.6
2026-10-03 14:24:20-07:00,90.0,87.57,-35.6
2026-10-03 14:24:21-07:00,90.0,87.5,-35.6
2026-10-03 14:24:22-07:00,90.0,87.43,-32.5
2026-10-03 14:24:23-07:00,90.0,87.36,-32.5
2026-10-03 14:24:24-07:00,90.0,87.29,203.9
2026-10-03 14:24:25-07:00,90.0,87.33,203.9
2026-10-03 14:24:26-07:00,90.0,87.38,298.6
2026-10-03 14:24:27-07:00,90.0,87.56,298.6
2026-10-03 14:24:28-07:00,90.0,87.73,287.9
2026-10-03 14:24:29-07:00,90.0,87.9,287.9
2026-10-03 14:24:30-07:00,90.0,88.06,262.3
2026-10-03 14:24:31-07:00,90.0,88.18,262.3
2026-10-03 14:24:32-07:00,90.0,88.3,-25.1
2026-10-03 14:24:33-07:00,90.0,88.23,-25.1
2026-10-03 14:24:34-07:00,90.0,88.16,-39.8
2026-10-03 14:24:35-07:00,90.0,88.1,-39.8
2026-10-03 14:24:36-07:00,90.0,88.03,-17.2
2026-10-03 14:24:37-07:00,90.0,87.96,-17.2
2026-10-03 14:24:38-07:00,90.0,87.88,-47.5
2026-10-03 14:24:39-07:00,90.0,87.81,-47.5
2026-10-03 14:24:40-07:00,90.0,87.74,276.7
2026-10-03 14:24:41-07:00,90.0,87.89,276.7
2026-10-03 14:24:42-07:00,90.0,88.03,316.4
2026-10-03 14:24:43-07:00,90.0,88.23,316.4
2026-10-03 14:24:44-07:00,90.0,88.44,316.4
2026-10-03 14:24:45-07:00,90.0,88.65,310.2
2026-10-03 14:24:46-07:00,90.0,88.85,310.2
2026-10-03 14:24:47-07:00,90.0,89.04,276.8
2026-10-03 14:24:48-07:00,90.0,89.19,276.8
2026-10-03 14:24:49-07:00,90.0,89.33,22.2
2026-10-03 14:24:50-07:00,90.0,89.26,22.2
2026-10-03 14:24:51-07:00,90.0,89.19,-23.9
2026-10-03 14:24:52-07:00,90.0,89.12,-23.9
2026-10-03 14:24:53-07:00,90.0,89.04,-34.4
2026-10-03 14:24:54-07:00,90.0,88.97,-34.4
2026-10-03 14:24:55-07:00,90.0,88.9,-41.2
2026-10-03 14:24:56-07:00,90.0,88.83,-41.2
2026-10-03 14:24:57-07:00,90.0,88.76,302.7
2026-10-03 14:24:58-07:00,90.0,88.94,302.7
2026-10-03 14:24:59-07:00,90.0,89.13,292.3
2026-10-03 14:25:00-07:00,90.0,89.29,292.3
2026-10-03 14:25:01-07:00,90.0,89.46,291.4
2026-10-03 14:25:02-07:00,90.0,89.62,291.4
2026-10-03 14:25:03-07:00,90.0,89.79,257.5
2026-10-03 14:25:04-07:00,90.0,89.9,257.5
2026-10-03 14:25:05-07:00,90.0,90.02,25.1
2026-10-03 14:25:06-07:00,90.0,89.94,25.1
2026-10-03 14:25:07-07:00,90.0,89.87,-28.1
2026-10-03 14:25:08-07:00,90.0,89.8,-28.1
2026-10-03 14:25:09-07:00,90.0,89.73,-41.4
2026-10-03 14:25:10-07:00,90.0,89.66,-41.4
2026-10-03 14:25:11-07:00,90.0,89.59,34.1
2026-10-03 14:25:12-07:00,90.0,89.52,34.1
2026-10-03 14:25:13-07:00,90.0,89.44,302.9
2026-10-03 14:25:14-07:00,90.0,89.62,302.9
2026-10-03 14:25:15-07:00,90.0,89.81,302.5
2026-10-03 14:25:16-07:00,90.0,89.99,302.5
2026-10-03 14:25:17-07:00,90.0,90.17,301.3
2026-10-03 14:25:18-07:00,90.0,90.35,301.3
2026-10-03 14:25:19-07:00,90.0,90.53,268.9
2026-10-03 14:25:20-07:00,90.0,90.66,268.9
2026-10-03 14:25:21-07:00,90.0,90.79,-17.8
2026-10-03 14:25:22-07:00,90.0,90.71,-17.8
2026-10-03 14:25:23-07:00,90.0,90.64,-26.9
2026-10-03 14:25:24-07:00,90.0,90.57,-26.9
2026-10-03 14:25:25-07:00,95.0,90.49,-24.3
2026-10-03 14:25:26-07:00,95.0,90.42,-24.3
2026-10-03 14:25:27-07:00,95.0,90.35,-23.1
2026-10-03 14:25:28-07:00,95.0,90.27,-23.1
2026-10-03 14:25:29-07:00,95.0,90.19,297.8
2026-10-03 14:25:30-07:00,95.0,90.37,297.8
2026-10-03 14:25:31-07:00,95.0,90.54,297.6
2026-10-03 14:25:32-07:00,95.0,90.72,297.6
2026-10-03 14:25:33-07:00,95.0,90.89,279.3
2026-10-03 14:25:34-07:00,95.0,91.03,279.3
2026-10-03 14:25:35-07:00,95.0,91.18,243.2
2026-10-03 14:25:36-07:00,95.0,91.27,243.2
2026-10-03 14:25:37-07:00,95.0,91.36,26.7
2026-10-03 14:25:38-07:00,95.0,91.29,26.7
2026-10-03 14:25:39-07:00,95.0,91.22,-36.0
2026-10-03 14:25:40-07:00,95.0,91.15,-36.0
2026-10-03 14:25:41-07:00,95.0,91.07,-34.0
2026-10-03 14:25:42-07:00,95.0,91.0,-34.0
2026-10-03 14:25:43-07:00,95.0,90.93,301.4
2026-10-03 14:25:44-07:00,95.0,91.1,301.4
2026-10-03 14:25:45-07:00,95.0,91.28,324.9
2026-10-03 14:25:46-07:00,95.0,91.5,324.9
2026-10-03 14:25:47-07:00,95.0,91.72,308.5
2026-10-03 14:25:48-07:00,95.0,91.91,308.5
2026-10-03 14:25:49-07:00,95.0,92.1,271.8
2026-10-03 14:25:50-07:00,95.0,92.23,271.8
2026-10-03 14:25:51-07:00,95.0,92.36,264.9
2026-10-03 14:25:52-07:00,95.0,92.49,264.9
2026-10-03 14:25:53-07:00,95.0,92.61,43.1
2026-10-03 14:25:54-07:00,95.0,92.54,43.1
2026-10-03 14:25:55-07:00,95.0,92.47,23.0
2026-10-03 14:25:56-07:00,95.0,92.39,23.0
2026-10-03 14:25:57-07:00,95.0,92.32,-20.3
2026-10-03 14:25:58-07:00,95.0,92.24,-20.3
2026-10-03 14:25:59-07:00,95.0,92.16,287.3
2026-10-03 14:26:00-07:00,95.0,92.32,287.3
2026-10-03 14:26:01-07:00,95.0,92.47,295.6
2026-10-03 14:26:02-07:00,95.0,92.64,295.6
2026-10-03 14:26:03-07:00,95.0,92.81,272.2
2026-10-03 14:26:04-07:00,95.0,92.94,272.2
2026-10-03 14:26:05-07:00,95.0,93.07,255.3
2026-10-03 14:26:06-07:00,95.0,93.18,255.3
2026-10-03 14:26:07-07:00,95.0,93.28,-29.7
2026-10-03 14:26:08-07:00,95.0,93.21,-29.7
2026-10-03 14:26:09-07:00,95.0,93.13,-21.4
2026-10-03 14:26:10-07:00,95.0,93.06,-21.4
2026-10-03 14:26:11-07:00,95.0,92.98,180.1
2026-10-03 14:26:12-07:00,95.0,92.99,180.1
2026-10-03 14:26:13-07:00,95.0,93.0,180.1
2026-10-03 14:26:14-07:00,95.0,93.01,207.1
2026-10-03 14:26:15-07:00,95.0,93.05,207.1
2026-10-03 14:26:16-07:00,95.0,93.1,302.3
2026-10-03 14:26:17-07:00,95.0,93.27,302.3
2026-10-03 14:26:18-07:00,95.0,93.45,300.7
2026-10-03 14:26:19-07:00,95.0,93.63,300.7
2026-10-03 14:26:20-07:00,95.0,93.8,259.0
2026-10-03 14:26:21-07:00,95.0,93.91,259.0
2026-10-03 14:26:22-07:00,95.0,94.02,-37.1
2026-10-03 14:26:23-07:00,95.0,93.95,-37.1
2026-10-03 14:26:24-07:00,95.0,93.87,-30.6
2026-10-03 14:26:25-07:00,95.0,93.8,-30.6
2026-10-03 14:26:26-07:00,95.0,93.72,-26.1
2026-10-03 14:26:27-07:00,95.0,93.64,-26.1
2026-10-03 14:26:28-07:00,95.0,93.57,-37.7
2026-10-03 14:26:29-07:00,95.0,93.49,-37.7
2026-10-03 14:26:30-07:00,95.0,93.41,311.4
2026-10-03 14:26:31-07:00,95.0,93.61,311.4
2026-10-03 14:26:32-07:00,95.0,93.8,279.3
2026-10-03 14:26:33-07:00,95.0,93.94,279.3
2026-10-03 14:26:34-07:00,95.0,94.08,269.5
2026-10-03 14:26:35-07:00,95.0,94.2,269.5
2026-10-03 14:26:36-07:00,95.0,94.33,247.2
2026-10-03 14:26:37-07:00,95.0,94.42,247.2
2026-10-03 14:26:38-07:00,95.0,94.52,247.6
2026-10-03 14:26:39-07:00,95.0,94.61,247.6
2026-10-03 14:26:40-07:00,95.0,94.71,-40.5
2026-10-03 14:26:41-07:00,95.0,94.63,-40.5
2026-10-03 14:26:42-07:00,95.0,94.56,-34.5
2026-10-03 14:26:43-07:00,95.0,94.48,-34.5
2026-10-03 14:26:44-07:00,95.0,94.4,163.8
2026-10-03 14:26:45-07:00,95.0,94.4,163.8
2026-10-03 14:26:46-07:00,95.0,94.39,292.0
2026-10-03 14:26:47-07:00,95.0,94.55,292.0
2026-10-03 14:26:48-07:00,95.0,94.71,305.2
2026-10-03 14:26:49-07:00,95.0,94.89,305.2
2026-10-03 14:26:50-07:00,95.0,95.07,279.0
2026-10-03 14:26:51-07:00,95.0,95.21,279.0
2026-10-03 14:26:52-07:00,95.0,95.35,240.9
2026-10-03 14:26:53-07:00,95.0,95.43,240.9
2026-10-03 14:26:54-07:00,95.0,95.51,-28.8
2026-10-03 14:26:55-07:00,95.0,95.44,-28.8
2026-10-03 14:26:56-07:00,95.0,95.36,-31.1
2026-10-03 14:26:57-07:00,95.0,95.28,-31.1
2026-10-03 14:26:58-07:00,100.0,95.2,-33.8
2026-10-03 14:26:59-07:00,100.0,95.13,-33.8
2026-10-03 14:27:00-07:00,100.0,95.05,282.9
2026-10-03 14:27:01-07:00,100.0,95.19,282.9
2026-10-03 14:27:02-07:00,100.0,95.33,288.3
2026-10-03 14:27:03-07:00,100.0,95.49,288.3
2026-10-03 14:27:04-07:00,100.0,95.64,260.0
2026-10-03 14:27:05-07:00,100.0,95.75,260.0
2026-10-03 14:27:06-07:00,100.0,95.86,254.3
2026-10-03 14:27:07-07:00,100.0,95.96,254.3
2026-10-03 14:27:08-07:00,100.0,96.06,-37.7
2026-10-03 14:27:09-07:00,100.0,95.99,-37.7
2026-10-03 14:27:10-07:00,100.0,95.91,-25.4
2026-10-03 14:27:11-07:00,100.0,95.83,-25.4
2026-10-03 14:27:12-07:00,100.0,95.75,-41.0
2026-10-03 14:27:13-07:00,100.0,95.67,-41.0
2026-10-03 14:27:14-07:00,100.0,95.6,280.2
2026-10-03 14:27:15-07:00,100.0,95.73,280.2
2026-10-03 14:27:16-07:00,100.0,95.87,292.1
2026-10-03 14:27:17-07:00,100.0,96.03,292.1
2026-10-03 14:27:18-07:00,100.0,96.18,295.6
2026-10-03 14:27:19-07:00,100.0,96.35,295.6
2026-10-03 14:27:20-07:00,100.0,96.51,251.2
2026-10-03 14:27:21-07:00,100.0,96.61,251.2
2026-10-03 14:27:22-07:00,100.0,96.7,249.3
2026-10-03 14:27:23-07:00,100.0,96.8,249.3
2026-10-03 14:27:24-07:00,100.0,96.89,-27.8
2026-10-03 14:27:25-07:00,100.0,96.81,-27.8
2026-10-03 14:27:26-07:00,100.0,96.73,-18.1
2026-10-03 14:27:27-07:00,100.0,96.65,-18.1
2026-10-03 14:27:28-07:00,100.0,96.57,130.5
2026-10-03 14:27:29-07:00,100.0,96.53,130.5
2026-10-03 14:27:30-07:00,100.0,96.5,130.5
2026-10-03 14:27:31-07:00,100.0,96.46,292.2
2026-10-03 14:27:32-07:00,100.0,96.62,292.2
2026-10-03 14:27:33-07:00,100.0,96.77,290.2
2026-10-03 14:27:34-07:00,100.0,96.93,290.2
2026-10-03 14:27:35-07:00,100.0,97.08,261.2
2026-10-03 14:27:36-07:00,100.0,97.19,261.2
2026-10-03 14:27:37-07:00,100.0,97.3,247.4
2026-10-03 14:27:38-07:00,100.0,97.39,247.4
2026-10-03 14:27:39-07:00,100.0,97.48,-25.1
2026-10-03 14:27:40-07:00,100.0,97.4,-25.1
2026-10-03 14:27:41-07:00,100.0,97.32,-35.0
2026-10-03 14:27:42-07:00,100.0,97.24,-35.0
2026-10-03 14:27:43-07:00,100.0,97.16,240.6
2026-10-03 14:27:44-07:00,100.0,97.24,240.6
2026-10-03 14:27:45-07:00,100.0,97.32,289.4
2026-10-03 14:27:46-07:00,100.0,97.47,289.4
2026-10-03 14:27:47-07:00,100.0,97.62,282.1
2026-10-03 14:27:48-07:00,100.0,97.76,282.1
2026-10-03 14:27:49-07:00,100.0,97.9,269.4
2026-10-03 14:27:50-07:00,100.0,98.02,269.4
2026-10-03 14:27:51-07:00,100.0,98.14,254.3
2026-10-03 14:27:52-07:00,100.0,98.24,254.3
2026-10-03 14:27:53-07:00,100.0,98.34,-23.9
2026-10-03 14:27:54-07:00,100.0,98.26,-23.9
2026-10-03 14:27:55-07:00,100.0,98.17,-26.1
2026-10-03 14:27:56-07:00,100.0,98.09,-26.1
2026-10-03 14:27:57-07:00,100.0,98.01,-32.0
2026-10-03 14:27:58-07:00,100.0,97.93,-32.0
2026-10-03 14:27:59-07:00,100.0,97.85,283.8
2026-10-03 14:28:00-07:00,100.0,97.99,283.8
2026-10-03 14:28:01-07:00,100.0,98.13,289.7
2026-10-03 14:28:02-07:00,100.0,98.28,289.7
2026-10-03 14:28:03-07:00,100.0,98.43,278.4
2026-10-03 14:28:04-07:00,100.0,98.57,278.4
2026-10-03 14:28:05-07:00,100.0,98.7,257.3
2026-10-03 14:28:06-07:00,100.0,98.8,257.3
2026-10-03 14:28:07-07:00,100.0,98.91,29.9
2026-10-03 14:28:08-07:00,100.0,98.83,29.9
2026-10-03 14:28:09-07:00,100.0,98.74,-3.9
2026-10-03 14:28:10-07:00,100.0,98.66,-3.9
2026-10-03 14:28:11-07:00,100.0,98.58,50.2
2026-10-03 14:28:12-07:00,100.0,98.5,50.2
2026-10-03 14:28:13-07:00,100.0,98.42,218.2
2026-10-03 14:28:14-07:00,100.0,98.47,218.2
2026-10-03 14:28:15-07:00,100.0,98.51,288.5
2026-10-03 14:28:16-07:00,100.0,98.66,288.5
2026-10-03 14:28:17-07:00,100.0,98.81,288.4
2026-10-03 14:28:18-07:00,100.0,98.96,288.4
2026-10-03 14:28:19-07:00,100.0,99.11,260.8
2026-10-03 14:28:20-07:00,100.0,99.22,260.8
2026-10-03 14:28:21-07:00,100.0,99.32,238.0
2026-10-03 14:28:22-07:00,100.0,99.4,238.0
2026-10-03 14:28:23-07:00,100.0,99.47,-37.2
2026-10-03 14:28:24-07:00,100.0,99.39,-37.2
2026-10-03 14:28:25-07:00,100.0,99.31,-38.8
2026-10-03 14:28:26-07:00,100.0,99.23,-38.8
2026-10-03 14:28:27-07:00,100.0,99.15,99.0
2026-10-03 14:28:28-07:00,100.0,99.09,99.0
2026-10-03 14:28:29-07:00,100.0,99.03,290.0
2026-10-03 14:28:30-07:00,100.0,99.18,290.0
2026-10-03 14:28:31-07:00,100.0,99.33,264.2
2026-10-03 14:28:32-07:00,100.0,99.44,264.2
2026-10-03 14:28:33-07:00,100.0,99.55,260.0
2026-10-03 14:28:34-07:00,100.0,99.66,260.0
2026-10-03 14:28:35-07:00,100.0,99.76,262.6
2026-10-03 14:28:36-07:00,100.0,99.87,262.6
2026-10-03 14:28:37-07:00,100.0,99.98,-34.5
2026-10-03 14:28:38-07:00,100.0,99.9,-34.5
2026-10-03 14:28:39-07:00,100.0,99.82,33.1
2026-10-03 14:28:40-07:00,100.0,99.74,33.1
2026-10-03 14:28:41-07:00,100.0,99.65,33.1
2026-10-03 14:28:42-07:00,100.0,99.57,292.2
2026-10-03 14:28:43-07:00,100.0,99.72,292.2
2026-10-03 14:28:44-07:00,100.0,99.88,284.0
2026-10-03 14:28:45-07:00,100.0,100.02,284.0
2026-10-03 14:28:46-07:00,100.0,100.15,272.5
2026-10-03 14:28:47-07:00,100.0,100.28,272.5
2026-10-03 14:28:48-07:00,100.0,100.4,244.3
2026-10-03 14:28:49-07:00,100.0,100.48,244.3
2026-10-03 14:28:50-07:00,100.0,100.56,241.1
2026-10-03 14:28:51-07:00,100.0,100.64,241.1
2026-10-03 14:28:52-07:00,100.0,100.72,-30.8
2026-10-03 14:28:53-07:00,100.0,100.64,-30.8
2026-10-03 14:28:54-07:00,100.0,100.55,46.6
2026-10-03 14:28:55-07:00,100.0,100.47,46.6
2026-10-03 14:28:56-07:00,100.0,100.39,297.2
2026-10-03 14:28:57-07:00,100.0,100.55,297.2
2026-10-03 14:28:58-07:00,100.0,100.71,305.3
2026-10-03 14:28:59-07:00,100.0,100.89,305.3
2026-10-03 14:29:00-07:00,100.0,101.06,270.4
2026-10-03 14:29:01-07:00,100.0,101.18,270.4
2026-10-03 14:29:02-07:00,100.0,101.3,241.8
2026-10-03 14:29:03-07:00,100.0,101.38,241.8
2026-10-03 14:29:04-07:00,105.0,101.46,230.7
2026-10-03 14:29:05-07:00,105.0,101.52,230.7
2026-10-03 14:29:06-07:00,105.0,101.58,9.3
2026-10-03 14:29:07-07:00,105.0,101.5,9.3
2026-10-03 14:29:08-07:00,105.0,101.41,14.2
2026-10-03 14:29:09-07:00,105.0,101.32,14.2
2026-10-03 14:29:10-07:00,105.0,101.23,288.2
2026-10-03 14:29:11-07:00,105.0,101.38,288.2
2026-10-03 14:29:12-07:00,105.0,101.52,292.0
2026-10-03 14:29:13-07:00,105.0,101.67,292.0
2026-10-03 14:29:14-07:00,105.0,101.82,306.7
2026-10-03 14:29:15-07:00,105.0,102.0,306.7
2026-10-03 14:29:16-07:00,105.0,102.17,252.6
2026-10-03 14:29:17-07:00,105.0,102.26,252.6
2026-10-03 14:29:18-07:00,105.0,102.35,251.5
2026-10-03 14:29:19-07:00,105.0,102.44,251.5
2026-10-03 14:29:20-07:00,105.0,102.53,-37.4
2026-10-03 14:29:21-07:00,105.0,102.45,-37.4
2026-10-03 14:29:22-07:00,105.0,102.36,-21.2
2026-10-03 14:29:23-07:00,105.0,102.28,-21.2
2026-10-03 14:29:24-07:00,105.0,102.19,47.7
2026-10-03 14:29:25-07:00,105.0,102.1,47.7
2026-10-03 14:29:26-07:00,105.0,102.02,275.5
2026-10-03 14:29:27-07:00,105.0,102.14,275.5
2026-10-03 14:29:28-07:00,105.0,102.27,298.2
2026-10-03 14:29:29-07:00,105.0,102.43,298.2
2026-10-03 14:29:30-07:00,105.0,102.59,271.0
2026-10-03 14:29:31-07:00,105.0,102.7,271.0
2026-10-03 14:29:32-07:00,105.0,102.82,252.9
2026-10-03 14:29:33-07:00,105.0,102.91,252.9
2026-10-03 14:29:34-07:00,105.0,103.0,28.7
2026-10-03 14:29:35-07:00,105.0,102.92,28.7
2026-10-03 14:29:36-07:00,105.0,102.83,1.0
2026-10-03 14:29:37-07:00,105.0,102.74,1.0
2026-10-03 14:29:38-07:00,105.0,102.65,90.3
2026-10-03 14:29:39-07:00,105.0,102.58,90.3
2026-10-03 14:29:40-07:00,105.0,102.52,288.8
2026-10-03 14:29:41-07:00,105.0,102.66,288.8
2026-10-03 14:29:42-07:00,105.0,102.8,300.1
2026-10-03 14:29:43-07:00,105.0,102.96,300.1
2026-10-03 14:29:44-07:00,105.0,103.13,275.4
2026-10-03 14:29:45-07:00,105.0,103.25,275.4
2026-10-03 14:29:46-07:00,105.0,103.37,257.0
2026-10-03 14:29:47-07:00,105.0,103.47,257.0
2026-10-03 14:29:48-07:00,105.0,103.57,-33.9
2026-10-03 14:29:49-07:00,105.0,103.48,-33.9
2026-10-03 14:29:50-07:00,105.0,103.39,-32.7
2026-10-03 14:29:51-07:00,105.0,103.31,-32.7
2026-10-03 14:29:52-07:00,105.0,103.22,-31.2
2026-10-03 14:29:53-07:00,105.0,103.13,-31.2
2026-10-03 14:29:54-07:00,105.0,103.04,311.6
2026-10-03 14:29:55-07:00,105.0,103.22,311.6
2026-10-03 14:29:56-07:00,105.0,103.41,311.6
2026-10-03 14:29:57-07:00,105.0,103.59,293.2
2026-10-03 14:29:58-07:00,105.0,103.74,293.2
2026-10-03 14:29:59-07:00,105.0,103.89,268.9
2026-10-03 14:30:00-07:00,105.0,104.0,268.9
2026-10-03 14:30:01-07:00,105.0,104.11,261.8
2026-10-03 14:30:02-07:00,105.0,104.22,261.8
2026-10-03 14:30:03-07:00,105.0,104.32,29.9
2026-10-03 14:30:04-07:00,105.0,104.23,29.9
2026-10-03 14:30:05-07:00,105.0,104.15,-29.4
2026-10-03 14:30:06-07:00,105.0,104.06,-29.4
2026-10-03 14:30:07-07:00,105.0,103.97,179.5
2026-10-03 14:30:08-07:00,105.0,103.97,179.5
2026-10-03 14:30:09-07:00,105.0,103.96,283.3
2026-10-03 14:30:10-07:00,105.0,104.1,283.3
2026-10-03 14:30:11-07:00,105.0,104.23,291.3
2026-10-03 14:30:12-07:00,105.0,104.38,291.3
2026-10-03 14:30:13-07:00,105.0,104.52,258.9
2026-10-03 14:30:14-07:00,105.0,104.62,258.9
2026-10-03 14:30:15-07:00,105.0,104.72,248.4
2026-10-03 14:30:16-07:00,105.0,104.8,248.4
2026-10-03 14:30:17-07:00,105.0,104.88,55.8
2026-10-03 14:30:18-07:00,105.0,104.8,55.8
2026-10-03 14:30:19-07:00,105.0,104.72,179.9
2026-10-03 14:30:20-07:00,105.0,104.72,179.9
2026-10-03 14:30:21-07:00,105.0,104.72,-30.1
2026-10-03 14:30:22-07:00,105.0,104.63,-30.1
2026-10-03 14:30:23-07:00,105.0,104.54,301.8
2026-10-03 14:30:24-07:00,105.0,104.71,301.8
2026-10-03 14:30:25-07:00,105.0,104.87,275.4
2026-10-03 14:30:26-07:00,105.0,104.99,275.4
2026-10-03 14:30:27-07:00,105.0,105.11,247.9
2026-10-03 14:30:28-07:00,105.0,105.19,247.9
2026-10-03 14:30:29-07:00,105.0,105.27,238.4
2026-10-03 14:30:30-07:00,105.0,105.34,238.4
2026-10-03 14:30:31-07:00,105.0,105.41,239.9
2026-10-03 14:30:32-07:00,105.0,105.48,239.9
2026-10-03 14:30:33-07:00,105.0,105.55,-30.5
2026-10-03 14:30:34-07:00,105.0,105.46,-30.5
2026-10-03 14:30:35-07:00,105.0,105.37,-30.7
2026-10-03 14:30:36-07:00,105.0,105.28,-30.7
2026-10-03 14:30:37-07:00,105.0,105.19,297.7
2026-10-03 14:30:38-07:00,105.0,105.34,297.7
2026-10-03 14:30:39-07:00,105.0,105.5,286.4
2026-10-03 14:30:40-07:00,105.0,105.63,286.4
2026-10-03 14:30:41-07:00,105.0,105.77,280.5
2026-10-03 14:30:42-07:00,105.0,105.9,280.5
2026-10-03 14:30:43-07:00,105.0,106.02,261.2
2026-10-03 14:30:44-07:00,105.0,106.12,261.2
2026-10-03 14:30:45-07:00,105.0,106.22,-28.2
2026-10-03 14:30:46-07:00,105.0,106.13,-28.2
2026-10-03 14:30:47-07:00,105.0,106.04,-27.5
2026-10-03 14:30:48-07:00,105.0,105.95,-27.5
2026-10-03 14:30:49-07:00,105.0,105.86,-30.0
2026-10-03 14:30:50-07:00,105.0,105.76,-30.0
2026-10-03 14:30:51-07:00,105.0,105.67,301.8
2026-10-03 14:30:52-07:00,105.0,105.83,301.8
2026-10-03 14:30:53-07:00,105.0,105.99,282.4
2026-10-03 14:30:54-07:00,105.0,106.12,282.4
2026-10-03 14:30:55-07:00,105.0,106.25,298.3
2026-10-03 14:30:56-07:00,105.0,106.41,298.3
2026-10-03 14:30:57-07:00,105.0,106.56,252.6
2026-10-03 14:30:58-07:00,105.0,106.65,252.6
2026-10-03 14:30:59-07:00,105.0,106.73,243.3
2026-10-03 14:31:00-07:00,105.0,106.81,243.3
2026-10-03 14:31:01-07:00,105.0,106.88,243.3
2026-10-03 14:31:02-07:00,105.0,106.95,-29.7
2026-10-03 14:31:03-07:00,105.0,106.86,-29.7
2026-10-03 14:31:04-07:00,105.0,106.77,-43.9
2026-10-03 14:31:05-07:00,105.0,106.68,-43.9
2026-10-03 14:31:06-07:00,105.0,106.59,283.1
2026-10-03 14:31:07-07:00,105.0,106.72,283.1
2026-10-03 14:31:08-07:00,105.0,106.85,292.9
2026-10-03 14:31:09-07:00,105.0,106.99,292.9
2026-10-03 14:31:10-07:00,105.0,107.14,284.9
2026-10-03 14:31:11-07:00,105.0,107.27,284.9
2026-10-03 14:31:12-07:00,105.0,107.4,260.1
2026-10-03 14:31:13-07:00,105.0,107.5,260.1
2026-10-03 14:31:14-07:00,110.0,107.59,-28.6
2026-10-03 14:31:15-07:00,110.0,107.5,-28.6
2026-10-03 14:31:16-07:00,110.0,107.4,-33.6
2026-10-03 14:31:17-07:00,110.0,107.31,-33.6
2026-10-03 14:31:18-07:00,110.0,107.22,-21.7
2026-10-03 14:31:19-07:00,110.0,107.12,-21.7
2026-10-03 14:31:20-07:00,110.0,107.01,-38.0
2026-10-03 14:31:21-07:00,110.0,106.91,-38.0
2026-10-03 14:31:22-07:00,110.0,106.81,0.0
2026-10-03 14:31:23-07:00,110.0,106.7,0.0
2026-10-03 14:31:24-07:00,110.0,106.59,0.0
2026-10-03 14:31:25-07:00,110.0,106.48,0.0
2026-10-03 14:31:26-07:00,110.0,106.38,0.0
2026-10-03 14:31:27-07:00,110.0,106.27,0.0
2026-10-03 14:31:28-07:00,110.0,106.16,0.0
2026-10-03 14:31:29-07:00,110.0,106.05,0.0
2026-10-03 14:31:30-07:00,110.0,105.95,0.0
2026-10-03 14:31:31-07:00,110.0,105.84,0.0
2026-10-03 14:31:32-07:00,110.0,105.73,0.0
2026-10-03 14:31:33-07:00,110.0,105.62,0.0
2026-10-03 14:31:34-07:00,110.0,105.52,0.0
2026-10-03 14:31:35-07:00,110.0,105.41,0.0
2026-10-03 14:31:36-07:00,110.0,105.3,0.0
2026-10-03 14:31:37-07:00,110.0,105.2,0.0
2026-10-03 14:31:38-07:00,110.0,105.09,0.0
2026-10-03 14:31:39-07:00,110.0,104.99,0.0
2026-10-03 14:31:40-07:00,110.0,104.88,0.0
2026-10-03 14:31:41-07:00,110.0,104.77,0.0
2026-10-03 14:31:42-07:00,110.0,104.67,0.0
2026-10-03 14:31:43-07:00,110.0,104.56,0.0
2026-10-03 14:31:44-07:00,110.0,104.46,0.0
2026-10-03 14:31:45-07:00,110.0,104.35,0.0
2026-10-03 14:31:46-07:00,110.0,104.25,0.0
2026-10-03 14:31:47-07:00,110.0,104.14,0.0
2026-10-03 14:31:48-07:00,110.0,104.04,0.0
2026-10-03 14:31:49-07:00,110.0,103.93,0.0
2026-10-03 14:31:50-07:00,110.0,103.83,0.0
2026-10-03 14:31:51-07:00,110.0,103.72,0.0
2026-10-03 14:31:52-07:00,110.0,103.62,0.0
2026-10-03 14:31:53-07:00,110.0,103.51,0.0
2026-10-03 14:31:54-07:00,110.0,103.41,0.0
2026-10-03 14:31:55-07:00,110.0,103.31,0.0
2026-10-03 14:31:56-07:00,110.0,103.2,0.0
2026-10-03 14:31:57-07:00,110.0,103.1,0.0
2026-10-03 14:31:58-07:00,105.0,102.99,0.0
2026-10-03 14:31:59-07:00,105.0,102.89,0.0
2026-10-03 14:32:00-07:00,110.0,102.79,68.5
2026-10-03 14:32:01-07:00,110.0,102.7,68.5
2026-10-03 14:32:02-07:00,110.0,102.61,325.2
2026-10-03 14:32:03-07:00,110.0,102.81,325.2
2026-10-03 14:32:04-07:00,110.0,103.0,287.4
2026-10-03 14:32:05-07:00,105.0,103.14,287.4
2026-10-03 14:32:06-07:00,105.0,103.27,287.4
2026-10-03 14:32:07-07:00,110.0,103.4,218.7
2026-10-03 14:32:08-07:00,110.0,103.44,218.7
2026-10-03 14:32:09-07:00,110.0,103.48,211.9
2026-10-03 14:32:10-07:00,110.0,103.51,211.9
2026-10-03 14:32:11-07:00,110.0,103.54,292.4
2026-10-03 14:32:12-07:00,110.0,103.69,292.4
2026-10-03 14:32:13-07:00,110.0,103.83,281.2
2026-10-03 14:32:14-07:00,110.0,103.96,281.2
2026-10-03 14:32:15-07:00,110.0,104.09,115.6
2026-10-03 14:32:16-07:00,110.0,104.03,115.6
2026-10-03 14:32:17-07:00,110.0,103.97,149.2
2026-10-03 14:32:18-07:00,110.0,103.94,149.2
2026-10-03 14:32:19-07:00,105.0,103.91,175.6
2026-10-03 14:32:20-07:00,105.0,103.91,175.6
2026-10-03 14:32:21-07:00,105.0,103.9,130.9
2026-10-03 14:32:22-07:00,105.0,103.85,130.9
2026-10-03 14:32:23-07:00,105.0,103.81,70.6
2026-10-03 14:32:24-07:00,105.0,103.73,70.6
2026-10-03 14:32:25-07:00,105.0,103.65,56.7
2026-10-03 14:32:26-07:00,105.0,103.57,56.7
2026-10-03 14:32:27-07:00,105.0,103.48,206.1
2026-10-03 14:32:28-07:00,105.0,103.51,206.1
2026-10-03 14:32:29-07:00,105.0,103.53,261.0
2026-10-03 14:32:30-07:00,105.0,103.63,261.0
2026-10-03 14:32:31-07:00,105.0,103.73,257.7
2026-10-03 14:32:32-07:00,105.0,103.82,257.7
2026-10-03 14:32:33-07:00,105.0,103.91,196.2
2026-10-03 14:32:34-07:00,105.0,103.93,196.2
2026-10-03 14:32:35-07:00,105.0,103.94,63.0
2026-10-03 14:32:36-07:00,105.0,103.86,63.0
2026-10-03 14:32:37-07:00,105.0,103.78,48.1
2026-10-03 14:32:38-07:00,105.0,103.7,48.1
2026-10-03 14:32:39-07:00,105.0,103.61,67.8
2026-10-03 14:32:40-07:00,105.0,103.53,67.8
2026-10-03 14:32:41-07:00,105.0,103.45,7.1
2026-10-03 14:32:42-07:00,105.0,103.36,7.1
2026-10-03 14:32:43-07:00,105.0,103.26,-14.2
2026-10-03 14:32:44-07:00,105.0,103.17,-14.2
2026-10-03 14:32:45-07:00,105.0,103.08,75.0
2026-10-03 14:32:46-07:00,105.0,103.0,75.0
2026-10-03 14:32:47-07:00,105.0,102.92,142.7
2026-10-03 14:32:48-07:00,105.0,102.89,142.7
2026-10-03 14:32:49-07:00,105.0,102.85,212.2
2026-10-03 14:32:50-07:00,105.0,102.89,212.2
2026-10-03 14:32:51-07:00,105.0,102.92,226.5
2026-10-03 14:32:52-07:00,105.0,102.97,226.5
2026-10-03 14:32:53-07:00,105.0,103.02,118.2
2026-10-03 14:32:54-07:00,105.0,102.97,118.2
2026-10-03 14:32:55-07:00,105.0,102.92,157.9
2026-10-03 14:32:56-07:00,105.0,102.9,157.9
2026-10-03 14:32:57-07:00,105.0,102.87,89.4
2026-10-03 14:32:58-07:00,105.0,102.81,89.4
2026-10-03 14:32:59-07:00,105.0,102.74,42.2
2026-10-03 14:33:00-07:00,105.0,102.65,42.2
2026-10-03 14:33:01-07:00,105.0,102.56,111.7
2026-10-03 14:33:02-07:00,105.0,102.5,111.7
2026-10-03 14:33:03-07:00,100.0,102.45,253.7
2026-10-03 14:33:04-07:00,100.0,102.53,253.7
2026-10-03 14:33:05-07:00,100.0,102.62,213.4
2026-10-03 14:33:06-07:00,100.0,102.66,213.4
2026-10-03 14:33:07-07:00,100.0,102.69,212.6
2026-10-03 14:33:08-07:00,100.0,102.73,212.6
2026-10-03 14:33:09-07:00,100.0,102.76,157.7
2026-10-03 14:33:10-07:00,100.0,102.74,157.7
2026-10-03 14:33:11-07:00,100.0,102.72,87.1
2026-10-03 14:33:12-07:00,100.0,102.65,87.1
2026-10-03 14:33:13-07:00,100.0,102.58,109.6
2026-10-03 14:33:14-07:00,100.0,102.52,109.6
2026-10-03 14:33:15-07:00,100.0,102.47,31.1
2026-10-03 14:33:16-07:00,100.0,102.38,31.1
2026-10-03 14:33:17-07:00,100.0,102.29,-24.5
2026-10-03 14:33:18-07:00,100.0,102.2,-24.5
2026-10-03 14:33:19-07:00,100.0,102.11,103.7
2026-10-03 14:33:20-07:00,100.0,102.05,103.7
2026-10-03 14:33:21-07:00,100.0,101.99,216.9
2026-10-03 14:33:22-07:00,100.0,102.03,216.9
2026-10-03 14:33:23-07:00,100.0,102.07,180.9
2026-10-03 14:33:24-07:00,100.0,102.07,180.9
2026-10-03 14:33:25-07:00,100.0,102.07,180.9
2026-10-03 14:33:26-07:00,100.0,102.07,135.5
2026-10-03 14:33:27-07:00,100.0,102.03,135.5
2026-10-03 14:33:28-07:00,100.0,101.99,131.6
2026-10-03 14:33:29-07:00,100.0,101.95,131.6
2026-10-03 14:33:30-07:00,100.0,101.91,89.7
2026-10-03 14:33:31-07:00,100.0,101.84,89.7
2026-10-03 14:33:32-07:00,100.0,101.77,123.6
2026-10-03 14:33:33-07:00,100.0,101.72,123.6
2026-10-03 14:33:34-07:00,100.0,101.68,85.3
2026-10-03 14:33:35-07:00,100.0,101.6,85.3
2026-10-03 14:33:36-07:00,100.0,101.53,106.8
2026-10-03 14:33:37-07:00,100.0,101.47,106.8
2026-10-03 14:33:38-07:00,100.0,101.42,193.9
2026-10-03 14:33:39-07:00,100.0,101.43,193.9
2026-10-03 14:33:40-07:00,100.0,101.44,253.3
2026-10-03 14:33:41-07:00,100.0,101.53,253.3
2026-10-03 14:33:42-07:00,100.0,101.62,216.8
2026-10-03 14:33:43-07:00,100.0,101.66,216.8
2026-10-03 14:33:44-07:00,100.0,101.7,153.1
2026-10-03 14:33:45-07:00,100.0,101.68,153.1
2026-10-03 14:33:46-07:00,100.0,101.65,67.0
2026-10-03 14:33:47-07:00,100.0,101.58,67.0
2026-10-03 14:33:48-07:00,100.0,101.5,101.5
2026-10-03 14:33:49-07:00,100.0,101.44,101.5
2026-10-03 14:33:50-07:00,100.0,101.38,69.8
2026-10-03 14:33:51-07:00,100.0,101.3,69.8
2026-10-03 14:33:52-07:00,100.0,101.22,36.3
2026-10-03 14:33:53-07:00,100.0,101.14,36.3
2026-10-03 14:33:54-07:00,100.0,101.05,30.4
2026-10-03 14:33:55-07:00,100.0,100.96,30.4
2026-10-03 14:33:56-07:00,100.0,100.87,120.9
2026-10-03 14:33:57-07:00,100.0,100.83,120.9
2026-10-03 14:33:58-07:00,100.0,100.78,158.8
2026-10-03 14:33:59-07:00,100.0,100.76,158.8
2026-10-03 14:34:00-07:00,100.0,100.74,200.9
2026-10-03 14:34:01-07:00,100.0,100.76,200.9
2026-10-03 14:34:02-07:00,100.0,100.78,200.9
2026-10-03 14:34:03-07:00,100.0,100.81,200.9
2026-10-03 14:34:04-07:00,100.0,100.83,123.3
2026-10-03 14:34:05-07:00,100.0,100.79,123.3
2026-10-03 14:34:06-07:00,100.0,100.74,117.8
2026-10-03 14:34:07-07:00,100.0,100.69,117.8
2026-10-03 14:34:08-07:00,95.0,100.64,119.2
2026-10-03 14:34:09-07:00,95.0,100.59,119.2
2026-10-03 14:34:10-07:00,95.0,100.54,83.7
2026-10-03 14:34:11-07:00,95.0,100.47,83.7
2026-10-03 14:34:12-07:00,95.0,100.4,101.0
2026-10-03 14:34:13-07:00,95.0,100.34,101.0
2026-10-03 14:34:14-07:00,95.0,100.28,170.8
2026-10-03 14:34:15-07:00,95.0,100.27,170.8
2026-10-03 14:34:16-07:00,95.0,100.26,214.9
2026-10-03 14:34:17-07:00,95.0,100.3,214.9
2026-10-03 14:34:18-07:00,95.0,100.34,181.6
2026-10-03 14:34:19-07:00,95.0,100.35,181.6
2026-10-03 14:34:20-07:00,95.0,100.35,178.1
2026-10-03 14:34:21-07:00,95.0,100.35,178.1
2026-10-03 14:34:22-07:00,95.0,100.35,104.0
2026-10-03 14:34:23-07:00,95.0,100.29,104.0
2026-10-03 14:34:24-07:00,95.0,100.24,111.6
2026-10-03 14:34:25-07:00,95.0,100.18,111.6
2026-10-03 14:34:26-07:00,95.0,100.13,93.4
2026-10-03 14:34:27-07:00,95.0,100.07,93.4
2026-10-03 14:34:28-07:00,95.0,100.0,51.6
2026-10-03 14:34:29-07:00,95.0,99.92,51.6
2026-10-03 14:34:30-07:00,95.0,99.84,8.0
2026-10-03 14:34:31-07:00,95.0,99.75,8.0
2026-10-03 14:34:32-07:00,95.0,99.67,63.5
2026-10-03 14:34:33-07:00,95.0,99.59,63.5
2026-10-03 14:34:34-07:00,95.0,99.51,184.0
2026-10-03 14:34:35-07:00,95.0,99.52,184.0
2026-10-03 14:34:36-07:00,95.0,99.52,162.0
2026-10-03 14:34:37-07:00,95.0,99.51,162.0
2026-10-03 14:34:38-07:00,95.0,99.49,146.2
2026-10-03 14:34:39-07:00,95.0,99.47,146.2
2026-10-03 14:34:40-07:00,95.0,99.44,162.1
2026-10-03 14:34:41-07:00,95.0,99.42,162.1
2026-10-03 14:34:42-07:00,95.0,99.41,117.3
2026-10-03 14:34:43-07:00,95.0,99.36,117.3
2026-10-03 14:34:44-07:00,95.0,99.31,115.8
2026-10-03 14:34:45-07:00,95.0,99.26,115.8
2026-10-03 14:34:46-07:00,95.0,99.21,115.8
2026-10-03 14:34:47-07:00,95.0,99.16,114.1
2026-10-03 14:34:48-07:00,95.0,99.11,114.1
2026-10-03 14:34:49-07:00,95.0,99.06,139.5
2026-10-03 14:34:50-07:00,95.0,99.03,139.5
2026-10-03 14:34:51-07:00,95.0,98.99,158.8
2026-10-03 14:34:52-07:00,95.0,98.98,158.8
2026-10-03 14:34:53-07:00,95.0,98.96,177.4
2026-10-03 14:34:54-07:00,95.0,98.96,177.4
2026-10-03 14:34:55-07:00,95.0,98.96,191.5
2026-10-03 14:34:56-07:00,95.0,98.98,191.5
2026-10-03 14:34:57-07:00,95.0,98.99,162.0
2026-10-03 14:34:58-07:00,95.0,98.98,162.0
2026-10-03 14:34:59-07:00,95.0,98.97,81.5
2026-10-03 14:35:00-07:00,95.0,98.9,81.5
2026-10-03 14:35:01-07:00,95.0,98.83,87.8
2026-10-03 14:35:02-07:00,95.0,98.77,87.8
2026-10-03 14:35:03-07:00,95.0,98.7,-37.0
2026-10-03 14:35:04-07:00,95.0,98.62,-37.0
2026-10-03 14:35:05-07:00,95.0,98.54,-18.7
2026-10-03 14:35:06-07:00,95.0,98.45,-18.7
2026-10-03 14:35:07-07:00,95.0,98.36,-48.0
2026-10-03 14:35:08-07:00,95.0,98.28,-48.0
2026-10-03 14:35:09-07:00,95.0,98.2,-13.2
2026-10-03 14:35:10-07:00,95.0,98.11,-13.2
2026-10-03 14:35:11-07:00,95.0,98.02,-22.2
2026-10-03 14:35:12-07:00,95.0,97.93,-22.2
2026-10-03 14:35:13-07:00,95.0,97.84,-35.0
2026-10-03 14:35:14-07:00,95.0,97.75,-35.0
2026-10-03 14:35:15-07:00,95.0,97.66,-22.5
2026-10-03 14:35:16-07:00,95.0,97.57,-22.5
2026-10-03 14:35:17-07:00,95.0,97.47,0.0
2026-10-03 14:35:18-07:00,95.0,97.38,0.0
2026-10-03 14:35:19-07:00,95.0,97.28,0.0
2026-10-03 14:35:20-07:00,95.0,97.18,0.0
2026-10-03 14:35:21-07:00,95.0,97.09,0.0
2026-10-03 14:35:22-07:00,95.0,96.99,0.0
2026-10-03 14:35:23-07:00,95.0,96.89,0.0
2026-10-03 14:35:24-07:00,95.0,96.8,0.0
2026-10-03 14:35:25-07:00,95.0,96.7,0.0
2026-10-03 14:35:26-07:00,95.0,96.61,0.0
2026-10-03 14:35:27-07:00,95.0,96.51,0.0
2026-10-03 14:35:28-07:00,95.0,96.42,0.0
2026-10-03 14:35:29-07:00,95.0,96.32,94.9
2026-10-03 14:35:30-07:00,95.0,96.25,94.9
2026-10-03 14:35:31-07:00,95.0,96.18,126.8
2026-10-03 14:35:32-07:00,95.0,96.13,126.8
2026-10-03 14:35:33-07:00,95.0,96.08,129.8
2026-10-03 14:35:34-07:00,95.0,96.04,129.8
2026-10-03 14:35:35-07:00,95.0,95.99,21.5
2026-10-03 14:35:36-07:00,95.0,95.9,21.5
2026-10-03 14:35:37-07:00,95.0,95.81,247.1
2026-10-03 14:35:38-07:00,95.0,95.89,247.1
2026-10-03 14:35:39-07:00,95.0,95.97,315.1
2026-10-03 14:35:40-07:00,95.0,96.15,315.1
2026-10-03 14:35:41-07:00,95.0,96.34,300.7
2026-10-03 14:35:42-07:00,95.0,96.51,300.7
2026-10-03 14:35:43-07:00,95.0,96.67,152.7
2026-10-03 14:35:44-07:00,95.0,96.65,152.7
2026-10-03 14:35:45-07:00,95.0,96.62,71.8
2026-10-03 14:35:46-07:00,95.0,96.55,71.8
2026-10-03 14:35:47-07:00,95.0,96.47,148.3
2026-10-03 14:35:48-07:00,95.0,96.45,148.3
2026-10-03 14:35:49-07:00,95.0,96.42,170.2
2026-10-03 14:35:50-07:00,95.0,96.41,170.2
2026-10-03 14:35:51-07:00,95.0,96.41,167.8
2026-10-03 14:35:52-07:00,95.0,96.4,167.8
2026-10-03 14:35:53-07:00,95.0,96.39,141.5
2026-10-03 14:35:54-07:00,95.0,96.36,141.5
2026-10-03 14:35:55-07:00,95.0,96.33,163.5
2026-10-03 14:35:56-07:00,95.0,96.32,163.5
2026-10-03 14:35:57-07:00,95.0,96.31,293.7
2026-10-03 14:35:58-07:00,95.0,96.47,293.7
2026-10-03 14:35:59-07:00,95.0,96.63,224.9
2026-10-03 14:36:00-07:00,95.0,96.69,224.9
2026-10-03 14:36:01-07:00,95.0,96.75,184.2
2026-10-03 14:36:02-07:00,95.0,96.76,184.2
2026-10-03 14:36:03-07:00,95.0,96.77,184.2
2026-10-03 14:36:04-07:00,95.0,96.78,90.0
2026-10-03 14:36:05-07:00,95.0,96.72,90.0
2026-10-03 14:36:06-07:00,95.0,96.66,122.8
2026-10-03 14:36:07-07:00,95.0,96.62,122.8
2026-10-03 14:36:08-07:00,95.0,96.58,292.3
2026-10-03 14:36:09-07:00,95.0,96.73,292.3
2026-10-03 14:36:10-07:00,95.0,96.89,278.7
2026-10-03 14:36:11-07:00,95.0,97.02,278.7
2026-10-03 14:36:12-07:00,95.0,97.16,143.1
2026-10-03 14:36:13-07:00,95.0,97.13,143.1
2026-10-03 14:36:14-07:00,95.0,97.1,139.8
2026-10-03 14:36:15-07:00,95.0,97.08,139.8
2026-10-03 14:36:16-07:00,95.0,97.05,86.2
2026-10-03 14:36:17-07:00,95.0,96.99,86.2
2026-10-03 14:36:18-07:00,95.0,96.92,81.7
2026-10-03 14:36:19-07:00,95.0,96.86,81.7
2026-10-03 14:36:20-07:00,95.0,96.8,7.2
2026-10-03 14:36:21-07:00,95.0,96.71,7.2
2026-10-03 14:36:22-07:00,95.0,96.63,91.7
2026-10-03 14:36:23-07:00,95.0,96.57,91.7
2026-10-03 14:36:24-07:00,95.0,96.51,292.4
2026-10-03 14:36:25-07:00,95.0,96.67,292.4
2026-10-03 14:36:26-07:00,95.0,96.82,286.7
2026-10-03 14:36:27-07:00,95.0,96.97,286.7
2026-10-03 14:36:28-07:00,95.0,97.12,98.5
2026-10-03 14:36:29-07:00,95.0,97.07,98.5
2026-10-03 14:36:30-07:00,95.0,97.01,142.5
2026-10-03 14:36:31-07:00,95.0,96.98,142.5
2026-10-03 14:36:32-07:00,95.0,96.96,110.7
2026-10-03 14:36:33-07:00,95.0,96.91,110.7
2026-10-03 14:36:34-07:00,95.0,96.86,-26.5
2026-10-03 14:36:35-07:00,95.0,96.78,-26.5
2026-10-03 14:36:36-07:00,95.0,96.7,144.1
2026-10-03 14:36:37-07:00,95.0,96.68,144.1
2026-10-03 14:36:38-07:00,95.0,96.65,266.5
2026-10-03 14:36:39-07:00,95.0,96.77,266.5
2026-10-03 14:36:40-07:00,95.0,96.88,290.3
2026-10-03 14:36:41-07:00,95.0,97.03,290.3
2026-10-03 14:36:42-07:00,95.0,97.19,247.3
2026-10-03 14:36:43-07:00,95.0,97.28,247.3
2026-10-03 14:36:44-07:00,95.0,97.36,134.1
2026-10-03 14:36:45-07:00,95.0,97.33,134.1
2026-10-03 14:36:46-07:00,95.0,97.3,42.0
2026-10-03 14:36:47-07:00,95.0,97.22,42.0
2026-10-03 14:36:48-07:00,95.0,97.14,45.4
2026-10-03 14:36:49-07:00,95.0,97.07,45.4
2026-10-03 14:36:50-07:00,95.0,96.99,36.9
2026-10-03 14:36:51-07:00,95.0,96.91,36.9
2026-10-03 14:36:52-07:00,95.0,96.83,55.5
2026-10-03 14:36:53-07:00,95.0,96.75,55.5
2026-10-03 14:36:54-07:00,95.0,96.68,289.4
2026-10-03 14:36:55-07:00,95.0,96.83,289.4
2026-10-03 14:36:56-07:00,95.0,96.98,274.6
2026-10-03 14:36:57-07:00,95.0,97.11,274.6
2026-10-03 14:36:58-07:00,95.0,97.24,173.2
2026-10-03 14:36:59-07:00,95.0,97.24,173.2
2026-10-03 14:37:00-07:00,95.0,97.24,81.1
2026-10-03 14:37:01-07:00,95.0,97.18,81.1
2026-10-03 14:37:02-07:00,95.0,97.11,81.1
2026-10-03 14:37:03-07:00,95.0,97.05,52.8
2026-10-03 14:37:04-07:00,95.0,96.97,52.8
2026-10-03 14:37:05-07:00,95.0,96.9,77.8
2026-10-03 14:37:06-07:00,95.0,96.83,77.8
2026-10-03 14:37:07-07:00,95.0,96.77,112.6
2026-10-03 14:37:08-07:00,95.0,96.72,112.6
2026-10-03 14:37:09-07:00,95.0,96.67,292.0
2026-10-03 14:37:10-07:00,95.0,96.83,292.0
2026-10-03 14:37:11-07:00,95.0,96.98,302.2
2026-10-03 14:37:12-07:00,95.0,97.15,302.2
2026-10-03 14:37:13-07:00,95.0,97.33,293.3
2026-10-03 14:37:14-07:00,95.0,97.49,293.3
2026-10-03 14:37:15-07:00,95.0,97.64,161.3
2026-10-03 14:37:16-07:00,95.0,97.63,161.3
2026-10-03 14:37:17-07:00,95.0,97.62,75.9
2026-10-03 14:37:18-07:00,95.0,97.56,75.9
2026-10-03 14:37:19-07:00,95.0,97.49,96.1
2026-10-03 14:37:20-07:00,95.0,97.43,96.1
2026-10-03 14:37:21-07:00,95.0,97.37,103.5
2026-10-03 14:37:22-07:00,95.0,97.32,103.5
2026-10-03 14:37:23-07:00,95.0,97.27,45.5
2026-10-03 14:37:24-07:00,95.0,97.19,45.5
2026-10-03 14:37:25-07:00,95.0,97.11,288.4
2026-10-03 14:37:26-07:00,95.0,97.26,288.4
2026-10-03 14:37:27-07:00,95.0,97.41,285.0
2026-10-03 14:37:28-07:00,95.0,97.56,285.0
2026-10-03 14:37:29-07:00,95.0,97.7,179.6
2026-10-03 14:37:30-07:00,95.0,97.71,179.6
2026-10-03 14:37:31-07:00,95.0,97.72,72.5
2026-10-03 14:37:32-07:00,95.0,97.65,72.5
2026-10-03 14:37:33-07:00,95.0,97.58,114.8
2026-10-03 14:37:34-07:00,95.0,97.53,114.8
2026-10-03 14:37:35-07:00,95.0,97.49,136.1
2026-10-03 14:37:36-07:00,95.0,97.45,136.1
2026-10-03 14:37:37-07:00,95.0,97.42,72.0
2026-10-03 14:37:38-07:00,95.0,97.35,72.0
2026-10-03 14:37:39-07:00,95.0,97.28,154.1
2026-10-03 14:37:40-07:00,95.0,97.27,154.1
2026-10-03 14:37:41-07:00,95.0,97.25,266.4
2026-10-03 14:37:42-07:00,95.0,97.36,266.4
2026-10-03 14:37:43-07:00,95.0,97.48,284.5
2026-10-03 14:37:44-07:00,95.0,97.62,284.5
2026-10-03 14:37:45-07:00,95.0,97.76,233.1
2026-10-03 14:37:46-07:00,95.0,97.83,233.1
2026-10-03 14:37:47-07:00,95.0,97.9,107.0
2026-10-03 14:37:48-07:00,95.0,97.85,107.0
2026-10-03 14:37:49-07:00,95.0,97.8,96.1
2026-10-03 14:37:50-07:00,95.0,97.74,96.1
2026-10-03 14:37:51-07:00,95.0,97.69,31.6
2026-10-03 14:37:52-07:00,95.0,97.6,31.6
2026-10-03 14:37:53-07:00,95.0,97.52,68.5
2026-10-03 14:37:54-07:00,95.0,97.45,68.5
2026-10-03 14:37:55-07:00,95.0,97.38,217.0
2026-10-03 14:37:56-07:00,95.0,97.43,217.0
2026-10-03 14:37:57-07:00,95.0,97.48,266.3
2026-10-03 14:37:58-07:00,95.0,97.6,266.3
2026-10-03 14:37:59-07:00,95.0,97.71,177.6
2026-10-03 14:38:00-07:00,95.0,97.72,177.6
2026-10-03 14:38:01-07:00,95.0,97.72,165.8
2026-10-03 14:38:02-07:00,95.0,97.71,165.8
2026-10-03 14:38:03-07:00,95.0,97.71,67.5
2026-10-03 14:38:04-07:00,95.0,97.64,67.5
2026-10-03 14:38:05-07:00,95.0,97.57,71.2
2026-10-03 14:38:06-07:00,95.0,97.5,71.2
2026-10-03 14:38:07-07:00,95.0,97.43,66.0
2026-10-03 14:38:08-07:00,95.0,97.35,66.0
2026-10-03 14:38:09-07:00,95.0,97.28,150.7
2026-10-03 14:38:10-07:00,95.0,97.26,150.7
2026-10-03 14:38:11-07:00,95.0,97.24,286.7
2026-10-03 14:38:12-07:00,95.0,97.38,286.7
2026-10-03 14:38:13-07:00,95.0,97.53,241.4
2026-10-03 14:38:14-07:00,95.0,97.61,241.4
2026-10-03 14:38:15-07:00,95.0,97.69,137.1
2026-10-03 14:38:16-07:00,95.0,97.66,137.1
2026-10-03 14:38:17-07:00,95.0,97.63,137.1
2026-10-03 14:38:18-07:00,95.0,97.59,53.7
2026-10-03 14:38:19-07:00,95.0,97.52,53.7
2026-10-03 14:38:20-07:00,95.0,97.44,76.4
2026-10-03 14:38:21-07:00,95.0,97.37,76.4
2026-10-03 14:38:22-07:00,95.0,97.3,64.6
2026-10-03 14:38:23-07:00,95.0,97.23,64.6
2026-10-03 14:38:24-07:00,95.0,97.16,9.1
2026-10-03 14:38:25-07:00,95.0,97.07,9.1
2026-10-03 14:38:26-07:00,95.0,96.99,118.0
2026-10-03 14:38:27-07:00,95.0,96.95,118.0
2026-10-03 14:38:28-07:00,95.0,96.9,279.7
2026-10-03 14:38:29-07:00,95.0,97.04,279.7
2026-10-03 14:38:30-07:00,95.0,97.17,286.8
2026-10-03 14:38:31-07:00,95.0,97.32,286.8
2026-10-03 14:38:32-07:00,95.0,97.47,192.1
2026-10-03 14:38:33-07:00,95.0,97.49,192.1
2026-10-03 14:38:34-07:00,95.0,97.51,159.9
2026-10-03 14:38:35-07:00,95.0,97.5,159.9
2026-10-03 14:38:36-07:00,95.0,97.49,133.4
2026-10-03 14:38:37-07:00,95.0,97.45,133.4
2026-10-03 14:38:38-07:00,95.0,97.42,61.9
2026-10-03 14:38:39-07:00,95.0,97.35,61.9
2026-10-03 14:38:40-07:00,95.0,97.28,46.8
2026-10-03 14:38:41-07:00,95.0,97.2,46.8
2026-10-03 14:38:42-07:00,95.0,97.12,189.1
2026-10-03 14:38:43-07:00,95.0,97.14,189.1
2026-10-03 14:38:44-07:00,95.0,97.15,274.9
2026-10-03 14:38:45-07:00,95.0,97.28,274.9
2026-10-03 14:38:46-07:00,95.0,97.41,270.3
2026-10-03 14:38:47-07:00,95.0,97.53,270.3
2026-10-03 14:38:48-07:00,95.0,97.65,279.8
2026-10-03 14:38:49-07:00,95.0,97.79,279.8
2026-10-03 14:38:50-07:00,95.0,97.92,39.0
2026-10-03 14:38:51-07:00,95.0,97.84,39.0
2026-10-03 14:38:52-07:00,95.0,97.77,65.6
2026-10-03 14:38:53-07:00,95.0,97.69,65.6
2026-10-03 14:38:54-07:00,95.0,97.62,-8.5
2026-10-03 14:38:55-07:00,95.0,97.54,-8.5
2026-10-03 14:38:56-07:00,95.0,97.45,-44.4
2026-10-03 14:38:57-07:00,95.0,97.37,-44.4
2026-10-03 14:38:58-07:00,95.0,97.3,199.2
2026-10-03 14:38:59-07:00,95.0,97.32,199.2
2026-10-03 14:39:00-07:00,95.0,97.35,249.2
2026-10-03 14:39:01-07:00,95.0,97.44,249.2
2026-10-03 14:39:02-07:00,95.0,97.53,251.9
2026-10-03 14:39:03-07:00,95.0,97.63,251.9
2026-10-03 14:39:04-07:00,95.0,97.72,121.8
2026-10-03 14:39:05-07:00,95.0,97.68,121.8
2026-10-03 14:39:06-07:00,95.0,97.64,131.6
2026-10-03 14:39:07-07:00,95.0,97.6,131.6
2026-10-03 14:39:08-07:00,95.0,97.57,57.2
2026-10-03 14:39:09-07:00,95.0,97.49,57.2
2026-10-03 14:39:10-07:00,95.0,97.42,56.7
2026-10-03 14:39:11-07:00,95.0,97.34,56.7
2026-10-03 14:39:12-07:00,95.0,97.27,162.8
2026-10-03 14:39:13-07:00,95.0,97.26,162.8
2026-10-03 14:39:14-07:00,95.0,97.25,280.0
2026-10-03 14:39:15-07:00,95.0,97.38,280.0
2026-10-03 14:39:16-07:00,95.0,97.52,272.5
2026-10-03 14:39:17-07:00,95.0,97.64,272.5
2026-10-03 14:39:18-07:00,95.0,97.76,285.8
2026-10-03 14:39:19-07:00,95.0,97.91,285.8
2026-10-03 14:39:20-07:00,95.0,98.06,141.6
2026-10-03 14:39:21-07:00,95.0,98.03,141.6
2026-10-03 14:39:22-07:00,95.0,98.0,76.6
2026-10-03 14:39:23-07:00,95.0,97.94,76.6
2026-10-03 14:39:24-07:00,95.0,97.87,42.8
2026-10-03 14:39:25-07:00,95.0,97.79,42.8
2026-10-03 14:39:26-07:00,95.0,97.71,29.0
2026-10-03 14:39:27-07:00,95.0,97.63,29.0
2026-10-03 14:39:28-07:00,95.0,97.55,190.9
2026-10-03 14:39:29-07:00,95.0,97.57,190.9
2026-10-03 14:39:30-07:00,95.0,97.58,231.0
2026-10-03 14:39:31-07:00,95.0,97.65,231.0
2026-10-03 14:39:32-07:00,95.0,97.72,206.6
2026-10-03 14:39:33-07:00,95.0,97.75,206.6
2026-10-03 14:39:34-07:00,95.0,97.79,197.9
2026-10-03 14:39:35-07:00,95.0,97.81,197.9
2026-10-03 14:39:36-07:00,95.0,97.84,174.8
2026-10-03 14:39:37-07:00,95.0,97.84,174.8
2026-10-03 14:39:38-07:00,95.0,97.84,73.1
2026-10-03 14:39:39-07:00,95.0,97.78,73.1
2026-10-03 14:39:40-07:00,95.0,97.71,66.4
2026-10-03 14:39:41-07:00,95.0,97.63,66.4
2026-10-03 14:39:42-07:00,95.0,97.56,159.2
2026-10-03 14:39:43-07:00,95.0,97.55,159.2
2026-10-03 14:39:44-07:00,95.0,97.53,286.5
2026-10-03 14:39:45-07:00,95.0,97.68,286.5
2026-10-03 14:39:46-07:00,95.0,97.82,287.9
2026-10-03 14:39:47-07:00,95.0,97.97,287.9
2026-10-03 14:39:48-07:00,95.0,98.12,228.8
2026-10-03 14:39:49-07:00,95.0,98.18,228.8
2026-10-03 14:39:50-07:00,95.0,98.25,166.7
2026-10-03 14:39:51-07:00,95.0,98.24,166.7
2026-10-03 14:39:52-07:00,95.0,98.23,68.5
2026-10-03 14:39:53-07:00,95.0,98.16,68.5
2026-10-03 14:39:54-07:00,95.0,98.09,68.6
2026-10-03 14:39:55-07:00,95.0,98.02,68.6
2026-10-03 14:39:56-07:00,95.0,97.95,17.5
2026-10-03 14:39:57-07:00,95.0,97.87,17.5
2026-10-03 14:39:58-07:00,95.0,97.78,146.3
2026-10-03 14:39:59-07:00,95.0,97.76,146.3
2026-10-03 14:40:00-07:00,95.0,97.73,235.3
2026-10-03 14:40:01-07:00,95.0,97.8,235.3
2026-10-03 14:40:02-07:00,95.0,97.88,186.7
2026-10-03 14:40:03-07:00,95.0,97.89,186.7
2026-10-03 14:40:04-07:00,95.0,97.9,201.2
2026-10-03 14:40:05-07:00,95.0,97.93,201.2
2026-10-03 14:40:06-07:00,95.0,97.96,202.8
2026-10-03 14:40:07-07:00,95.0,97.99,202.8
2026-10-03 14:40:08-07:00,95.0,98.02,199.5
2026-10-03 14:40:09-07:00,95.0,98.05,199.5
2026-10-03 14:40:10-07:00,95.0,98.08,136.7
2026-10-03 14:40:11-07:00,95.0,98.05,136.7
2026-10-03 14:40:12-07:00,95.0,98.02,122.6
2026-10-03 14:40:13-07:00,95.0,97.97,122.6
2026-10-03 14:40:14-07:00,95.0,97.93,267.1
2026-10-03 14:40:15-07:00,95.0,98.05,267.1
2026-10-03 14:40:16-07:00,95.0,98.16,293.5
2026-10-03 14:40:17-07:00,95.0,98.32,293.5
2026-10-03 14:40:18-07:00,95.0,98.48,286.1
2026-10-03 14:40:19-07:00,95.0,98.62,286.1
2026-10-03 14:40:20-07:00,95.0,98.77,179.1
2026-10-03 14:40:21-07:00,95.0,98.77,179.1
2026-10-03 14:40:22-07:00,95.0,98.78,97.0
2026-10-03 14:40:23-07:00,95.0,98.72,97.0
2026-10-03 14:40:24-07:00,95.0,98.66,62.3
2026-10-03 14:40:25-07:00,95.0,98.59,62.3
2026-10-03 14:40:26-07:00,95.0,98.52,-32.5
2026-10-03 14:40:27-07:00,95.0,98.43,-32.5
2026-10-03 14:40:28-07:00,95.0,98.35,161.1
2026-10-03 14:40:29-07:00,95.0,98.34,161.1
2026-10-03 14:40:30-07:00,95.0,98.33,274.4
2026-10-03 14:40:31-07:00,95.0,98.46,274.4
2026-10-03 14:40:32-07:00,95.0,98.58,285.0
2026-10-03 14:40:33-07:00,95.0,98.73,285.0
2026-10-03 14:40:34-07:00,95.0,98.87,157.2
2026-10-03 14:40:35-07:00,95.0,98.85,157.2
2026-10-03 14:40:36-07:00,95.0,98.84,166.7
2026-10-03 14:40:37-07:00,95.0,98.83,166.7
2026-10-03 14:40:38-07:00,95.0,98.83,148.8
2026-10-03 14:40:39-07:00,95.0,98.8,148.8
2026-10-03 14:40:40-07:00,95.0,98.78,83.0
2026-10-03 14:40:41-07:00,95.0,98.72,83.0
2026-10-03 14:40:42-07:00,95.0,98.65,120.1
2026-10-03 14:40:43-07:00,95.0,98.61,120.1
2026-10-03 14:40:44-07:00,95.0,98.56,287.3
2026-10-03 14:40:45-07:00,95.0,98.71,287.3
2026-10-03 14:40:46-07:00,95.0,98.85,266.3
2026-10-03 14:40:47-07:00,95.0,98.97,266.3
2026-10-03 14:40:48-07:00,95.0,99.08,269.6
2026-10-03 14:40:49-07:00,95.0,99.2,269.6
2026-10-03 14:40:50-07:00,95.0,99.32,110.5
2026-10-03 14:40:51-07:00,95.0,99.27,110.5
2026-10-03 14:40:52-07:00,95.0,99.22,68.3
2026-10-03 14:40:53-07:00,95.0,99.14,68.3
2026-10-03 14:40:54-07:00,95.0,99.07,80.6
2026-10-03 14:40:55-07:00,95.0,99.01,80.6
2026-10-03 14:40:56-07:00,95.0,98.94,64.0
2026-10-03 14:40:57-07:00,95.0,98.87,64.0
2026-10-03 14:40:58-07:00,95.0,98.79,209.0
2026-10-03 14:40:59-07:00,95.0,98.83,209.0
2026-10-03 14:41:00-07:00,95.0,98.87,267.1
2026-10-03 14:41:01-07:00,95.0,98.98,267.1
2026-10-03 14:41:02-07:00,95.0,99.1,220.8
2026-10-03 14:41:03-07:00,95.0,99.15,220.8
2026-10-03 14:41:04-07:00,95.0,99.2,193.9
2026-10-03 14:41:05-07:00,95.0,99.22,193.9
2026-10-03 14:41:06-07:00,95.0,99.24,162.4
2026-10-03 14:41:07-07:00,95.0,99.23,162.4
2026-10-03 14:41:08-07:00,95.0,99.22,132.8
2026-10-03 14:41:09-07:00,95.0,99.19,132.8
2026-10-03 14:41:10-07:00,95.0,99.15,106.1
2026-10-03 14:41:11-07:00,95.0,99.1,106.1
2026-10-03 14:41:12-07:00,95.0,99.04,218.8
2026-10-03 14:41:13-07:00,95.0,99.09,218.8
2026-10-03 14:41:14-07:00,95.0,99.14,281.4
2026-10-03 14:41:15-07:00,95.0,99.28,281.4
2026-10-03 14:41:16-07:00,95.0,99.41,279.4
2026-10-03 14:41:17-07:00,95.0,99.55,279.4
2026-10-03 14:41:18-07:00,95.0,99.68,264.6
2026-10-03 14:41:19-07:00,95.0,99.79,264.6
2026-10-03 14:41:20-07:00,95.0,99.9,97.7
2026-10-03 14:41:21-07:00,95.0,99.85,97.7
2026-10-03 14:41:22-07:00,95.0,99.79,68.2
2026-10-03 14:41:23-07:00,95.0,99.71,68.2
2026-10-03 14:41:24-07:00,95.0,99.64,44.5
2026-10-03 14:41:25-07:00,95.0,99.56,44.5
2026-10-03 14:41:26-07:00,95.0,99.48,52.6
2026-10-03 14:41:27-07:00,95.0,99.4,52.6
2026-10-03 14:41:28-07:00,95.0,99.33,255.0
2026-10-03 14:41:29-07:00,95.0,99.42,255.0
2026-10-03 14:41:30-07:00,95.0,99.52,234.7
2026-10-03 14:41:31-07:00,95.0,99.59,234.7
2026-10-03 14:41:32-07:00,95.0,99.66,138.4
2026-10-03 14:41:33-07:00,95.0,99.62,138.4
2026-10-03 14:41:34-07:00,95.0,99.59,126.7
2026-10-03 14:41:35-07:00,95.0,99.55,126.7
2026-10-03 14:41:36-07:00,95.0,99.51,147.4
2026-10-03 14:41:37-07:00,95.0,99.49,147.4
2026-10-03 14:41:38-07:00,95.0,99.46,142.1
2026-10-03 14:41:39-07:00,95.0,99.43,142.1
2026-10-03 14:41:40-07:00,95.0,99.4,133.7
2026-10-03 14:41:41-07:00,95.0,99.37,133.7
2026-10-03 14:41:42-07:00,95.0,99.33,278.2
2026-10-03 14:41:43-07:00,95.0,99.46,278.2
2026-10-03 14:41:44-07:00,95.0,99.59,279.7
2026-10-03 14:41:45-07:00,95.0,99.73,279.7
2026-10-03 14:41:46-07:00,95.0,99.86,292.9
2026-10-03 14:41:47-07:00,95.0,100.01,292.9
2026-10-03 14:41:48-07:00,95.0,100.17,253.9
2026-10-03 14:41:49-07:00,95.0,100.26,253.9
2026-10-03 14:41:50-07:00,95.0,100.36,84.0
2026-10-03 14:41:51-07:00,95.0,100.29,84.0
2026-10-03 14:41:52-07:00,95.0,100.23,28.5
2026-10-03 14:41:53-07:00,95.0,100.14,28.5
2026-10-03 14:41:54-07:00,95.0,100.06,-31.3
2026-10-03 14:41:55-07:00,95.0,99.98,-31.3
2026-10-03 14:41:56-07:00,95.0,99.89,104.4
2026-10-03 14:41:57-07:00,95.0,99.83,104.4
2026-10-03 14:41:58-07:00,95.0,99.78,258.5
2026-10-03 14:41:59-07:00,95.0,99.88,258.5
2026-10-03 14:42:00-07:00,95.0,99.98,259.2
2026-10-03 14:42:01-07:00,95.0,100.08,259.2
2026-10-03 14:42:02-07:00,95.0,100.18,179.3
2026-10-03 14:42:03-07:00,95.0,100.19,179.3
2026-10-03 14:42:04-07:00,95.0,100.19,123.1
2026-10-03 14:42:05-07:00,95.0,100.15,123.1
2026-10-03 14:42:06-07:00,95.0,100.1,72.8
2026-10-03 14:42:07-07:00,95.0,100.03,72.8
2026-10-03 14:42:08-07:00,95.0,99.96,97.3
2026-10-03 14:42:09-07:00,95.0,99.9,97.3
2026-10-03 14:42:10-07:00,95.0,99.84,140.3
2026-10-03 14:42:11-07:00,95.0,99.81,140.3
2026-10-03 14:42:12-07:00,95.0,99.78,270.8
2026-10-03 14:42:13-07:00,95.0,99.89,270.8
2026-10-03 14:42:14-07:00,95.0,100.01,279.1
2026-10-03 14:42:15-07:00,95.0,100.14,279.1
2026-10-03 14:42:16-07:00,95.0,100.27,290.3
2026-10-03 14:42:17-07:00,95.0,100.42,290.3
2026-10-03 14:42:18-07:00,95.0,100.57,114.7
2026-10-03 14:42:19-07:00,95.0,100.52,114.7
2026-10-03 14:42:20-07:00,95.0,100.47,76.2
2026-10-03 14:42:21-07:00,95.0,100.4,76.2
2026-10-03 14:42:22-07:00,95.0,100.33,58.5
2026-10-03 14:42:23-07:00,95.0,100.25,58.5
2026-10-03 14:42:24-07:00,95.0,100.18,40.6
2026-10-03 14:42:25-07:00,95.0,100.09,40.6
2026-10-03 14:42:26-07:00,95.0,100.01,81.4
2026-10-03 14:42:27-07:00,95.0,99.94,81.4
2026-10-03 14:42:28-07:00,95.0,99.87,188.5
2026-10-03 14:42:29-07:00,95.0,99.89,188.5
2026-10-03 14:42:30-07:00,95.0,99.9,222.7
2026-10-03 14:42:31-07:00,95.0,99.95,222.7
2026-10-03 14:42:32-07:00,95.0,100.0,131.8
2026-10-03 14:42:33-07:00,95.0,99.96,131.8
2026-10-03 14:42:34-07:00,95.0,99.92,100.8
2026-10-03 14:42:35-07:00,95.0,99.86,100.8
2026-10-03 14:42:36-07:00,95.0,99.81,-27.3
2026-10-03 14:42:37-07:00,95.0,99.72,-27.3
2026-10-03 14:42:38-07:00,95.0,99.63,-20.6
2026-10-03 14:42:39-07:00,95.0,99.55,-20.6
2026-10-03 14:42:40-07:00,95.0,99.46,-44.0
2026-10-03 14:42:41-07:00,95.0,99.37,-44.0
2026-10-03 14:42:42-07:00,95.0,99.29,-12.1
2026-10-03 14:42:43-07:00,95.0,99.19,-12.1
2026-10-03 14:42:44-07:00,95.0,99.1,-19.6
2026-10-03 14:42:45-07:00,95.0,99.01,-19.6
2026-10-03 14:42:46-07:00,95.0,98.92,45.3
2026-10-03 14:42:47-07:00,95.0,98.83,45.3
2026-10-03 14:42:48-07:00,95.0,98.74,94.5
2026-10-03 14:42:49-07:00,95.0,98.67,94.5
2026-10-03 14:42:50-07:00,95.0,98.6,93.1
2026-10-03 14:42:51-07:00,95.0,98.53,93.1
2026-10-03 14:42:52-07:00,95.0,98.46,0.0
2026-10-03 14:42:53-07:00,95.0,98.36,0.0
2026-10-03 14:42:54-07:00,95.0,98.27,69.3
2026-10-03 14:42:55-07:00,95.0,98.18,69.3
2026-10-03 14:42:56-07:00,95.0,98.1,218.8
2026-10-03 14:42:57-07:00,95.0,98.14,218.8
2026-10-03 14:42:58-07:00,95.0,98.17,110.1
2026-10-03 14:42:59-07:00,95.0,98.11,110.1
2026-10-03 14:43:00-07:00,95.0,98.05,236.7
2026-10-03 14:43:01-07:00,95.0,98.11,236.7
2026-10-03 14:43:02-07:00,95.0,98.17,178.5
2026-10-03 14:43:03-07:00,95.0,98.17,178.5
2026-10-03 14:43:04-07:00,95.0,98.16,21.8
2026-10-03 14:43:05-07:00,95.0,98.07,21.8
2026-10-03 14:43:06-07:00,95.0,97.97,320.2
2026-10-03 14:43:07-07:00,95.0,98.17,320.2
2026-10-03 14:43:08-07:00,100.0,98.36,256.3
2026-10-03 14:43:09-07:00,100.0,98.45,256.3
2026-10-03 14:43:10-07:00,100.0,98.55,258.4
2026-10-03 14:43:11-07:00,100.0,98.64,258.4
2026-10-03 14:43:12-07:00,100.0,98.74,290.0
2026-10-03 14:43:13-07:00,100.0,98.88,290.0
2026-10-03 14:43:14-07:00,100.0,99.03,268.5
2026-10-03 14:43:15-07:00,100.0,99.14,268.5
2026-10-03 14:43:16-07:00,100.0,99.26,293.9
2026-10-03 14:43:17-07:00,100.0,99.41,293.9
2026-10-03 14:43:18-07:00,100.0,99.57,-18.0
2026-10-03 14:43:19-07:00,100.0,99.48,-18.0
2026-10-03 14:43:20-07:00,100.0,99.39,-12.0
2026-10-03 14:43:21-07:00,100.0,99.3,-12.0
2026-10-03 14:43:22-07:00,100.0,99.21,-22.4
2026-10-03 14:43:23-07:00,100.0,99.12,-22.4
2026-10-03 14:43:24-07:00,100.0,99.03,-24.1
2026-10-03 14:43:25-07:00,100.0,98.93,-24.1
2026-10-03 14:43:26-07:00,100.0,98.84,-36.9
2026-10-03 14:43:27-07:00,100.0,98.75,-36.9
2026-10-03 14:43:28-07:00,100.0,98.66,-54.6
2026-10-03 14:43:29-07:00,100.0,98.57,-54.6
2026-10-03 14:43:30-07:00,100.0,98.48,-34.3
2026-10-03 14:43:31-07:00,100.0,98.39,-34.3
2026-10-03 14:43:32-07:00,100.0,98.29,0.0
2026-10-03 14:43:33-07:00,100.0,98.2,0.0
2026-10-03 14:43:34-07:00,100.0,98.1,0.0
2026-10-03 14:43:35-07:00,100.0,98.0,0.0
2026-10-03 14:43:36-07:00,100.0,97.9,0.0
2026-10-03 14:43:37-07:00,100.0,97.81,0.0
2026-10-03 14:43:38-07:00,100.0,97.71,0.0
2026-10-03 14:43:39-07:00,100.0,97.61,0.0
2026-10-03 14:43:40-07:00,100.0,97.52,0.0
2026-10-03 14:43:41-07:00,100.0,97.42,0.0
2026-10-03 14:43:42-07:00,100.0,97.32,0.0
2026-10-03 14:43:43-07:00,100.0,97.23,0.0
2026-10-03 14:43:44-07:00,100.0,97.13,0.0
2026-10-03 14:43:45-07:00,100.0,97.04,0.0
2026-10-03 14:43:46-07:00,100.0,96.94,0.0
2026-10-03 14:43:47-07:00,100.0,96.84,0.0
2026-10-03 14:43:48-07:00,100.0,96.75,0.0
2026-10-03 14:43:49-07:00,100.0,96.65,0.0
2026-10-03 14:43:50-07:00,100.0,96.56,0.0
2026-10-03 14:43:51-07:00,100.0,96.46,0.0
2026-10-03 14:43:52-07:00,100.0,96.37,0.0
2026-10-03 14:43:53-07:00,100.0,96.27,0.0
2026-10-03 14:43:54-07:00,100.0,96.18,0.0
2026-10-03 14:43:55-07:00,100.0,96.08,0.0
2026-10-03 14:43:56-07:00,100.0,95.99,0.0
2026-10-03 14:43:57-07:00,100.0,95.89,0.0
2026-10-03 14:43:58-07:00,100.0,95.8,0.0
2026-10-03 14:43:59-07:00,100.0,95.7,0.0
2026-10-03 14:44:00-07:00,100.0,95.61,0.0
2026-10-03 14:44:01-07:00,100.0,95.51,0.0
2026-10-03 14:44:02-07:00,100.0,95.42,0.0
2026-10-03 14:44:03-07:00,100.0,95.33,0.0
2026-10-03 14:44:04-07:00,100.0,95.23,0.0
2026-10-03 14:44:05-07:00,100.0,95.14,0.0
2026-10-03 14:44:06-07:00,100.0,95.04,0.0
2026-10-03 14:44:07-07:00,100.0,94.95,0.0
2026-10-03 14:44:08-07:00,100.0,94.86,0.0
2026-10-03 14:44:09-07:00,100.0,94.76,0.0
2026-10-03 14:44:10-07:00,100.0,94.67,0.0
2026-10-03 14:44:11-07:00,100.0,94.58,0.0
2026-10-03 14:44:12-07:00,100.0,94.49,0.0
2026-10-03 14:44:13-07:00,100.0,94.39,0.0
2026-10-03 14:44:14-07:00,100.0,94.3,0.0
2026-10-03 14:44:15-07:00,100.0,94.21,0.0
2026-10-03 14:44:16-07:00,100.0,94.12,0.0
2026-10-03 14:44:17-07:00,100.0,94.02,0.0
2026-10-03 14:44:18-07:00,100.0,93.93,0.0
2026-10-03 14:44:19-07:00,100.0,93.84,0.0
2026-10-03 14:44:20-07:00,100.0,93.75,0.0
2026-10-03 14:44:21-07:00,100.0,93.66,0.0
2026-10-03 14:44:22-07:00,100.0,93.56,0.0
2026-10-03 14:44:23-07:00,95.0,93.47,0.0
2026-10-03 14:44:24-07:00,95.0,93.38,0.0
2026-10-03 14:44:25-07:00,95.0,93.29,0.0
2026-10-03 14:44:26-07:00,95.0,93.2,0.0
2026-10-03 14:44:27-07:00,95.0,93.11,0.0
2026-10-03 14:44:28-07:00,95.0,93.02,0.0
2026-10-03 14:44:29-07:00,95.0,92.92,0.0
2026-10-03 14:44:30-07:00,95.0,92.83,0.0
2026-10-03 14:44:31-07:00,95.0,92.74,0.0
2026-10-03 14:44:32-07:00,95.0,92.65,0.0
2026-10-03 14:44:33-07:00,95.0,92.56,0.0
2026-10-03 14:44:34-07:00,95.0,92.47,0.0
2026-10-03 14:44:35-07:00,95.0,92.38,0.0
2026-10-03 14:44:36-07:00,95.0,92.29,0.0
2026-10-03 14:44:37-07:00,95.0,92.2,0.0
2026-10-03 14:44:38-07:00,95.0,92.11,0.0
2026-10-03 14:44:39-07:00,95.0,92.02,0.0
2026-10-03 14:44:40-07:00,95.0,91.93,0.0
2026-10-03 14:44:41-07:00,95.0,91.84,0.0
2026-10-03 14:44:42-07:00,95.0,91.75,0.0
2026-10-03 14:44:43-07:00,95.0,91.66,0.0
2026-10-03 14:44:44-07:00,95.0,91.57,0.0
2026-10-03 14:44:45-07:00,95.0,91.49,0.0
2026-10-03 14:44:46-07:00,95.0,91.4,0.0
2026-10-03 14:44:47-07:00,95.0,91.31,0.0
2026-10-03 14:44:48-07:00,95.0,91.22,0.0
2026-10-03 14:44:49-07:00,95.0,91.13,0.0
2026-10-03 14:44:50-07:00,95.0,91.04,0.0
2026-10-03 14:44:51-07:00,95.0,90.95,0.0
2026-10-03 14:44:52-07:00,95.0,90.87,0.0
2026-10-03 14:44:53-07:00,95.0,90.78,0.0
2026-10-03 14:44:54-07:00,95.0,90.69,0.0
2026-10-03 14:44:55-07:00,95.0,90.6,0.0
2026-10-03 14:44:56-07:00,95.0,90.51,0.0
2026-10-03 14:44:57-07:00,95.0,90.43,0.0
2026-10-03 14:44:58-07:00,95.0,90.34,0.0
2026-10-03 14:44:59-07:00,95.0,90.25,0.0
2026-10-03 14:45:00-07:00,95.0,90.16,0.0
2026-10-03 14:45:01-07:00,90.0,90.08,0.0
2026-10-03 14:45:02-07:00,90.0,89.99,0.0
2026-10-03 14:45:03-07:00,90.0,89.9,0.0
2026-10-03 14:45:04-07:00,90.0,89.81,0.0
2026-10-03 14:45:05-07:00,90.0,89.73,0.0
2026-10-03 14:45:06-07:00,90.0,89.64,0.0
2026-10-03 14:45:07-07:00,90.0,89.55,0.0
2026-10-03 14:45:08-07:00,90.0,89.47,0.0
2026-10-03 14:45:09-07:00,90.0,89.38,0.0
2026-10-03 14:45:10-07:00,90.0,89.29,0.0
2026-10-03 14:45:11-07:00,90.0,89.21,0.0
2026-10-03 14:45:12-07:00,90.0,89.12,0.0
2026-10-03 14:45:13-07:00,90.0,89.04,0.0
2026-10-03 14:45:14-07:00,90.0,88.95,0.0
2026-10-03 14:45:15-07:00,90.0,88.86,0.0
2026-10-03 14:45:16-07:00,90.0,88.78,0.0
2026-10-03 14:45:17-07:00,90.0,88.69,0.0
2026-10-03 14:45:18-07:00,90.0,88.61,0.0
2026-10-03 14:45:19-07:00,90.0,88.52,0.0
2026-10-03 14:45:20-07:00,90.0,88.44,0.0
2026-10-03 14:45:21-07:00,90.0,88.35,0.0
2026-10-03 14:45:22-07:00,90.0,88.27,0.0
2026-10-03 14:45:23-07:00,90.0,88.18,0.0
2026-10-03 14:45:24-07:00,90.0,88.1,0.0
2026-10-03 14:45:25-07:00,90.0,88.01,0.0
2026-10-03 14:45:26-07:00,90.0,87.93,0.0
2026-10-03 14:45:27-07:00,90.0,87.84,0.0
2026-10-03 14:45:28-07:00,90.0,87.76,0.0
2026-10-03 14:45:29-07:00,90.0,87.68,0.0
2026-10-03 14:45:30-07:00,90.0,87.59,0.0
2026-10-03 14:45:31-07:00,90.0,87.51,0.0
2026-10-03 14:45:32-07:00,90.0,87.42,0.0
2026-10-03 14:45:33-07:00,90.0,87.34,0.0
2026-10-03 14:45:34-07:00,90.0,87.26,0.0
2026-10-03 14:45:35-07:00,90.0,87.17,0.0
2026-10-03 14:45:36-07:00,90.0,87.09,0.0
2026-10-03 14:45:37-07:00,90.0,87.0,0.0
2026-10-03 14:45:38-07:00,90.0,86.92,0.0
2026-10-03 14:45:39-07:00,85.0,86.84,0.0
2026-10-03 14:45:40-07:00,85.0,86.76,0.0
2026-10-03 14:45:41-07:00,85.0,86.67,0.0
2026-10-03 14:45:42-07:00,85.0,86.59,0.0
2026-10-03 14:45:43-07:00,85.0,86.51,0.0
2026-10-03 14:45:44-07:00,85.0,86.42,0.0
2026-10-03 14:45:45-07:00,85.0,86.34,0.0
2026-10-03 14:45:46-07:00,85.0,86.26,0.0
2026-10-03 14:45:47-07:00,85.0,86.18,0.0
2026-10-03 14:45:48-07:00,85.0,86.09,0.0
2026-10-03 14:45:49-07:00,85.0,86.01,0.0
2026-10-03 14:45:50-07:00,85.0,85.93,0.0
2026-10-03 14:45:51-07:00,85.0,85.85,0.0
2026-10-03 14:45:52-07:00,85.0,85.77,0.0
2026-10-03 14:45:53-07:00,85.0,85.68,0.0
2026-10-03 14:45:54-07:00,85.0,85.6,0.0
2026-10-03 14:45:55-07:00,85.0,85.52,0.0
2026-10-03 14:45:56-07:00,85.0,85.44,0.0
2026-10-03 14:45:57-07:00,85.0,85.36,0.0
2026-10-03 14:45:58-07:00,85.0,85.28,0.0
2026-10-03 14:45:59-07:00,85.0,85.2,0.0
2026-10-03 14:46:00-07:00,85.0,85.11,0.0
2026-10-03 14:46:01-07:00,85.0,85.03,0.0
2026-10-03 14:46:02-07:00,85.0,84.95,0.0
2026-10-03 14:46:03-07:00,85.0,84.87,0.0
2026-10-03 14:46:04-07:00,85.0,84.79,0.0
2026-10-03 14:46:05-07:00,85.0,84.71,0.0
2026-10-03 14:46:06-07:00,85.0,84.63,0.0
2026-10-03 14:46:07-07:00,85.0,84.55,0.0
2026-10-03 14:46:08-07:00,85.0,84.47,0.0
2026-10-03 14:46:09-07:00,85.0,84.39,0.0
2026-10-03 14:46:10-07:00,85.0,84.31,0.0
2026-10-03 14:46:11-07:00,85.0,84.23,0.0
2026-10-03 14:46:12-07:00,85.0,84.15,0.0
2026-10-03 14:46:13-07:00,85.0,84.07,0.0
2026-10-03 14:46:14-07:00,85.0,83.99,0.0
2026-10-03 14:46:15-07:00,85.0,83.91,0.0
2026-10-03 14:46:16-07:00,85.0,83.83,0.0
2026-10-03 14:46:17-07:00,85.0,83.75,0.0
2026-10-03 14:46:18-07:00,85.0,83.67,0.0
2026-10-03 14:46:19-07:00,85.0,83.59,0.0
2026-10-03 14:46:20-07:00,85.0,83.51,0.0
2026-10-03 14:46:21-07:00,85.0,83.44,0.0
2026-10-03 14:46:22-07:00,85.0,83.36,0.0
2026-10-03 14:46:23-07:00,85.0,83.28,0.0
2026-10-03 14:46:24-07:00,80.0,83.2,0.0
2026-10-03 14:46:25-07:00,80.0,83.12,0.0
2026-10-03 14:46:26-07:00,80.0,83.04,0.0
2026-10-03 14:46:27-07:00,80.0,82.96,0.0
2026-10-03 14:46:28-07:00,80.0,82.89,0.0
2026-10-03 14:46:29-07:00,80.0,82.81,0.0
2026-10-03 14:46:30-07:00,80.0,82.73,0.0
2026-10-03 14:46:31-07:00,80.0,82.65,0.0
2026-10-03 14:46:32-07:00,80.0,82.57,0.0
2026-10-03 14:46:33-07:00,80.0,82.5,0.0
2026-10-03 14:46:34-07:00,80.0,82.42,0.0
2026-10-03 14:46:35-07:00,80.0,82.34,0.0
2026-10-03 14:46:36-07:00,80.0,82.26,0.0
2026-10-03 14:46:37-07:00,80.0,82.19,0.0
2026-10-03 14:46:38-07:00,80.0,82.11,0.0
2026-10-03 14:46:39-07:00,80.0,82.03,0.0
2026-10-03 14:46:40-07:00,80.0,81.96,0.0
2026-10-03 14:46:41-07:00,80.0,81.88,0.0
2026-10-03 14:46:42-07:00,80.0,81.8,0.0
2026-10-03 14:46:43-07:00,80.0,81.72,0.0
2026-10-03 14:46:44-07:00,80.0,81.65,0.0
2026-10-03 14:46:45-07:00,80.0,81.57,0.0
2026-10-03 14:46:46-07:00,80.0,81.49,0.0
2026-10-03 14:46:47-07:00,80.0,81.42,0.0
2026-10-03 14:46:48-07:00,80.0,81.34,0.0
2026-10-03 14:46:49-07:00,80.0,81.27,0.0
2026-10-03 14:46:50-07:00,80.0,81.19,0.0
2026-10-03 14:46:51-07:00,80.0,81.11,0.0
2026-10-03 14:46:52-07:00,80.0,81.04,0.0
2026-10-03 14:46:53-07:00,80.0,80.96,0.0
2026-10-03 14:46:54-07:00,80.0,80.89,0.0
2026-10-03 14:46:55-07:00,80.0,80.81,0.0
2026-10-03 14:46:56-07:00,80.0,80.74,0.0
2026-10-03 14:46:57-07:00,80.0,80.66,0.0
2026-10-03 14:46:58-07:00,80.0,80.58,0.0
2026-10-03 14:46:59-07:00,80.0,80.51,0.0
2026-10-03 14:47:00-07:00,80.0,80.43,0.0
2026-10-03 14:47:01-07:00,80.0,80.36,0.0
2026-10-03 14:47:02-07:00,80.0,80.28,0.0
2026-10-03 14:47:03-07:00,80.0,80.21,0.0
2026-10-03 14:47:04-07:00,80.0,80.13,0.0
2026-10-03 14:47:05-07:00,80.0,80.06,0.0
2026-10-03 14:47:06-07:00,80.0,79.99,0.0
2026-10-03 14:47:07-07:00,80.0,79.91,0.0
2026-10-03 14:47:08-07:00,80.0,79.84,0.0
2026-10-03 14:47:09-07:00,80.0,79.76,0.0
2026-10-03 14:47:10-07:00,75.0,79.69,0.0
2026-10-03 14:47:11-07:00,75.0,79.61,0.0
2026-10-03 14:47:12-07:00,75.0,79.54,0.0
2026-10-03 14:47:13-07:00,75.0,79.47,0.0
2026-10-03 14:47:14-07:00,75.0,79.39,0.0
2026-10-03 14:47:15-07:00,75.0,79.32,0.0
2026-10-03 14:47:16-07:00,75.0,79.24,0.0
2026-10-03 14:47:17-07:00,75.0,79.17,0.0
2026-10-03 14:47:18-07:00,75.0,79.1,0.0
2026-10-03 14:47:19-07:00,75.0,79.02,0.0
2026-10-03 14:47:20-07:00,75.0,78.95,0.0
2026-10-03 14:47:21-07:00,75.0,78.88,0.0
2026-10-03 14:47:22-07:00,75.0,78.8,0.0
2026-10-03 14:47:23-07:00,75.0,78.73,0.0
2026-10-03 14:47:24-07:00,75.0,78.66,0.0
2026-10-03 14:47:25-07:00,75.0,78.59,0.0
2026-10-03 14:47:26-07:00,75.0,78.51,0.0
2026-10-03 14:47:27-07:00,75.0,78.44,0.0
2026-10-03 14:47:28-07:00,75.0,78.37,0.0
2026-10-03 14:47:29-07:00,75.0,78.3,0.0
2026-10-03 14:47:30-07:00,75.0,78.22,0.0
2026-10-03 14:47:31-07:00,75.0,78.15,0.0
2026-10-03 14:47:32-07:00,75.0,78.08,0.0
2026-10-03 14:47:33-07:00,75.0,78.01,0.0
2026-10-03 14:47:34-07:00,75.0,77.94,0.0
2026-10-03 14:47:35-07:00,75.0,77.86,0.0
2026-10-03 14:47:36-07:00,75.0,77.79,0.0
2026-10-03 14:47:37-07:00,75.0,77.72,0.0
2026-10-03 14:47:38-07:00,75.0,77.65,0.0
2026-10-03 14:47:39-07:00,75.0,77.58,0.0
2026-10-03 14:47:40-07:00,75.0,77.51,0.0
2026-10-03 14:47:41-07:00,75.0,77.43,0.0
2026-10-03 14:47:42-07:00,75.0,77.36,0.0
2026-10-03 14:47:43-07:00,75.0,77.29,0.0
2026-10-03 14:47:44-07:00,75.0,77.22,0.0
2026-10-03 14:47:45-07:00,75.0,77.15,0.0
2026-10-03 14:47:46-07:00,75.0,77.08,0.0
2026-10-03 14:47:47-07:00,75.0,77.01,0.0
2026-10-03 14:47:48-07:00,75.0,76.94,0.0
2026-10-03 14:47:49-07:00,75.0,76.87,0.0
2026-10-03 14:47:50-07:00,75.0,76.8,0.0
2026-10-03 14:47:51-07:00,75.0,76.73,0.0
2026-10-03 14:47:52-07:00,75.0,76.65,0.0
2026-10-03 14:47:53-07:00,75.0,76.58,0.0
2026-10-03 14:47:54-07:00,75.0,76.51,0.0
2026-10-03 14:47:55-07:00,75.0,76.44,0.0
2026-10-03 14:47:56-07:00,75.0,76.37,0.0
2026-10-03 14:47:57-07:00,75.0,76.3,0.0
2026-10-03 14:47:58-07:00,75.0,76.23,0.0
2026-10-03 14:47:59-07:00,75.0,76.16,0.0
2026-10-03 14:48:00-07:00,75.0,76.1,0.0
2026-10-03 14:48:01-07:00,75.0,76.03,0.0
2026-10-03 14:48:02-07:00,75.0,75.96,0.0
2026-10-03 14:48:03-07:00,75.0,75.89,0.0
2026-10-03 14:48:04-07:00,75.0,75.82,0.0
2026-10-03 14:48:05-07:00,75.0,75.75,0.0
2026-10-03 14:48:06-07:00,75.0,75.68,0.0
2026-10-03 14:48:07-07:00,70.0,75.61,0.0
2026-10-03 14:48:08-07:00,70.0,75.54,0.0
2026-10-03 14:48:09-07:00,70.0,75.47,0.0
2026-10-03 14:48:10-07:00,70.0,75.4,0.0
2026-10-03 14:48:11-07:00,70.0,75.33,0.0
2026-10-03 14:48:12-07:00,70.0,75.27,0.0
2026-10-03 14:48:13-07:00,70.0,75.2,0.0
2026-10-03 14:48:14-07:00,70.0,75.13,0.0
2026-10-03 14:48:15-07:00,70.0,75.06,0.0
2026-10-03 14:48:16-07:00,70.0,74.99,0.0
2026-10-03 14:48:17-07:00,70.0,74.92,0.0
2026-10-03 14:48:18-07:00,70.0,74.86,0.0
2026-10-03 14:48:19-07:00,70.0,74.79,0.0
2026-10-03 14:48:20-07:00,70.0,74.72,0.0
2026-10-03 14:48:21-07:00,70.0,74.65,0.0
2026-10-03 14:48:22-07:00,70.0,74.58,0.0
2026-10-03 14:48:23-07:00,70.0,74.52,0.0
2026-10-03 14:48:24-07:00,70.0,74.45,0.0
2026-10-03 14:48:25-07:00,70.0,74.38,0.0
2026-10-03 14:48:26-07:00,70.0,74.31,0.0
2026-10-03 14:48:27-07:00,70.0,74.25,0.0
2026-10-03 14:48:28-07:00,70.0,74.18,0.0
2026-10-03 14:48:29-07:00,70.0,74.11,0.0
2026-10-03 14:48:30-07:00,70.0,74.05,0.0
2026-10-03 14:48:31-07:00,70.0,73.98,0.0
2026-10-03 14:48:32-07:00,70.0,73.91,0.0
2026-10-03 14:48:33-07:00,70.0,73.84,0.0
2026-10-03 14:48:34-07:00,70.0,73.78,0.0
2026-10-03 14:48:35-07:00,70.0,73.71,0.0
2026-10-03 14:48:36-07:00,70.0,73.64,0.0
2026-10-03 14:48:37-07:00,70.0,73.58,0.0
2026-10-03 14:48:38-07:00,70.0,73.51,0.0
2026-10-03 14:48:39-07:00,70.0,73.45,0.0
2026-10-03 14:48:40-07:00,70.0,73.38,0.0
2026-10-03 14:48:41-07:00,70.0,73.31,0.0
2026-10-03 14:48:42-07:00,70.0,73.25,0.0
2026-10-03 14:48:43-07:00,70.0,73.18,0.0
2026-10-03 14:48:44-07:00,70.0,73.12,0.0
2026-10-03 14:48:45-07:00,70.0,73.05,0.0
2026-10-03 14:48:46-07:00,70.0,72.98,0.0
2026-10-03 14:48:47-07:00,70.0,72.92,0.0
2026-10-03 14:48:48-07:00,70.0,72.85,0.0
2026-10-03 14:48:49-07:00,70.0,72.79,0.0
2026-10-03 14:48:50-07:00,70.0,72.72,0.0
2026-10-03 14:48:51-07:00,70.0,72.66,0.0
2026-10-03 14:48:52-07:00,70.0,72.59,0.0
2026-10-03 14:48:53-07:00,70.0,72.53,0.0
2026-10-03 14:48:54-07:00,70.0,72.46,0.0
2026-10-03 14:48:55-07:00,70.0,72.4,0.0
2026-10-03 14:48:56-07:00,70.0,72.33,0.0
2026-10-03 14:48:57-07:00,70.0,72.27,0.0
2026-10-03 14:48:58-07:00,70.0,72.2,0.0
2026-10-03 14:48:59-07:00,70.0,72.14,0.0
2026-10-03 14:49:00-07:00,70.0,72.07,0.0
2026-10-03 14:49:01-07:00,70.0,72.01,0.0
2026-10-03 14:49:02-07:00,70.0,71.94,0.0
2026-10-03 14:49:03-07:00,70.0,71.88,0.0
2026-10-03 14:49:04-07:00,70.0,71.81,0.0
2026-10-03 14:49:05-07:00,70.0,71.75,0.0
2026-10-03 14:49:06-07:00,70.0,71.69,0.0
2026-10-03 14:49:07-07:00,70.0,71.62,0.0
2026-10-03 14:49:08-07:00,70.0,71.56,0.0
2026-10-03 14:49:09-07:00,70.0,71.49,0.0
2026-10-03 14:49:10-07:00,65.0,71.43,0.0
2026-10-03 14:49:11-07:00,65.0,71.37,0.0
2026-10-03 14:49:12-07:00,65.0,71.3,0.0
2026-10-03 14:49:13-07:00,65.0,71.24,0.0
2026-10-03 14:49:14-07:00,65.0,71.18,0.0
2026-10-03 14:49:15-07:00,65.0,71.11,0.0
2026-10-03 14:49:16-07:00,65.0,71.05,0.0
2026-10-03 14:49:17-07:00,65.0,70.99,0.0
2026-10-03 14:49:18-07:00,65.0,70.92,0.0
2026-10-03 14:49:19-07:00,65.0,70.86,0.0
2026-10-03 14:49:20-07:00,65.0,70.8,0.0
2026-10-03 14:49:21-07:00,65.0,70.73,0.0
2026-10-03 14:49:22-07:00,65.0,70.67,0.0
2026-10-03 14:49:23-07:00,65.0,70.61,0.0
2026-10-03 14:49:24-07:00,65.0,70.55,0.0
2026-10-03 14:49:25-07:00,65.0,70.48,0.0
2026-10-03 14:49:26-07:00,65.0,70.42,0.0
2026-10-03 14:49:27-07:00,65.0,70.36,0.0
2026-10-03 14:49:28-07:00,65.0,70.3,0.0
2026-10-03 14:49:29-07:00,65.0,70.23,0.0
2026-10-03 14:49:30-07:00,65.0,70.17,0.0
2026-10-03 14:49:31-07:00,65.0,70.11,0.0
2026-10-03 14:49:32-07:00,65.0,70.05,0.0
2026-10-03 14:49:33-07:00,65.0,69.99,0.0
2026-10-03 14:49:34-07:00,65.0,69.92,0.0
2026-10-03 14:49:35-07:00,65.0,69.86,0.0
2026-10-03 14:49:36-07:00,65.0,69.8,0.0
2026-10-03 14:49:37-07:00,65.0,69.74,0.0
2026-10-03 14:49:38-07:00,65.0,69.68,0.0
2026-10-03 14:49:39-07:00,65.0,69.62,0.0
2026-10-03 14:49:40-07:00,65.0,69.55,0.0
2026-10-03 14:49:41-07:00,65.0,69.49,0.0
2026-10-03 14:49:42-07:00,65.0,69.43,0.0
2026-10-03 14:49:43-07:00,65.0,69.37,0.0
2026-10-03 14:49:44-07:00,65.0,69.31,0.0
2026-10-03 14:49:45-07:00,65.0,69.25,0.0
2026-10-03 14:49:46-07:00,65.0,69.19,0.0
2026-10-03 14:49:47-07:00,65.0,69.13,0.0
2026-10-03 14:49:48-07:00,65.0,69.07,0.0
2026-10-03 14:49:49-07:00,65.0,69.01,0.0
2026-10-03 14:49:50-07:00,65.0,68.94,0.0
2026-10-03 14:49:51-07:00,65.0,68.88,0.0
2026-10-03 14:49:52-07:00,65.0,68.82,0.0
2026-10-03 14:49:53-07:00,65.0,68.76,0.0
2026-10-03 14:49:54-07:00,65.0,68.7,0.0
2026-10-03 14:49:55-07:00,65.0,68.64,0.0
2026-10-03 14:49:56-07:00,65.0,68.58,0.0
2026-10-03 14:49:57-07:00,65.0,68.52,0.0
2026-10-03 14:49:58-07:00,65.0,68.46,0.0
2026-10-03 14:49:59-07:00,65.0,68.4,0.0
2026-10-03 14:50:00-07:00,65.0,68.34,0.0
2026-10-03 14:50:01-07:00,65.0,68.28,0.0
2026-10-03 14:50:02-07:00,65.0,68.22,0.0
2026-10-03 14:50:03-07:00,65.0,68.16,0.0
2026-10-03 14:50:04-07:00,65.0,68.1,0.0
2026-10-03 14:50:05-07:00,65.0,68.04,0.0
2026-10-03 14:50:06-07:00,65.0,67.99,0.0
2026-10-03 14:50:07-07:00,65.0,67.93,0.0
2026-10-03 14:50:08-07:00,65.0,67.87,0.0
2026-10-03 14:50:09-07:00,65.0,67.81,0.0
2026-10-03 14:50:10-07:00,65.0,67.75,0.0
2026-10-03 14:50:11-07:00,65.0,67.69,0.0
2026-10-03 14:50:12-07:00,65.0,67.63,0.0
2026-10-03 14:50:13-07:00,65.0,67.57,0.0
2026-10-03 14:50:14-07:00,65.0,67.51,0.0
2026-10-03 14:50:15-07:00,65.0,67.45,0.0
2026-10-03 14:50:16-07:00,65.0,67.39,0.0
2026-10-03 14:50:17-07:00,65.0,67.34,0.0
2026-10-03 14:50:18-07:00,65.0,67.28,0.0
2026-10-03 14:50:19-07:00,65.0,67.22,0.0
2026-10-03 14:50:20-07:00,65.0,67.16,0.0
2026-10-03 14:50:21-07:00,65.0,67.1,0.0
2026-10-03 14:50:22-07:00,65.0,67.04,0.0
2026-10-03 14:50:23-07:00,60.0,66.99,0.0
2026-10-03 14:50:24-07:00,60.0,66.93,0.0
2026-10-03 14:50:25-07:00,60.0,66.87,0.0
2026-10-03 14:50:26-07:00,60.0,66.81,0.0
2026-10-03 14:50:27-07:00,60.0,66.75,0.0
2026-10-03 14:50:28-07:00,60.0,66.7,0.0
2026-10-03 14:50:29-07:00,60.0,66.64,0.0
2026-10-03 14:50:30-07:00,60.0,66.58,0.0
2026-10-03 14:50:31-07:00,60.0,66.52,0.0
2026-10-03 14:50:32-07:00,60.0,66.47,0.0
2026-10-03 14:50:33-07:00,60.0,66.41,0.0
2026-10-03 14:50:34-07:00,60.0,66.35,0.0
2026-10-03 14:50:35-07:00,60.0,66.29,0.0
2026-10-03 14:50:36-07:00,60.0,66.24,0.0
2026-10-03 14:50:37-07:00,60.0,66.18,0.0
2026-10-03 14:50:38-07:00,60.0,66.12,0.0
2026-10-03 14:50:39-07:00,60.0,66.07,0.0
2026-10-03 14:50:40-07:00,60.0,66.01,0.0
2026-10-03 14:50:41-07:00,60.0,65.95,0.0
2026-10-03 14:50:42-07:00,60.0,65.89,0.0
2026-10-03 14:50:43-07:00,60.0,65.84,0.0
2026-10-03 14:50:44-07:00,60.0,65.78,0.0
2026-10-03 14:50:45-07:00,60.0,65.73,0.0
2026-10-03 14:50:46-07:00,60.0,65.67,0.0
2026-10-03 14:50:47-07:00,60.0,65.61,0.0
2026-10-03 14:50:48-07:00,60.0,65.56,0.0
2026-10-03 14:50:49-07:00,60.0,65.5,0.0
2026-10-03 14:50:50-07:00,60.0,65.44,0.0
2026-10-03 14:50:51-07:00,60.0,65.39,0.0
2026-10-03 14:50:52-07:00,60.0,65.33,0.0
2026-10-03 14:50:53-07:00,60.0,65.28,0.0
2026-10-03 14:50:54-07:00,60.0,65.22,0.0
2026-10-03 14:50:55-07:00,60.0,65.16,0.0
2026-10-03 14:50:56-07:00,60.0,65.11,0.0
2026-10-03 14:50:57-07:00,60.0,65.05,0.0
2026-10-03 14:50:58-07:00,60.0,65.0,0.0
2026-10-03 14:50:59-07:00,60.0,64.94,0.0
2026-10-03 14:51:00-07:00,60.0,64.89,0.0
2026-10-03 14:51:01-07:00,60.0,64.83,0.0
2026-10-03 14:51:02-07:00,60.0,64.77,0.0
2026-10-03 14:51:03-07:00,60.0,64.72,0.0
2026-10-03 14:51:04-07:00,60.0,64.66,0.0
2026-10-03 14:51:05-07:00,60.0,64.61,0.0
2026-10-03 14:51:06-07:00,60.0,64.55,0.0
2026-10-03 14:51:07-07:00,60.0,64.5,0.0
2026-10-03 14:51:08-07:00,60.0,64.44,0.0
2026-10-03 14:51:09-07:00,60.0,64.39,0.0
2026-10-03 14:51:10-07:00,60.0,64.33,0.0
2026-10-03 14:51:11-07:00,60.0,64.28,0.0
2026-10-03 14:51:12-07:00,60.0,64.22,0.0
2026-10-03 14:51:13-07:00,60.0,64.17,0.0
2026-10-03 14:51:14-07:00,60.0,64.12,0.0
2026-10-03 14:51:15-07:00,60.0,64.06,0.0
2026-10-03 14:51:16-07:00,60.0,64.01,0.0
2026-10-03 14:51:17-07:00,60.0,63.95,0.0
2026-10-03 14:51:18-07:00,60.0,63.9,0.0
2026-10-03 14:51:19-07:00,60.0,63.84,0.0
2026-10-03 14:51:20-07:00,60.0,63.79,0.0
2026-10-03 14:51:21-07:00,60.0,63.74,0.0
2026-10-03 14:51:22-07:00,60.0,63.68,0.0
2026-10-03 14:51:23-07:00,60.0,63.63,0.0
2026-10-03 14:51:24-07:00,60.0,63.57,0.0
2026-10-03 14:51:25-07:00,60.0,63.52,0.0
2026-10-03 14:51:26-07:00,60.0,63.47,0.0
2026-10-03 14:51:27-07:00,60.0,63.41,0.0
2026-10-03 14:51:28-07:00,60.0,63.36,0.0
2026-10-03 14:51:29-07:00,60.0,63.31,0.0
2026-10-03 14:51:30-07:00,60.0,63.25,0.0
2026-10-03 14:51:31-07:00,60.0,63.2,0.0
2026-10-03 14:51:32-07:00,60.0,63.15,0.0
2026-10-03 14:51:33-07:00,60.0,63.09,0.0
2026-10-03 14:51:34-07:00,60.0,63.04,0.0
2026-10-03 14:51:35-07:00,60.0,62.99,0.0
2026-10-03 14:51:36-07:00,60.0,62.93,0.0
2026-10-03 14:51:37-07:00,60.0,62.88,0.0
2026-10-03 14:51:38-07:00,60.0,62.83,0.0
2026-10-03 14:51:39-07:00,60.0,62.77,0.0
2026-10-03 14:51:40-07:00,60.0,62.72,0.0
2026-10-03 14:51:41-07:00,60.0,62.67,0.0
2026-10-03 14:51:42-07:00,60.0,62.62,0.0
2026-10-03 14:51:43-07:00,60.0,62.56,0.0
2026-10-03 14:51:44-07:00,60.0,62.51,0.0
2026-10-03 14:51:45-07:00,60.0,62.46,0.0
2026-10-03 14:51:46-07:00,60.0,62.41,0.0
2026-10-03 14:51:47-07:00,60.0,62.35,0.0
2026-10-03 14:51:48-07:00,60.0,62.3,0.0
2026-10-03 14:51:49-07:00,60.0,62.25,0.0
2026-10-03 14:51:50-07:00,60.0,62.2,0.0
2026-10-03 14:51:51-07:00,60.0,62.14,0.0
2026-10-03 14:51:52-07:00,60.0,62.09,0.0
2026-10-03 14:51:53-07:00,60.0,62.04,0.0
2026-10-03 14:51:54-07:00,55.0,61.99,0.0
2026-10-03 14:51:55-07:00,55.0,61.94,0.0
2026-10-03 14:51:56-07:00,55.0,61.89,0.0
2026-10-03 14:51:57-07:00,55.0,61.83,0.0
2026-10-03 14:51:58-07:00,55.0,61.78,0.0
2026-10-03 14:51:59-07:00,55.0,61.73,0.0
2026-10-03 14:52:00-07:00,55.0,61.68,0.0
2026-10-03 14:52:01-07:00,55.0,61.63,0.0
2026-10-03 14:52:02-07:00,55.0,61.58,0.0
2026-10-03 14:52:03-07:00,55.0,61.53,0.0
2026-10-03 14:52:04-07:00,55.0,61.47,0.0
2026-10-03 14:52:05-07:00,55.0,61.42,0.0
2026-10-03 14:52:06-07:00,55.0,61.37,0.0
2026-10-03 14:52:07-07:00,55.0,61.32,0.0
2026-10-03 14:52:08-07:00,55.0,61.27,0.0
2026-10-03 14:52:09-07:00,55.0,61.22,0.0
2026-10-03 14:52:10-07:00,55.0,61.17,0.0
2026-10-03 14:52:11-07:00,55.0,61.12,0.0
2026-10-03 14:52:12-07:00,55.0,61.07,0.0
2026-10-03 14:52:13-07:00,55.0,61.02,0.0
2026-10-03 14:52:14-07:00,55.0,60.97,0.0
2026-10-03 14:52:15-07:00,55.0,60.92,0.0
2026-10-03 14:52:16-07:00,55.0,60.86,0.0
2026-10-03 14:52:17-07:00,55.0,60.81,0.0
2026-10-03 14:52:18-07:00,55.0,60.76,0.0
2026-10-03 14:52:19-07:00,55.0,60.71,0.0
2026-10-03 14:52:20-07:00,55.0,60.66,0.0
2026-10-03 14:52:21-07:00,55.0,60.61,0.0
2026-10-03 14:52:22-07:00,55.0,60.56,0.0
2026-10-03 14:52:23-07:00,55.0,60.51,0.0
2026-10-03 14:52:24-07:00,55.0,60.46,0.0
2026-10-03 14:52:25-07:00,55.0,60.41,0.0
2026-10-03 14:52:26-07:00,55.0,60.36,0.0
2026-10-03 14:52:27-07:00,55.0,60.31,0.0
2026-10-03 14:52:28-07:00,55.0,60.26,0.0
2026-10-03 14:52:29-07:00,55.0,60.21,0.0
2026-10-03 14:52:30-07:00,55.0,60.17,0.0
2026-10-03 14:52:31-07:00,55.0,60.12,0.0
2026-10-03 14:52:32-07:00,55.0,60.07,0.0
2026-10-03 14:52:33-07:00,55.0,60.02,0.0
2026-10-03 14:52:34-07:00,55.0,59.97,0.0
2026-10-03 14:52:35-07:00,55.0,59.92,0.0
2026-10-03 14:52:36-07:00,55.0,59.87,0.0
2026-10-03 14:52:37-07:00,55.0,59.82,0.0
2026-10-03 14:52:38-07:00,55.0,59.77,0.0
2026-10-03 14:52:39-07:00,55.0,59.72,0.0
2026-10-03 14:52:40-07:00,55.0,59.67,0.0
2026-10-03 14:52:41-07:00,55.0,59.62,0.0
2026-10-03 14:52:42-07:00,55.0,59.58,0.0
2026-10-03 14:52:43-07:00,55.0,59.53,0.0
2026-10-03 14:52:44-07:00,55.0,59.48,0.0
2026-10-03 14:52:45-07:00,55.0,59.43,0.0
2026-10-03 14:52:46-07:00,55.0,59.38,0.0
2026-10-03 14:52:47-07:00,55.0,59.33,0.0
2026-10-03 14:52:48-07:00,55.0,59.28,0.0
2026-10-03 14:52:49-07:00,55.0,59.24,0.0
2026-10-03 14:52:50-07:00,55.0,59.19,0.0
2026-10-03 14:52:51-07:00,55.0,59.14,0.0
2026-10-03 14:52:52-07:00,55.0,59.09,0.0
2026-10-03 14:52:53-07:00,55.0,59.04,0.0
2026-10-03 14:52:54-07:00,55.0,58.99,0.0
2026-10-03 14:52:55-07:00,55.0,58.95,0.0
2026-10-03 14:52:56-07:00,55.0,58.9,0.0
2026-10-03 14:52:57-07:00,55.0,58.85,0.0
2026-10-03 14:52:58-07:00,55.0,58.8,0.0
2026-10-03 14:52:59-07:00,55.0,58.76,0.0
2026-10-03 14:53:00-07:00,55.0,58.71,0.0
2026-10-03 14:53:01-07:00,55.0,58.66,0.0
2026-10-03 14:53:02-07:00,55.0,58.61,0.0
2026-10-03 14:53:03-07:00,55.0,58.56,0.0
2026-10-03 14:53:04-07:00,55.0,58.52,0.0
2026-10-03 14:53:05-07:00,55.0,58.47,0.0
2026-10-03 14:53:06-07:00,55.0,58.42,0.0
2026-10-03 14:53:07-07:00,55.0,58.38,0.0
2026-10-03 14:53:08-07:00,55.0,58.33,0.0
2026-10-03 14:53:09-07:00,55.0,58.28,0.0
2026-10-03 14:53:10-07:00,55.0,58.23,0.0
2026-10-03 14:53:11-07:00,55.0,58.19,0.0
2026-10-03 14:53:12-07:00,55.0,58.14,0.0
2026-10-03 14:53:13-07:00,55.0,58.09,0.0
2026-10-03 14:53:14-07:00,55.0,58.05,0.0
2026-10-03 14:53:15-07:00,55.0,58.0,-27.8
2026-10-03 14:53:16-07:00,55.0,57.96,-27.8
2026-10-03 14:53:17-07:00,55.0,57.91,0.0
2026-10-03 14:53:18-07:00,55.0,57.86,0.0
2026-10-03 14:53:19-07:00,55.0,57.82,0.0
2026-10-03 14:53:20-07:00,55.0,57.77,0.0
2026-10-03 14:53:21-07:00,55.0,57.73,0.0
2026-10-03 14:53:22-07:00,55.0,57.68,0.0
2026-10-03 14:53:23-07:00,55.0,57.63,0.0
2026-10-03 14:53:24-07:00,55.0,57.59,0.0
2026-10-03 14:53:25-07:00,55.0,57.54,0.0
2026-10-03 14:53:26-07:00,55.0,57.49,0.0
2026-10-03 14:53:27-07:00,55.0,57.45,0.0
2026-10-03 14:53:28-07:00,55.0,57.4,0.0
2026-10-03 14:53:29-07:00,55.0,57.36,0.0
2026-10-03 14:53:30-07:00,55.0,57.31,0.0
2026-10-03 14:53:31-07:00,55.0,57.26,0.0
2026-10-03 14:53:32-07:00,55.0,57.22,0.0
2026-10-03 14:53:33-07:00,55.0,57.17,0.0
2026-10-03 14:53:34-07:00,55.0,57.13,0.0
2026-10-03 14:53:35-07:00,50.0,57.08,0.0
2026-10-03 14:53:36-07:00,55.0,57.04,0.0
2026-10-03 14:53:37-07:00,50.0,56.99,0.0
2026-10-03 14:53:38-07:00,50.0,56.94,0.0
2026-10-03 14:53:39-07:00,50.0,56.9,0.0
2026-10-03 14:53:40-07:00,50.0,56.85,0.0
2026-10-03 14:53:41-07:00,50.0,56.81,0.0
2026-10-03 14:53:42-07:00,50.0,56.76,0.0
2026-10-03 14:53:43-07:00,50.0,56.72,0.0
2026-10-03 14:53:44-07:00,50.0,56.67,0.0
2026-10-03 14:53:45-07:00,50.0,56.63,0.0
2026-10-03 14:53:46-07:00,50.0,56.58,0.0
2026-10-03 14:53:47-07:00,50.0,56.54,0.0
2026-10-03 14:53:48-07:00,50.0,56.49,0.0
2026-10-03 14:53:49-07:00,50.0,56.45,0.0
2026-10-03 14:53:50-07:00,50.0,56.4,0.0
2026-10-03 14:53:51-07:00,50.0,56.36,0.0
2026-10-03 14:53:52-07:00,50.0,56.31,0.0
2026-10-03 14:53:53-07:00,50.0,56.27,0.0
2026-10-03 14:53:54-07:00,50.0,56.22,0.0
2026-10-03 14:53:55-07:00,50.0,56.18,0.0
2026-10-03 14:53:56-07:00,50.0,56.14,0.0
2026-10-03 14:53:57-07:00,50.0,56.09,0.0
2026-10-03 14:53:58-07:00,50.0,56.05,0.0
2026-10-03 14:53:59-07:00,50.0,56.0,0.0
2026-10-03 14:54:00-07:00,50.0,55.96,0.0
2026-10-03 14:54:01-07:00,50.0,55.91,0.0
2026-10-03 14:54:02-07:00,50.0,55.87,0.0
2026-10-03 14:54:03-07:00,50.0,55.83,0.0
2026-10-03 14:54:04-07:00,50.0,55.78,0.0
2026-10-03 14:54:05-07:00,50.0,55.74,0.0
2026-10-03 14:54:06-07:00,50.0,55.69,0.0
2026-10-03 14:54:07-07:00,50.0,55.65,0.0
2026-10-03 14:54:08-07:00,50.0,55.61,0.0
2026-10-03 14:54:09-07:00,50.0,55.56,0.0
2026-10-03 14:54:10-07:00,50.0,55.52,0.0
2026-10-03 14:54:11-07:00,50.0,55.47,0.0
2026-10-03 14:54:12-07:00,50.0,55.43,0.0
2026-10-03 14:54:13-07:00,50.0,55.39,0.0
2026-10-03 14:54:14-07:00,50.0,55.34,0.0
2026-10-03 14:54:15-07:00,50.0,55.3,0.0
2026-10-03 14:54:16-07:00,50.0,55.26,0.0
2026-10-03 14:54:17-07:00,50.0,55.21,0.0
2026-10-03 14:54:18-07:00,50.0,55.17,0.0
2026-10-03 14:54:19-07:00,50.0,55.13,0.0
2026-10-03 14:54:20-07:00,50.0,55.08,0.0
2026-10-03 14:54:21-07:00,50.0,55.04,0.0
2026-10-03 14:54:22-07:00,50.0,55.0,0.0
2026-10-03 14:54:23-07:00,50.0,54.96,0.0
2026-10-03 14:54:24-07:00,50.0,54.91,0.0
2026-10-03 14:54:25-07:00,50.0,54.87,0.0
2026-10-03 14:54:26-07:00,50.0,54.83,0.0
2026-10-03 14:54:27-07:00,50.0,54.78,0.0
2026-10-03 14:54:28-07:00,50.0,54.74,0.0
2026-10-03 14:54:29-07:00,50.0,54.7,0.0
2026-10-03 14:54:30-07:00,50.0,54.66,0.0
2026-10-03 14:54:31-07:00,50.0,54.61,0.0
2026-10-03 14:54:32-07:00,50.0,54.57,0.0
2026-10-03 14:54:33-07:00,50.0,54.53,0.0
2026-10-03 14:54:34-07:00,50.0,54.49,0.0
2026-10-03 14:54:35-07:00,50.0,54.44,0.0
2026-10-03 14:54:36-07:00,50.0,54.4,0.0
2026-10-03 14:54:37-07:00,50.0,54.36,0.0
2026-10-03 14:54:38-07:00,50.0,54.32,0.0
2026-10-03 14:54:39-07:00,50.0,54.28,0.0
2026-10-03 14:54:40-07:00,50.0,54.23,22.7
2026-10-03 14:54:41-07:00,50.0,54.19,0.0
2026-10-03 14:54:42-07:00,50.0,54.15,0.0
2026-10-03 14:54:43-07:00,50.0,54.11,58.2
2026-10-03 14:54:44-07:00,50.0,54.08,38.3
2026-10-03 14:54:45-07:00,50.0,54.04,26.8
2026-10-03 14:54:46-07:00,50.0,54.0,69.2
2026-10-03 14:54:47-07:00,50.0,53.97,294.2
2026-10-03 14:54:48-07:00,50.0,54.18,122.4
2026-10-03 14:54:49-07:00,50.0,54.18,96.8
2026-10-03 14:54:50-07:00,50.0,54.17,139.4
2026-10-03 14:54:51-07:00,50.0,54.18,143.7
2026-10-03 14:54:52-07:00,50.0,54.2,142.5
2026-10-03 14:54:53-07:00,50.0,54.22,137.9
2026-10-03 14:54:54-07:00,50.0,54.24,72.4
2026-10-03 14:54:55-07:00,50.0,54.22,31.2
2026-10-03 14:54:56-07:00,50.0,54.18,85.4
2026-10-03 14:54:57-07:00,50.0,54.16,89.9
2026-10-03 14:54:58-07:00,50.0,54.15,96.3
2026-10-03 14:54:59-07:00,50.0,54.13,98.6
2026-10-03 14:55:00-07:00,50.0,54.12,144.1
2026-10-03 14:55:01-07:00,50.0,54.14,162.6
2026-10-03 14:55:02-07:00,50.0,54.18,151.3
2026-10-03 14:55:03-07:00,50.0,54.2,168.4
2026-10-03 14:55:04-07:00,50.0,54.24,168.0
2026-10-03 14:55:05-07:00,50.0,54.28,120.0
2026-10-03 14:55:06-07:00,50.0,54.29,173.7
2026-10-03 14:55:07-07:00,50.0,54.33,204.1
2026-10-03 14:55:08-07:00,50.0,54.41,200.4
2026-10-03 14:55:09-07:00,50.0,54.49,205.8
2026-10-03 14:55:10-07:00,50.0,54.57,199.7
2026-10-03 14:55:11-07:00,50.0,54.64,68.0
2026-10-03 14:55:12-07:00,50.0,54.62,48.0
2026-10-03 14:55:13-07:00,50.0,54.59,23.3
2026-10-03 14:55:14-07:00,50.0,54.55,47.6
2026-10-03 14:55:15-07:00,50.0,54.52,59.6
2026-10-03 14:55:16-07:00,50.0,54.49,104.4
2026-10-03 14:55:17-07:00,50.0,54.49,56.3
2026-10-03 14:55:18-07:00,50.0,54.46,80.1
2026-10-03 14:55:19-07:00,50.0,54.44,113.4
2026-10-03 14:55:20-07:00,50.0,54.44,138.6
2026-10-03 14:55:21-07:00,50.0,54.45,165.5
2026-10-03 14:55:22-07:00,50.0,54.49,-22.1
2026-10-03 14:55:23-07:00,50.0,54.46,-36.7
2026-10-03 14:55:24-07:00,50.0,54.42,105.5
2026-10-03 14:55:25-07:00,50.0,54.42,105.8
2026-10-03 14:55:26-07:00,50.0,54.41,98.4
2026-10-03 14:55:27-07:00,50.0,54.41,37.4
2026-10-03 14:55:28-07:00,50.0,54.37,5.8
2026-10-03 14:55:29-07:00,50.0,54.34,54.9
2026-10-03 14:55:30-07:00,50.0,54.31,54.7
2026-10-03 14:55:31-07:00,50.0,54.28,62.4
2026-10-03 14:55:32-07:00,50.0,54.26,53.9
2026-10-03 14:55:33-07:00,50.0,54.23,80.5
2026-10-03 14:55:34-07:00,50.0,54.21,89.9
2026-10-03 14:55:35-07:00,50.0,54.2,-32.9
2026-10-03 14:55:36-07:00,50.0,54.17,56.2
2026-10-03 14:55:37-07:00,50.0,54.14,97.1
2026-10-03 14:55:38-07:00,50.0,54.13,83.4
2026-10-03 14:55:39-07:00,50.0,54.11,98.2
2026-10-03 14:55:40-07:00,50.0,54.1,216.6
2026-10-03 14:55:41-07:00,50.0,54.19,222.4
2026-10-03 14:55:42-07:00,50.0,54.29,226.4
2026-10-03 14:55:43-07:00,50.0,54.4,142.1
2026-10-03 14:55:44-07:00,50.0,54.42,203.2
2026-10-03 14:55:45-07:00,50.0,54.5,162.3
2026-10-03 14:55:46-07:00,50.0,54.54,160.6
2026-10-03 14:55:47-07:00,55.0,54.57,25.8
2026-10-03 14:55:48-07:00,55.0,54.54,47.9
2026-10-03 14:55:49-07:00,55.0,54.51,58.4
2026-10-03 14:55:50-07:00,55.0,54.48,44.0
2026-10-03 14:55:51-07:00,55.0,54.45,55.3
2026-10-03 14:55:52-07:00,55.0,54.42,54.8
2026-10-03 14:55:53-07:00,55.0,54.39,58.0
2026-10-03 14:55:54-07:00,55.0,54.37,55.4
2026-10-03 14:55:55-07:00,55.0,54.34,57.8
2026-10-03 14:55:56-07:00,55.0,54.31,-11.6
2026-10-03 14:55:57-07:00,55.0,54.28,138.9
2026-10-03 14:55:58-07:00,55.0,54.29,130.2
2026-10-03 14:55:59-07:00,55.0,54.31,69.6
2026-10-03 14:56:00-07:00,55.0,54.29,-12.8
2026-10-03 14:56:01-07:00,55.0,54.25,110.5
2026-10-03 14:56:02-07:00,55.0,54.25,-28.7
2026-10-03 14:56:03-07:00,55.0,54.22,27.7
2026-10-03 14:56:04-07:00,55.0,54.18,54.0
2026-10-03 14:56:05-07:00,55.0,54.16,57.7
2026-10-03 14:56:06-07:00,55.0,54.13,41.6
2026-10-03 14:56:07-07:00,55.0,54.1,40.7
2026-10-03 14:56:08-07:00,55.0,54.07,36.8
2026-10-03 14:56:09-07:00,55.0,54.03,116.8
2026-10-03 14:56:10-07:00,55.0,54.03,210.2
2026-10-03 14:56:11-07:00,55.0,54.12,196.2
2026-10-03 14:56:12-07:00,55.0,54.19,207.5
2026-10-03 14:56:13-07:00,55.0,54.28,184.8
2026-10-03 14:56:14-07:00,55.0,54.34,184.6
2026-10-03 14:56:15-07:00,55.0,54.4,182.7
2026-10-03 14:56:16-07:00,55.0,54.45,3.9
2026-10-03 14:56:17-07:00,55.0,54.42,-29.6
2026-10-03 14:56:18-07:00,55.0,54.38,-25.8
2026-10-03 14:56:19-07:00,55.0,54.35,-23.8
2026-10-03 14:56:20-07:00,55.0,54.31,-37.6
2026-10-03 14:56:21-07:00,55.0,54.28,-23.8
2026-10-03 14:56:22-07:00,55.0,54.25,3.5
2026-10-03 14:56:23-07:00,55.0,54.21,30.6
2026-10-03 14:56:24-07:00,55.0,54.17,56.2
2026-10-03 14:56:25-07:00,55.0,54.15,96.6
2026-10-03 14:56:26-07:00,55.0,54.13,-21.0
2026-10-03 14:56:27-07:00,55.0,54.1,3.7
2026-10-03 14:56:28-07:00,55.0,54.06,33.8
2026-10-03 14:56:29-07:00,55.0,54.03,36.6
2026-10-03 14:56:30-07:00,55.0,54.0,42.0
2026-10-03 14:56:31-07:00,55.0,53.97,40.1
2026-10-03 14:56:32-07:00,55.0,53.93,42.7
2026-10-03 14:56:33-07:00,55.0,53.9,36.7
2026-10-03 14:56:34-07:00,55.0,53.87,43.4
2026-10-03 14:56:35-07:00,55.0,53.84,46.8
2026-10-03 14:56:36-07:00,55.0,53.81,46.1
2026-10-03 14:56:37-07:00,55.0,53.78,42.0
2026-10-03 14:56:38-07:00,55.0,53.75,50.6
2026-10-03 14:56:39-07:00,55.0,53.72,44.3
2026-10-03 14:56:40-07:00,55.0,53.69,53.4
2026-10-03 14:56:41-07:00,55.0,53.66,51.5
2026-10-03 14:56:42-07:00,55.0,53.63,175.1
2026-10-03 14:56:43-07:00,55.0,53.68,183.7
2026-10-03 14:56:44-07:00,55.0,53.74,142.1
2026-10-03 14:56:45-07:00,55.0,53.75,127.7
2026-10-03 14:56:46-07:00,55.0,53.76,109.0
2026-10-03 14:56:47-07:00,55.0,53.76,201.9
2026-10-03 14:56:48-07:00,55.0,53.84,197.9
2026-10-03 14:56:49-07:00,55.0,53.91,176.8
2026-10-03 14:56:50-07:00,55.0,53.96,177.8
2026-10-03 14:56:51-07:00,55.0,54.01,159.3
2026-10-03 14:56:52-07:00,55.0,54.05,87.2
2026-10-03 14:56:53-07:00,55.0,54.04,96.6
2026-10-03 14:56:54-07:00,55.0,54.03,88.5
2026-10-03 14:56:55-07:00,55.0,54.01,32.2
2026-10-03 14:56:56-07:00,55.0,53.98,37.6
2026-10-03 14:56:57-07:00,55.0,53.95,54.0
2026-10-03 14:56:58-07:00,55.0,53.92,-16.1
2026-10-03 14:56:59-07:00,55.0,53.88,44.1
2026-10-03 14:57:00-07:00,55.0,53.85,95.2
2026-10-03 14:57:01-07:00,55.0,53.84,65.2
2026-10-03 14:57:02-07:00,55.0,53.82,66.9
2026-10-03 14:57:03-07:00,55.0,53.79,67.8
2026-10-03 14:57:04-07:00,55.0,53.77,-31.1
2026-10-03 14:57:05-07:00,55.0,53.74,44.6
2026-10-03 14:57:06-07:00,55.0,53.71,47.8
2026-10-03 14:57:07-07:00,55.0,53.68,53.8
2026-10-03 14:57:08-07:00,55.0,53.65,42.5
2026-10-03 14:57:09-07:00,55.0,53.62,55.7
2026-10-03 14:57:10-07:00,55.0,53.59,77.7
2026-10-03 14:57:11-07:00,55.0,53.57,97.8
2026-10-03 14:57:12-07:00,55.0,53.57,90.0
2026-10-03 14:57:13-07:00,55.0,53.55,-35.6
2026-10-03 14:57:14-07:00,55.0,53.52,95.2
2026-10-03 14:57:15-07:00,55.0,53.51,47.4
2026-10-03 14:57:16-07:00,55.0,53.48,126.1
2026-10-03 14:57:17-07:00,55.0,53.49,119.4
2026-10-03 14:57:18-07:00,55.0,53.49,115.0
2026-10-03 14:57:19-07:00,55.0,53.49,158.9
2026-10-03 14:57:20-07:00,55.0,53.53,149.0
2026-10-03 14:57:21-07:00,55.0,53.55,182.7
2026-10-03 14:57:22-07:00,55.0,53.61,189.2
2026-10-03 14:57:23-07:00,55.0,53.68,185.7
2026-10-03 14:57:24-07:00,55.0,53.74,172.8
2026-10-03 14:57:25-07:00,55.0,53.79,184.7
2026-10-03 14:57:26-07:00,55.0,53.85,8.1
2026-10-03 14:57:27-07:00,55.0,53.81,5.6
2026-10-03 14:57:28-07:00,55.0,53.78,2.0
2026-10-03 14:57:29-07:00,55.0,53.74,1.5
2026-10-03 14:57:30-07:00,55.0,53.7,113.7
2026-10-03 14:57:31-07:00,55.0,53.7,101.1
2026-10-03 14:57:32-07:00,55.0,53.7,106.2
2026-10-03 14:57:33-07:00,55.0,53.69,79.5
2026-10-03 14:57:34-07:00,55.0,53.68,118.0
2026-10-03 14:57:35-07:00,55.0,53.68,17.2
2026-10-03 14:57:36-07:00,55.0,53.65,69.5
2026-10-03 14:57:37-07:00,55.0,53.63,66.8
2026-10-03 14:57:38-07:00,55.0,53.6,58.2
2026-10-03 14:57:39-07:00,55.0,53.58,70.9
2026-10-03 14:57:40-07:00,55.0,53.56,40.3
2026-10-03 14:57:41-07:00,55.0,53.53,66.9
2026-10-03 14:57:42-07:00,55.0,53.51,-32.2
2026-10-03 14:57:43-07:00,55.0,53.47,52.6
2026-10-03 14:57:44-07:00,55.0,53.45,60.0
2026-10-03 14:57:45-07:00,55.0,53.42,52.9
2026-10-03 14:57:46-07:00,55.0,53.39,56.4
2026-10-03 14:57:47-07:00,55.0,53.37,124.6
2026-10-03 14:57:48-07:00,55.0,53.37,180.2
2026-10-03 14:57:49-07:00,55.0,53.43,184.7
2026-10-03 14:57:50-07:00,55.0,53.49,194.7
2026-10-03 14:57:51-07:00,55.0,53.56,191.6
2026-10-03 14:57:52-07:00,55.0,53.63,189.8
2026-10-03 14:57:53-07:00,55.0,53.69,158.8
2026-10-03 14:57:54-07:00,55.0,53.73,-28.9
2026-10-03 14:57:55-07:00,55.0,53.7,-24.9
2026-10-03 14:57:56-07:00,55.0,53.66,-29.3
2026-10-03 14:57:57-07:00,55.0,53.63,-39.0
2026-10-03 14:57:58-07:00,55.0,53.6,-23.0
2026-10-03 14:57:59-07:00,55.0,53.56,-18.7
2026-10-03 14:58:00-07:00,55.0,53.52,-19.7
2026-10-03 14:58:01-07:00,55.0,53.49,-32.3
2026-10-03 14:58:02-07:00,55.0,53.45,-29.6
2026-10-03 14:58:03-07:00,55.0,53.42,194.0
2026-10-03 14:58:04-07:00,55.0,53.49,-14.8
2026-10-03 14:58:05-07:00,55.0,53.45,88.3
2026-10-03 14:58:06-07:00,55.0,53.43,-31.5
2026-10-03 14:58:07-07:00,55.0,53.4,152.4
2026-10-03 14:58:08-07:00,55.0,53.43,-5.6
2026-10-03 14:58:09-07:00,55.0,53.39,-10.2
2026-10-03 14:58:10-07:00,55.0,53.35,23.8
2026-10-03 14:58:11-07:00,55.0,53.32,125.1
2026-10-03 14:58:12-07:00,55.0,53.33,65.0
2026-10-03 14:58:13-07:00,55.0,53.3,122.1
2026-10-03 14:58:14-07:00,55.0,53.31,114.6
2026-10-03 14:58:15-07:00,55.0,53.31,120.2
2026-10-03 14:58:16-07:00,55.0,53.31,113.7
2026-10-03 14:58:17-07:00,55.0,53.31,104.7
2026-10-03 14:58:18-07:00,55.0,53.31,124.4
2026-10-03 14:58:19-07:00,55.0,53.32,98.0
2026-10-03 14:58:20-07:00,55.0,53.31,136.0
2026-10-03 14:58:21-07:00,55.0,53.33,109.4
2026-10-03 14:58:22-07:00,55.0,53.33,113.1
2026-10-03 14:58:23-07:00,55.0,53.33,144.4
2026-10-03 14:58:24-07:00,55.0,53.35,128.5
2026-10-03 14:58:25-07:00,55.0,53.36,139.1
2026-10-03 14:58:26-07:00,55.0,53.38,126.1
2026-10-03 14:58:27-07:00,55.0,53.39,122.7
2026-10-03 14:58:28-07:00,55.0,53.4,120.6
2026-10-03 14:58:29-07:00,55.0,53.4,122.9
2026-10-03 14:58:30-07:00,55.0,53.41,107.5
2026-10-03 14:58:31-07:00,55.0,53.41,109.7
2026-10-03 14:58:32-07:00,55.0,53.41,123.6
2026-10-03 14:58:33-07:00,55.0,53.41,156.6
2026-10-03 14:58:34-07:00,55.0,53.45,8.1
2026-10-03 14:58:35-07:00,55.0,53.41,69.5
2026-10-03 14:58:36-07:00,55.0,53.39,58.5
2026-10-03 14:58:37-07:00,55.0,53.37,22.0
2026-10-03 14:58:38-07:00,55.0,53.33,27.3
2026-10-03 14:58:39-07:00,55.0,53.3,24.2
2026-10-03 14:58:40-07:00,55.0,53.27,21.9
2026-10-03 14:58:41-07:00,55.0,53.23,25.6
2026-10-03 14:58:42-07:00,55.0,53.2,19.3
2026-10-03 14:58:43-07:00,55.0,53.16,29.5
2026-10-03 14:58:44-07:00,55.0,53.13,29.0
2026-10-03 14:58:45-07:00,55.0,53.1,88.2
2026-10-03 14:58:46-07:00,55.0,53.08,84.7
2026-10-03 14:58:47-07:00,55.0,53.07,-33.8
2026-10-03 14:58:48-07:00,55.0,53.04,61.9
2026-10-03 14:58:49-07:00,55.0,53.01,-17.5
2026-10-03 14:58:50-07:00,55.0,52.98,-30.0
2026-10-03 14:58:51-07:00,55.0,52.95,-40.9
2026-10-03 14:58:52-07:00,55.0,52.91,-32.1
2026-10-03 14:58:53-07:00,55.0,52.88,-15.2
2026-10-03 14:58:54-07:00,55.0,52.85,-27.0
2026-10-03 14:58:55-07:00,55.0,52.81,36.1
2026-10-03 14:58:56-07:00,55.0,52.78,-21.3
2026-10-03 14:58:57-07:00,55.0,52.74,45.3
2026-10-03 14:58:58-07:00,55.0,52.71,-30.6
2026-10-03 14:58:59-07:00,55.0,52.67,0.0
2026-10-03 14:59:00-07:00,55.0,52.63,0.0
2026-10-03 14:59:01-07:00,55.0,52.59,0.0
2026-10-03 14:59:02-07:00,55.0,52.55,0.0
2026-10-03 14:59:03-07:00,55.0,52.51,0.0
2026-10-03 14:59:04-07:00,55.0,52.47,0.0
2026-10-03 14:59:05-07:00,55.0,52.43,0.0
2026-10-03 14:59:06-07:00,55.0,52.39,0.0
2026-10-03 14:59:07-07:00,55.0,52.35,0.0
2026-10-03 14:59:08-07:00,55.0,52.31,0.0
2026-10-03 14:59:09-07:00,55.0,52.27,0.0
2026-10-03 14:59:10-07:00,55.0,52.23,0.0
2026-10-03 14:59:11-07:00,55.0,52.19,0.0
2026-10-03 14:59:12-07:00,55.0,52.15,0.0
2026-10-03 14:59:13-07:00,55.0,52.11,0.0
2026-10-03 14:59:14-07:00,55.0,52.07,0.0
2026-10-03 14:59:15-07:00,55.0,52.04,0.0
2026-10-03 14:59:16-07:00,55.0,52.0,0.0
2026-10-03 14:59:17-07:00,55.0,51.96,0.0
2026-10-03 14:59:18-07:00,55.0,51.92,0.0
2026-10-03 14:59:19-07:00,55.0,51.88,0.0
2026-10-03 14:59:20-07:00,55.0,51.84,0.0
2026-10-03 14:59:21-07:00,55.0,51.8,0.0
2026-10-03 14:59:22-07:00,55.0,51.76,0.0
2026-10-03 14:59:23-07:00,55.0,51.72,0.0
2026-10-03 14:59:24-07:00,55.0,51.68,0.0
2026-10-03 14:59:25-07:00,55.0,51.65,0.0
2026-10-03 14:59:26-07:00,55.0,51.61,0.0
2026-10-03 14:59:27-07:00,55.0,51.57,0.0
2026-10-03 14:59:28-07:00,55.0,51.53,0.0
2026-10-03 14:59:29-07:00,55.0,51.49,0.0
2026-10-03 14:59:30-07:00,55.0,51.45,0.0
2026-10-03 14:59:31-07:00,55.0,51.41,0.0
2026-10-03 14:59:32-07:00,55.0,51.38,0.0
2026-10-03 14:59:33-07:00,55.0,51.34,0.0
2026-10-03 14:59:34-07:00,55.0,51.3,0.0
2026-10-03 14:59:35-07:00,55.0,51.26,0.0
2026-10-03 14:59:36-07:00,55.0,51.22,0.0
2026-10-03 14:59:37-07:00,55.0,51.18,0.0
2026-10-03 14:59:38-07:00,55.0,51.15,0.0
2026-10-03 14:59:39-07:00,55.0,51.11,0.0
2026-10-03 14:59:40-07:00,55.0,51.07,0.0
2026-10-03 14:59:41-07:00,55.0,51.03,0.0
2026-10-03 14:59:42-07:00,55.0,50.99,0.0
2026-10-03 14:59:43-07:00,55.0,50.96,0.0
2026-10-03 14:59:44-07:00,55.0,50.92,0.0
2026-10-03 14:59:45-07:00,55.0,50.88,0.0
2026-10-03 14:59:46-07:00,55.0,50.84,0.0
2026-10-03 14:59:47-07:00,55.0,50.8,0.0
2026-10-03 14:59:48-07:00,55.0,50.77,0.0
2026-10-03 14:59:49-07:00,55.0,50.73,0.0
2026-10-03 14:59:50-07:00,55.0,50.69,0.0
2026-10-03 14:59:51-07:00,55.0,50.65,0.0
2026-10-03 14:59:52-07:00,55.0,50.62,0.0
2026-10-03 14:59:53-07:00,55.0,50.58,0.0
2026-10-03 14:59:54-07:00,55.0,50.54,0.0
2026-10-03 14:59:55-07:00,55.0,50.5,0.0
2026-10-03 14:59:56-07:00,50.0,50.47,0.0
2026-10-03 14:59:57-07:00,50.0,50.43,0.0
2026-10-03 14:59:58-07:00,50.0,50.39,0.0
2026-10-03 14:59:59-07:00,50.0,50.35,0.0
2026-10-03 15:00:00-07:00,50.0,50.32,0.0
2026-10-03 15:00:01-07:00,50.0,50.28,0.0
2026-10-03 15:00:02-07:00,50.0,50.24,0.0
2026-10-03 15:00:03-07:00,50.0,50.21,0.0
2026-10-03 15:00:04-07:00,50.0,50.17,0.0
2026-10-03 15:00:05-07:00,50.0,50.13,0.0
2026-10-03 15:00:06-07:00,50.0,50.1,0.0
2026-10-03 15:00:07-07:00,50.0,50.06,0.0
2026-10-03 15:00:08-07:00,50.0,50.02,0.0
2026-10-03 15:00:09-07:00,50.0,49.99,0.0
2026-10-03 15:00:10-07:00,50.0,49.95,0.0
2026-10-03 15:00:11-07:00,50.0,49.91,0.0
2026-10-03 15:00:12-07:00,50.0,49.88,0.0
2026-10-03 15:00:13-07:00,50.0,49.84,0.0
2026-10-03 15:00:14-07:00,50.0,49.8,0.0
2026-10-03 15:00:15-07:00,50.0,49.77,0.0
2026-10-03 15:00:16-07:00,50.0,49.73,0.0
2026-10-03 15:00:17-07:00,50.0,49.69,0.0
2026-10-03 15:00:18-07:00,50.0,49.66,0.0
2026-10-03 15:00:19-07:00,50.0,49.62,0.0
2026-10-03 15:00:20-07:00,50.0,49.59,0.0
2026-10-03 15:00:21-07:00,50.0,49.55,0.0
2026-10-03 15:00:22-07:00,50.0,49.51,0.0
2026-10-03 15:00:23-07:00,50.0,49.48,0.0
2026-10-03 15:00:24-07:00,50.0,49.44,0.0
2026-10-03 15:00:25-07:00,50.0,49.4,0.0
2026-10-03 15:00:26-07:00,50.0,49.37,0.0
2026-10-03 15:00:27-07:00,50.0,49.33,0.0
2026-10-03 15:00:28-07:00,50.0,49.3,0.0
2026-10-03 15:00:29-07:00,50.0,49.26,0.0
2026-10-03 15:00:30-07:00,50.0,49.23,0.0
2026-10-03 15:00:31-07:00,50.0,49.19,0.0
2026-10-03 15:00:32-07:00,50.0,49.15,0.0
2026-10-03 15:00:33-07:00,50.0,49.12,0.0
2026-10-03 15:00:34-07:00,50.0,49.08,0.0
2026-10-03 15:00:35-07:00,50.0,49.05,0.0
2026-10-03 15:00:36-07:00,50.0,49.01,0.0
2026-10-03 15:00:37-07:00,50.0,48.98,0.0
2026-10-03 15:00:38-07:00,50.0,48.94,0.0
2026-10-03 15:00:39-07:00,50.0,48.91,0.0
2026-10-03 15:00:40-07:00,50.0,48.87,0.0
2026-10-03 15:00:41-07:00,50.0,48.84,0.0
2026-10-03 15:00:42-07:00,50.0,48.8,0.0
2026-10-03 15:00:43-07:00,50.0,48.77,0.0
2026-10-03 15:00:44-07:00,50.0,48.73,0.0
2026-10-03 15:00:45-07:00,50.0,48.69,0.0
2026-10-03 15:00:46-07:00,50.0,48.66,0.0
2026-10-03 15:00:47-07:00,50.0,48.62,0.0
2026-10-03 15:00:48-07:00,50.0,48.59,0.0
2026-10-03 15:00:49-07:00,50.0,48.56,0.0
2026-10-03 15:00:50-07:00,50.0,48.52,0.0
2026-10-03 15:00:51-07:00,50.0,48.49,0.0
2026-10-03 15:00:52-07:00,50.0,48.45,0.0
2026-10-03 15:00:53-07:00,50.0,48.42,0.0
2026-10-03 15:00:54-07:00,50.0,48.38,0.0
2026-10-03 15:00:55-07:00,50.0,48.35,0.0
2026-10-03 15:00:56-07:00,50.0,48.31,0.0
2026-10-03 15:00:57-07:00,50.0,48.28,0.0
2026-10-03 15:00:58-07:00,50.0,48.24,0.0
2026-10-03 15:00:59-07:00,50.0,48.21,0.0
2026-10-03 15:01:00-07:00,50.0,48.17,0.0
2026-10-03 15:01:01-07:00,50.0,48.14,0.0
2026-10-03 15:01:02-07:00,50.0,48.11,0.0
2026-10-03 15:01:03-07:00,50.0,48.07,0.0
2026-10-03 15:01:04-07:00,50.0,48.04,0.0
2026-10-03 15:01:05-07:00,50.0,48.0,0.0
2026-10-03 15:01:06-07:00,50.0,47.97,0.0
2026-10-03 15:01:07-07:00,50.0,47.93,0.0
2026-10-03 15:01:08-07:00,50.0,47.9,0.0
2026-10-03 15:01:09-07:00,50.0,47.87,0.0
2026-10-03 15:01:10-07:00,50.0,47.83,0.0
2026-10-03 15:01:11-07:00,50.0,47.8,0.0
2026-10-03 15:01:12-07:00,50.0,47.76,0.0
2026-10-03 15:01:13-07:00,50.0,47.73,0.0
2026-10-03 15:01:14-07:00,50.0,47.7,0.0
2026-10-03 15:01:15-07:00,50.0,47.66,0.0
2026-10-03 15:01:16-07:00,50.0,47.63,0.0
2026-10-03 15:01:17-07:00,50.0,47.6,0.0
2026-10-03 15:01:18-07:00,50.0,47.56,0.0
2026-10-03 15:01:19-07:00,50.0,47.53,0.0
2026-10-03 15:01:20-07:00,50.0,47.49,0.0
2026-10-03 15:01:21-07:00,50.0,47.46,0.0
2026-10-03 15:01:22-07:00,50.0,47.43,0.0
2026-10-03 15:01:23-07:00,50.0,47.39,0.0
2026-10-03 15:01:24-07:00,50.0,47.36,0.0
2026-10-03 15:01:25-07:00,50.0,47.33,0.0
2026-10-03 15:01:26-07:00,50.0,47.29,0.0
2026-10-03 15:01:27-07:00,50.0,47.26,0.0
2026-10-03 15:01:28-07:00,50.0,47.23,0.0
2026-10-03 15:01:29-07:00,50.0,47.19,0.0
2026-10-03 15:01:30-07:00,50.0,47.16,0.0
2026-10-03 15:01:31-07:00,50.0,47.13,0.0
2026-10-03 15:01:32-07:00,50.0,47.1,0.0
2026-10-03 15:01:33-07:00,50.0,47.06,0.0
2026-10-03 15:01:34-07:00,50.0,47.03,0.0
2026-10-03 15:01:35-07:00,50.0,47.0,0.0
2026-10-03 15:01:36-07:00,50.0,46.96,0.0
2026-10-03 15:01:37-07:00,50.0,46.93,0.0
2026-10-03 15:01:38-07:00,50.0,46.9,0.0
2026-10-03 15:01:39-07:00,50.0,46.87,0.0
2026-10-03 15:01:40-07:00,50.0,46.83,0.0
2026-10-03 15:01:41-07:00,50.0,46.8,0.0
2026-10-03 15:01:42-07:00,50.0,46.77,0.0
2026-10-03 15:01:43-07:00,50.0,46.73,0.0
2026-10-03 15:01:44-07:00,50.0,46.7,0.0
2026-10-03 15:01:45-07:00,50.0,46.67,0.0
2026-10-03 15:01:46-07:00,50.0,46.64,0.0
2026-10-03 15:01:47-07:00,50.0,46.6,0.0
2026-10-03 15:01:48-07:00,50.0,46.57,0.0
2026-10-03 15:01:49-07:00,50.0,46.54,185.3
2026-10-03 15:01:50-07:00,50.0,46.6,290.7
2026-10-03 15:01:51-07:00,50.0,46.81,315.2
2026-10-03 15:01:52-07:00,50.0,47.06,143.3
2026-10-03 15:01:53-07:00,50.0,47.08,47.5
2026-10-03 15:01:54-07:00,50.0,47.06,194.4
2026-10-03 15:01:55-07:00,50.0,47.13,400.8
2026-10-03 15:01:56-07:00,50.0,47.55,119.5
2026-10-03 15:01:57-07:00,50.0,47.56,179.7
2026-10-03 15:01:58-07:00,50.0,47.62,272.8
2026-10-03 15:01:59-07:00,50.0,47.8,258.3
2026-10-03 15:02:00-07:00,50.0,47.95,331.9
2026-10-03 15:02:01-07:00,50.0,48.23,278.2
2026-10-03 15:02:02-07:00,50.0,48.42,286.3
2026-10-03 15:02:03-07:00,50.0,48.62,292.5
2026-10-03 15:02:04-07:00,50.0,48.83,272.1
2026-10-03 15:02:05-07:00,50.0,49.01,193.8
2026-10-03 15:02:06-07:00,50.0,49.09,154.2
2026-10-03 15:02:07-07:00,50.0,49.12,139.1
2026-10-03 15:02:08-07:00,55.0,49.15,302.7
2026-10-03 15:02:09-07:00,55.0,49.38,304.6
2026-10-03 15:02:10-07:00,55.0,49.61,301.3
2026-10-03 15:02:11-07:00,55.0,49.84,101.5
2026-10-03 15:02:12-07:00,55.0,49.84,44.8
2026-10-03 15:02:13-07:00,55.0,49.82,60.6
2026-10-03 15:02:14-07:00,55.0,49.8,42.8
2026-10-03 15:02:15-07:00,55.0,49.78,33.7
2026-10-03 15:02:16-07:00,55.0,49.75,18.1
2026-10-03 15:02:17-07:00,55.0,49.72,66.4
2026-10-03 15:02:18-07:00,55.0,49.71,287.5
2026-10-03 15:02:19-07:00,55.0,49.91,297.1
2026-10-03 15:02:20-07:00,55.0,50.13,318.8
2026-10-03 15:02:21-07:00,55.0,50.39,298.6
2026-10-03 15:02:22-07:00,55.0,50.62,290.0
2026-10-03 15:02:23-07:00,55.0,50.83,291.0
2026-10-03 15:02:24-07:00,55.0,51.04,304.8
2026-10-03 15:02:25-07:00,55.0,51.27,196.1
2026-10-03 15:02:26-07:00,55.0,51.36,34.1
2026-10-03 15:02:27-07:00,55.0,51.34,33.8
2026-10-03 15:02:28-07:00,55.0,51.31,38.7
2026-10-03 15:02:29-07:00,55.0,51.29,30.4
2026-10-03 15:02:30-07:00,55.0,51.27,35.3
2026-10-03 15:02:31-07:00,55.0,51.24,48.3
2026-10-03 15:02:32-07:00,60.0,51.22,37.1
2026-10-03 15:02:33-07:00,60.0,51.2,35.2
2026-10-03 15:02:34-07:00,60.0,51.17,113.9
2026-10-03 15:02:35-07:00,60.0,51.18,311.1
2026-10-03 15:02:36-07:00,60.0,51.42,281.6
2026-10-03 15:02:37-07:00,60.0,51.61,321.8
2026-10-03 15:02:38-07:00,60.0,51.87,292.9
2026-10-03 15:02:39-07:00,60.0,52.09,286.3
2026-10-03 15:02:40-07:00,60.0,52.29,329.1
2026-10-03 15:02:41-07:00,60.0,52.56,295.3
2026-10-03 15:02:42-07:00,60.0,52.78,291.9
2026-10-03 15:02:43-07:00,60.0,52.99,194.6
2026-10-03 15:02:44-07:00,60.0,53.07,108.3
2026-10-03 15:02:45-07:00,60.0,53.07,118.9
2026-10-03 15:02:46-07:00,60.0,53.08,110.8
2026-10-03 15:02:47-07:00,60.0,53.09,129.9
2026-10-03 15:02:48-07:00,60.0,53.11,120.5
2026-10-03 15:02:49-07:00,60.0,53.12,119.9
2026-10-03 15:02:50-07:00,60.0,53.12,104.7
2026-10-03 15:02:51-07:00,60.0,53.12,107.6
2026-10-03 15:02:52-07:00,60.0,53.12,23.5
2026-10-03 15:02:53-07:00,60.0,53.09,304.2
2026-10-03 15:02:54-07:00,60.0,53.32,281.2
2026-10-03 15:02:55-07:00,60.0,53.51,316.7
2026-10-03 15:02:56-07:00,60.0,53.76,312.7
2026-10-03 15:02:57-07:00,60.0,54.0,293.7
2026-10-03 15:02:58-07:00,60.0,54.21,295.2
2026-10-03 15:02:59-07:00,60.0,54.43,113.8
2026-10-03 15:03:00-07:00,60.0,54.43,49.5
2026-10-03 15:03:01-07:00,60.0,54.41,255.9
2026-10-03 15:03:02-07:00,60.0,54.56,287.8
2026-10-03 15:03:03-07:00,60.0,54.77,157.2
2026-10-03 15:03:04-07:00,60.0,54.81,65.6
2026-10-03 15:03:05-07:00,60.0,54.79,49.0
2026-10-03 15:03:06-07:00,60.0,54.76,63.1
2026-10-03 15:03:07-07:00,60.0,54.75,67.9
2026-10-03 15:03:08-07:00,60.0,54.73,67.4
2026-10-03 15:03:09-07:00,60.0,54.71,69.2
2026-10-03 15:03:10-07:00,60.0,54.69,64.9
2026-10-03 15:03:11-07:00,60.0,54.67,90.3
2026-10-03 15:03:12-07:00,60.0,54.65,160.6
2026-10-03 15:03:13-07:00,60.0,54.69,179.7
2026-10-03 15:03:14-07:00,60.0,54.75,244.3
2026-10-03 15:03:15-07:00,60.0,54.88,298.5
2026-10-03 15:03:16-07:00,60.0,55.1,289.3
2026-10-03 15:03:17-07:00,60.0,55.3,245.8
2026-10-03 15:03:18-07:00,60.0,55.43,184.3
2026-10-03 15:03:19-07:00,65.0,55.5,177.0
2026-10-03 15:03:20-07:00,65.0,55.55,139.6
2026-10-03 15:03:21-07:00,65.0,55.57,106.7
2026-10-03 15:03:22-07:00,65.0,55.57,99.4
2026-10-03 15:03:23-07:00,65.0,55.56,97.2
2026-10-03 15:03:24-07:00,65.0,55.56,91.5
2026-10-03 15:03:25-07:00,65.0,55.55,87.0
2026-10-03 15:03:26-07:00,65.0,55.53,83.0
2026-10-03 15:03:27-07:00,65.0,55.52,61.0
2026-10-03 15:03:28-07:00,65.0,55.49,68.9
2026-10-03 15:03:29-07:00,65.0,55.47,61.3
2026-10-03 15:03:30-07:00,65.0,55.45,62.1
2026-10-03 15:03:31-07:00,65.0,55.42,49.8
2026-10-03 15:03:32-07:00,65.0,55.4,51.7
2026-10-03 15:03:33-07:00,65.0,55.37,87.7
2026-10-03 15:03:34-07:00,65.0,55.35,91.7
2026-10-03 15:03:35-07:00,65.0,55.34,99.4
2026-10-03 15:03:36-07:00,65.0,55.34,97.5
2026-10-03 15:03:37-07:00,65.0,55.33,112.1
2026-10-03 15:03:38-07:00,65.0,55.33,118.7
2026-10-03 15:03:39-07:00,65.0,55.33,138.6
2026-10-03 15:03:40-07:00,65.0,55.35,109.7
2026-10-03 15:03:41-07:00,65.0,55.35,119.2
2026-10-03 15:03:42-07:00,65.0,55.36,105.4
2026-10-03 15:03:43-07:00,65.0,55.36,108.0
2026-10-03 15:03:44-07:00,65.0,55.36,113.6
2026-10-03 15:03:45-07:00,65.0,55.36,106.0
2026-10-03 15:03:46-07:00,65.0,55.36,53.3
2026-10-03 15:03:47-07:00,65.0,55.33,55.5
2026-10-03 15:03:48-07:00,65.0,55.31,56.0
2026-10-03 15:03:49-07:00,65.0,55.28,56.8
2026-10-03 15:03:50-07:00,65.0,55.26,65.7
2026-10-03 15:03:51-07:00,65.0,55.24,64.2
2026-10-03 15:03:52-07:00,65.0,55.21,97.4
2026-10-03 15:03:53-07:00,65.0,55.2,147.3
2026-10-03 15:03:54-07:00,65.0,55.23,238.9
2026-10-03 15:03:55-07:00,65.0,55.35,294.2
2026-10-03 15:03:56-07:00,65.0,55.56,267.1
2026-10-03 15:03:57-07:00,65.0,55.73,244.1
2026-10-03 15:03:58-07:00,65.0,55.86,198.0
2026-10-03 15:03:59-07:00,65.0,55.93,164.2
2026-10-03 15:04:00-07:00,65.0,55.98,118.9
2026-10-03 15:04:01-07:00,65.0,55.98,104.3
2026-10-03 15:04:02-07:00,65.0,55.98,96.6
2026-10-03 15:04:03-07:00,65.0,55.97,85.5
2026-10-03 15:04:04-07:00,65.0,55.95,85.4
2026-10-03 15:04:05-07:00,65.0,55.94,92.8
2026-10-03 15:04:06-07:00,65.0,55.93,97.1
2026-10-03 15:04:07-07:00,65.0,55.92,82.0
2026-10-03 15:04:08-07:00,65.0,55.9,86.6
2026-10-03 15:04:09-07:00,65.0,55.89,101.7
2026-10-03 15:04:10-07:00,65.0,55.88,83.9
2026-10-03 15:04:11-07:00,65.0,55.87,126.7
2026-10-03 15:04:12-07:00,65.0,55.88,85.7
2026-10-03 15:04:13-07:00,65.0,55.86,94.2
2026-10-03 15:04:14-07:00,65.0,55.85,95.7
2026-10-03 15:04:15-07:00,65.0,55.84,138.3
2026-10-03 15:04:16-07:00,65.0,55.86,139.9
2026-10-03 15:04:17-07:00,65.0,55.88,113.5
2026-10-03 15:04:18-07:00,65.0,55.88,117.7
2026-10-03 15:04:19-07:00,65.0,55.89,122.2
2026-10-03 15:04:20-07:00,65.0,55.89,94.3
2026-10-03 15:04:21-07:00,65.0,55.88,124.7
2026-10-03 15:04:22-07:00,65.0,55.89,160.8
2026-10-03 15:04:23-07:00,65.0,55.93,90.3
2026-10-03 15:04:24-07:00,65.0,55.92,96.4
2026-10-03 15:04:25-07:00,65.0,55.91,89.2
2026-10-03 15:04:26-07:00,65.0,55.9,75.1
2026-10-03 15:04:27-07:00,65.0,55.88,67.4
2026-10-03 15:04:28-07:00,65.0,55.86,-5.0
2026-10-03 15:04:29-07:00,65.0,55.83,10.5
2026-10-03 15:04:30-07:00,65.0,55.79,23.7
2026-10-03 15:04:31-07:00,65.0,55.76,30.5
2026-10-03 15:04:32-07:00,65.0,55.73,32.7
2026-10-03 15:04:33-07:00,65.0,55.69,40.4
2026-10-03 15:04:34-07:00,65.0,55.66,63.6
2026-10-03 15:04:35-07:00,65.0,55.64,149.7
2026-10-03 15:04:36-07:00,65.0,55.66,218.2
2026-10-03 15:04:37-07:00,65.0,55.76,220.1
2026-10-03 15:04:38-07:00,65.0,55.86,214.6
2026-10-03 15:04:39-07:00,65.0,55.95,172.8
2026-10-03 15:04:40-07:00,65.0,56.0,174.5
2026-10-03 15:04:41-07:00,65.0,56.05,184.1
2026-10-03 15:04:42-07:00,65.0,56.11,151.9
2026-10-03 15:04:43-07:00,65.0,56.14,130.1
2026-10-03 15:04:44-07:00,65.0,56.15,99.3
2026-10-03 15:04:45-07:00,65.0,56.14,147.6
2026-10-03 15:04:46-07:00,65.0,56.17,117.2
2026-10-03 15:04:47-07:00,65.0,56.17,90.4
2026-10-03 15:04:48-07:00,65.0,56.16,99.7
2026-10-03 15:04:49-07:00,65.0,56.15,98.6
2026-10-03 15:04:50-07:00,65.0,56.14,128.5
2026-10-03 15:04:51-07:00,65.0,56.15,127.1
2026-10-03 15:04:52-07:00,65.0,56.16,106.2
2026-10-03 15:04:53-07:00,65.0,56.16,59.5
2026-10-03 15:04:54-07:00,65.0,56.13,65.4
2026-10-03 15:04:55-07:00,65.0,56.11,90.0
2026-10-03 15:04:56-07:00,65.0,56.09,174.1
2026-10-03 15:04:57-07:00,65.0,56.14,244.4
2026-10-03 15:04:58-07:00,65.0,56.27,250.2
2026-10-03 15:04:59-07:00,65.0,56.41,204.0
2026-10-03 15:05:00-07:00,65.0,56.5,171.9
2026-10-03 15:05:01-07:00,65.0,56.55,114.4
2026-10-03 15:05:02-07:00,65.0,56.55,114.1
2026-10-03 15:05:03-07:00,65.0,56.55,129.9
2026-10-03 15:05:04-07:00,65.0,56.56,109.3
2026-10-03 15:05:05-07:00,65.0,56.56,116.6
2026-10-03 15:05:06-07:00,65.0,56.56,130.8
2026-10-03 15:05:07-07:00,65.0,56.57,123.3
2026-10-03 15:05:08-07:00,65.0,56.58,141.0
2026-10-03 15:05:09-07:00,65.0,56.6,138.9
2026-10-03 15:05:10-07:00,65.0,56.62,138.5
2026-10-03 15:05:11-07:00,65.0,56.64,98.7
2026-10-03 15:05:12-07:00,65.0,56.63,121.6
2026-10-03 15:05:13-07:00,65.0,56.63,56.7
2026-10-03 15:05:14-07:00,65.0,56.61,38.5
2026-10-03 15:05:15-07:00,65.0,56.57,43.2
2026-10-03 15:05:16-07:00,65.0,56.54,52.8
2026-10-03 15:05:17-07:00,65.0,56.51,56.4
2026-10-03 15:05:18-07:00,65.0,56.49,157.0
2026-10-03 15:05:19-07:00,65.0,56.52,170.4
2026-10-03 15:05:20-07:00,65.0,56.56,146.9
2026-10-03 15:05:21-07:00,65.0,56.59,132.1
2026-10-03 15:05:22-07:00,65.0,56.6,160.4
2026-10-03 15:05:23-07:00,65.0,56.63,144.8
2026-10-03 15:05:24-07:00,65.0,56.65,66.8
2026-10-03 15:05:25-07:00,65.0,56.63,47.8
2026-10-03 15:05:26-07:00,65.0,56.6,44.8
2026-10-03 15:05:27-07:00,65.0,56.57,37.2
2026-10-03 15:05:28-07:00,65.0,56.53,40.9
2026-10-03 15:05:29-07:00,65.0,56.5,69.6
2026-10-03 15:05:30-07:00,65.0,56.47,109.3
2026-10-03 15:05:31-07:00,65.0,56.46,138.9
2026-10-03 15:05:32-07:00,65.0,56.48,127.6
2026-10-03 15:05:33-07:00,65.0,56.48,199.0
2026-10-03 15:05:34-07:00,65.0,56.55,234.7
2026-10-03 15:05:35-07:00,65.0,56.67,251.8
2026-10-03 15:05:36-07:00,65.0,56.81,238.6
2026-10-03 15:05:37-07:00,65.0,56.93,238.5
2026-10-03 15:05:38-07:00,65.0,57.05,206.2
2026-10-03 15:05:39-07:00,65.0,57.13,172.5
2026-10-03 15:05:40-07:00,65.0,57.17,129.2
2026-10-03 15:05:41-07:00,65.0,57.18,106.4
2026-10-03 15:05:42-07:00,65.0,57.18,69.7
2026-10-03 15:05:43-07:00,65.0,57.15,75.8
2026-10-03 15:05:44-07:00,65.0,57.13,101.5
2026-10-03 15:05:45-07:00,65.0,57.12,97.4
2026-10-03 15:05:46-07:00,65.0,57.11,103.0
2026-10-03 15:05:47-07:00,65.0,57.1,118.5
2026-10-03 15:05:48-07:00,65.0,57.1,159.1
2026-10-03 15:05:49-07:00,65.0,57.14,143.4
2026-10-03 15:05:50-07:00,65.0,57.16,297.4
2026-10-03 15:05:51-07:00,65.0,57.37,301.2
2026-10-03 15:05:52-07:00,65.0,57.59,279.9
2026-10-03 15:05:53-07:00,65.0,57.77,268.3
2026-10-03 15:05:54-07:00,65.0,57.94,206.3
2026-10-03 15:05:55-07:00,65.0,58.02,165.2
2026-10-03 15:05:56-07:00,65.0,58.06,135.7
2026-10-03 15:05:57-07:00,65.0,58.08,143.3
2026-10-03 15:05:58-07:00,65.0,58.1,146.2
2026-10-03 15:05:59-07:00,65.0,58.12,145.3
2026-10-03 15:06:00-07:00,65.0,58.14,163.0
2026-10-03 15:06:01-07:00,65.0,58.18,142.8
2026-10-03 15:06:02-07:00,65.0,58.2,141.9
2026-10-03 15:06:03-07:00,65.0,58.22,158.0
2026-10-03 15:06:04-07:00,65.0,58.25,140.4
2026-10-03 15:06:05-07:00,65.0,58.26,165.1
2026-10-03 15:06:06-07:00,65.0,58.3,142.8
2026-10-03 15:06:07-07:00,65.0,58.32,137.2
2026-10-03 15:06:08-07:00,65.0,58.33,166.5
2026-10-03 15:06:09-07:00,65.0,58.37,183.1
2026-10-03 15:06:10-07:00,65.0,58.42,181.3
2026-10-03 15:06:11-07:00,65.0,58.47,300.3
2026-10-03 15:06:12-07:00,65.0,58.69,289.5
2026-10-03 15:06:13-07:00,65.0,58.88,268.2
2026-10-03 15:06:14-07:00,65.0,59.04,307.8
2026-10-03 15:06:15-07:00,65.0,59.27,155.3
2026-10-03 15:06:16-07:00,65.0,59.3,165.3
2026-10-03 15:06:17-07:00,65.0,59.34,161.4
2026-10-03 15:06:18-07:00,65.0,59.37,172.9
2026-10-03 15:06:19-07:00,65.0,59.42,313.5
2026-10-03 15:06:20-07:00,65.0,59.65,272.8
2026-10-03 15:06:21-07:00,65.0,59.83,165.7
2026-10-03 15:06:22-07:00,65.0,59.86,93.6
2026-10-03 15:06:23-07:00,65.0,59.85,127.2
2026-10-03 15:06:24-07:00,65.0,59.86,121.3
2026-10-03 15:06:25-07:00,65.0,59.86,118.7
2026-10-03 15:06:26-07:00,65.0,59.86,121.4
2026-10-03 15:06:27-07:00,65.0,59.86,117.8
2026-10-03 15:06:28-07:00,65.0,59.86,121.1
2026-10-03 15:06:29-07:00,65.0,59.86,152.1
2026-10-03 15:06:30-07:00,65.0,59.89,156.6
2026-10-03 15:06:31-07:00,65.0,59.91,176.3
2026-10-03 15:06:32-07:00,65.0,59.96,167.8
2026-10-03 15:06:33-07:00,65.0,60.0,297.2
2026-10-03 15:06:34-07:00,70.0,60.21,291.6
2026-10-03 15:06:35-07:00,65.0,60.41,299.8
2026-10-03 15:06:36-07:00,70.0,60.62,133.7
2026-10-03 15:06:37-07:00,70.0,60.63,120.2
2026-10-03 15:06:38-07:00,70.0,60.63,139.7
2026-10-03 15:06:39-07:00,70.0,60.65,131.4
2026-10-03 15:06:40-07:00,70.0,60.66,113.0
2026-10-03 15:06:41-07:00,70.0,60.65,139.7
2026-10-03 15:06:42-07:00,70.0,60.67,126.5
2026-10-03 15:06:43-07:00,70.0,60.68,115.8
2026-10-03 15:06:44-07:00,70.0,60.67,127.7
2026-10-03 15:06:45-07:00,70.0,60.68,116.1
2026-10-03 15:06:46-07:00,70.0,60.68,125.2
2026-10-03 15:06:47-07:00,70.0,60.68,129.6
2026-10-03 15:06:48-07:00,70.0,60.68,125.1
2026-10-03 15:06:49-07:00,70.0,60.68,195.7
2026-10-03 15:06:50-07:00,70.0,60.75,180.8
2026-10-03 15:06:51-07:00,70.0,60.8,220.6
2026-10-03 15:06:52-07:00,70.0,60.89,205.4
2026-10-03 15:06:53-07:00,70.0,60.97,207.5
2026-10-03 15:06:54-07:00,70.0,61.04,180.4
2026-10-03 15:06:55-07:00,70.0,61.09,151.6
2026-10-03 15:06:56-07:00,70.0,61.12,168.9
2026-10-03 15:06:57-07:00,70.0,61.15,153.7
2026-10-03 15:06:58-07:00,70.0,61.18,122.3
2026-10-03 15:06:59-07:00,70.0,61.18,98.9
2026-10-03 15:07:00-07:00,70.0,61.17,77.6
2026-10-03 15:07:01-07:00,70.0,61.14,57.2
2026-10-03 15:07:02-07:00,70.0,61.11,56.0
2026-10-03 15:07:03-07:00,70.0,61.08,43.7
2026-10-03 15:07:04-07:00,70.0,61.04,41.8
2026-10-03 15:07:05-07:00,70.0,61.0,43.2
2026-10-03 15:07:06-07:00,70.0,60.96,61.3
2026-10-03 15:07:07-07:00,70.0,60.93,61.9
2026-10-03 15:07:08-07:00,70.0,60.9,59.8
2026-10-03 15:07:09-07:00,70.0,60.86,67.4
2026-10-03 15:07:10-07:00,70.0,60.83,68.5
2026-10-03 15:07:11-07:00,70.0,60.8,71.2
2026-10-03 15:07:12-07:00,70.0,60.77,71.7
2026-10-03 15:07:13-07:00,70.0,60.74,70.2
2026-10-03 15:07:14-07:00,70.0,60.7,70.4
2026-10-03 15:07:15-07:00,70.0,60.67,87.0
2026-10-03 15:07:16-07:00,70.0,60.65,55.9
2026-10-03 15:07:17-07:00,70.0,60.61,97.5
2026-10-03 15:07:18-07:00,70.0,60.59,92.5
2026-10-03 15:07:19-07:00,70.0,60.57,66.1
2026-10-03 15:07:20-07:00,70.0,60.53,40.7
2026-10-03 15:07:21-07:00,70.0,60.49,60.5
2026-10-03 15:07:22-07:00,70.0,60.45,46.8
2026-10-03 15:07:23-07:00,70.0,60.41,35.2
2026-10-03 15:07:24-07:00,70.0,60.36,57.2
2026-10-03 15:07:25-07:00,70.0,60.33,37.2
2026-10-03 15:07:26-07:00,70.0,60.28,48.4
2026-10-03 15:07:27-07:00,70.0,60.24,48.8
2026-10-03 15:07:28-07:00,70.0,60.2,57.9
2026-10-03 15:07:29-07:00,70.0,60.16,50.2
2026-10-03 15:07:30-07:00,70.0,60.12,30.8
2026-10-03 15:07:31-07:00,70.0,60.08,35.9
2026-10-03 15:07:32-07:00,70.0,60.03,31.7
2026-10-03 15:07:33-07:00,70.0,59.99,114.8
2026-10-03 15:07:34-07:00,70.0,59.98,43.5
2026-10-03 15:07:35-07:00,70.0,59.93,0.0
2026-10-03 15:07:36-07:00,70.0,59.89,0.0
2026-10-03 15:07:37-07:00,70.0,59.84,0.0
2026-10-03 15:07:38-07:00,70.0,59.79,0.0
2026-10-03 15:07:39-07:00,70.0,59.74,0.0
2026-10-03 15:07:40-07:00,70.0,59.69,35.9
2026-10-03 15:07:41-07:00,70.0,59.64,-30.4
2026-10-03 15:07:42-07:00,70.0,59.6,-32.5
2026-10-03 15:07:43-07:00,70.0,59.55,-29.2
2026-10-03 15:07:44-07:00,70.0,59.51,-25.7
2026-10-03 15:07:45-07:00,70.0,59.46,-29.8
2026-10-03 15:07:46-07:00,70.0,59.42,-32.2
2026-10-03 15:07:47-07:00,70.0,59.37,-31.3
2026-10-03 15:07:48-07:00,70.0,59.33,-31.0
2026-10-03 15:07:49-07:00,70.0,59.28,-26.9
2026-10-03 15:07:50-07:00,70.0,59.24,-26.8
2026-10-03 15:07:51-07:00,70.0,59.19,0.0
2026-10-03 15:07:52-07:00,70.0,59.14,0.0
2026-10-03 15:07:53-07:00,70.0,59.09,0.0
2026-10-03 15:07:54-07:00,70.0,59.05,0.0
2026-10-03 15:07:55-07:00,70.0,59.0,24.5
2026-10-03 15:07:56-07:00,70.0,58.95,0.0
2026-10-03 15:07:57-07:00,65.0,58.9,0.0
2026-10-03 15:07:58-07:00,70.0,58.86,28.9
2026-10-03 15:07:59-07:00,70.0,58.81,28.2
2026-10-03 15:08:00-07:00,70.0,58.77,24.3
2026-10-03 15:08:01-07:00,70.0,58.72,21.5
2026-10-03 15:08:02-07:00,70.0,58.68,20.6
2026-10-03 15:08:03-07:00,70.0,58.63,33.5
2026-10-03 15:08:04-07:00,70.0,58.59,13.8
2026-10-03 15:08:05-07:00,65.0,58.54,35.4
2026-10-03 15:08:06-07:00,65.0,58.5,40.5
2026-10-03 15:08:07-07:00,65.0,58.46,36.7
2026-10-03 15:08:08-07:00,65.0,58.42,26.5
2026-10-03 15:08:09-07:00,65.0,58.37,36.3
2026-10-03 15:08:10-07:00,65.0,58.33,0.0
2026-10-03 15:08:11-07:00,65.0,58.28,32.8
2026-10-03 15:08:12-07:00,65.0,58.24,37.7
2026-10-03 15:08:13-07:00,65.0,58.2,36.1
2026-10-03 15:08:14-07:00,65.0,58.15,30.3
2026-10-03 15:08:15-07:00,65.0,58.11,29.9
2026-10-03 15:08:16-07:00,65.0,58.07,30.5
2026-10-03 15:08:17-07:00,65.0,58.02,30.9
2026-10-03 15:08:18-07:00,65.0,57.98,30.3
2026-10-03 15:08:19-07:00,65.0,57.94,24.6
2026-10-03 15:08:20-07:00,65.0,57.89,29.8
2026-10-03 15:08:21-07:00,65.0,57.85,26.1
2026-10-03 15:08:22-07:00,65.0,57.81,33.6
2026-10-03 15:08:23-07:00,65.0,57.76,28.1
2026-10-03 15:08:24-07:00,65.0,57.72,29.4
2026-10-03 15:08:25-07:00,65.0,57.68,30.3
2026-10-03 15:08:26-07:00,65.0,57.63,0.0
2026-10-03 15:08:27-07:00,65.0,57.59,0.0
2026-10-03 15:08:28-07:00,65.0,57.54,61.4
2026-10-03 15:08:29-07:00,65.0,57.51,129.3
2026-10-03 15:08:30-07:00,65.0,57.51,195.9
2026-10-03 15:08:31-07:00,65.0,57.57,177.8
2026-10-03 15:08:32-07:00,65.0,57.61,35.1
2026-10-03 15:08:33-07:00,65.0,57.57,50.2
2026-10-03 15:08:34-07:00,65.0,57.53,121.7
2026-10-03 15:08:35-07:00,65.0,57.53,76.1
2026-10-03 15:08:36-07:00,65.0,57.5,96.7
2026-10-03 15:08:37-07:00,65.0,57.48,33.9
2026-10-03 15:08:38-07:00,65.0,57.44,56.3
2026-10-03 15:08:39-07:00,65.0,57.41,14.0
2026-10-03 15:08:40-07:00,65.0,57.36,40.9
2026-10-03 15:08:41-07:00,65.0,57.32,20.4
2026-10-03 15:08:42-07:00,65.0,57.28,43.1
2026-10-03 15:08:43-07:00,65.0,57.24,63.5
2026-10-03 15:08:44-07:00,65.0,57.2,46.6
2026-10-03 15:08:45-07:00,65.0,57.17,53.1
2026-10-03 15:08:46-07:00,65.0,57.13,57.7
2026-10-03 15:08:47-07:00,65.0,57.09,57.1
2026-10-03 15:08:48-07:00,65.0,57.06,92.9
2026-10-03 15:08:49-07:00,65.0,57.04,38.2
2026-10-03 15:08:50-07:00,65.0,57.0,94.4
2026-10-03 15:08:51-07:00,65.0,56.98,222.4
2026-10-03 15:08:52-07:00,65.0,57.07,13.0
2026-10-03 15:08:53-07:00,65.0,57.03,99.0
2026-10-03 15:08:54-07:00,65.0,57.01,11.1
2026-10-03 15:08:55-07:00,65.0,56.96,0.0
2026-10-03 15:08:56-07:00,65.0,56.92,0.0
2026-10-03 15:08:57-07:00,65.0,56.87,0.0
2026-10-03 15:08:58-07:00,65.0,56.83,0.0
2026-10-03 15:08:59-07:00,65.0,56.78,0.0
2026-10-03 15:09:00-07:00,65.0,56.74,0.0
2026-10-03 15:09:01-07:00,65.0,56.69,0.0
2026-10-03 15:09:02-07:00,65.0,56.65,0.0
2026-10-03 15:09:03-07:00,65.0,56.6,0.0
2026-10-03 15:09:04-07:00,65.0,56.56,0.0
2026-10-03 15:09:05-07:00,65.0,56.51,0.0
2026-10-03 15:09:06-07:00,65.0,56.47,0.0
2026-10-03 15:09:07-07:00,65.0,56.42,0.0
2026-10-03 15:09:08-07:00,65.0,56.38,0.0
2026-10-03 15:09:09-07:00,65.0,56.33,0.0
2026-10-03 15:09:10-07:00,65.0,56.29,0.0
